lookup_type,inat_taxon_id,scientific_name,rank,common_name,iconic_taxon_name,observations_in_region,inat_observations_global,wikipedia_url,photo_url,photo_license_code,photo_attribution,ScientificName,MatchedCanonical,TaxonId,MatchedName,CurrentName,MatchType,DataSourceId,DataSourceTitle,ClassificationPath,Error,taxon_level,taxon_rank,taxon_rank_source,source_species_count,domain,kingdom,phylum,class,order,family,genus,col_status,col_match_type,col_usage_id,col_dataset_key,col_release_doi,col_source_url,resolver
higher_taxon,,Eukaryota,domain,,,,,,,,,Eukaryota,Eukaryota,CS5HF,Eukaryota,Eukaryota,classification,,,Eukaryota,,higher_taxon,domain,Catalogue of Life,273,Eukaryota,,,,,,,accepted,classification,CS5HF,315834,10.48580/dgykv,https://www.checklistbank.org/dataset/315834,Catalogue of Life 2026-07-17 XR
higher_taxon,,Animalia,kingdom,,Animalia,,,,,,,Animalia,Animalia,N,Animalia,Animalia,classification,,,Eukaryota|Animalia,,higher_taxon,kingdom,Catalogue of Life,89,Eukaryota,Animalia,,,,,,accepted,classification,N,315834,10.48580/dgykv,https://www.checklistbank.org/dataset/315834,Catalogue of Life 2026-07-17 XR
higher_taxon,,Fungi,kingdom,,Fungi,,,,,,,Fungi,Fungi,F,Fungi,Fungi,classification,,,Eukaryota|Fungi,,higher_taxon,kingdom,Catalogue of Life,27,Eukaryota,Fungi,,,,,,accepted,classification,F,315834,10.48580/dgykv,https://www.checklistbank.org/dataset/315834,Catalogue of Life 2026-07-17 XR
higher_taxon,,Plantae,kingdom,,Plantae,,,,,,,Plantae,Plantae,P,Plantae,Plantae,classification,,,Eukaryota|Plantae,,higher_taxon,kingdom,Catalogue of Life,156,Eukaryota,Plantae,,,,,,accepted,classification,P,315834,10.48580/dgykv,https://www.checklistbank.org/dataset/315834,Catalogue of Life 2026-07-17 XR
higher_taxon,,Protozoa,kingdom,,Protozoa,,,,,,,Protozoa,Protozoa,Z,Protozoa,Protozoa,classification,,,Eukaryota|Protozoa,,higher_taxon,kingdom,Catalogue of Life,1,Eukaryota,Protozoa,,,,,,accepted,classification,Z,315834,10.48580/dgykv,https://www.checklistbank.org/dataset/315834,Catalogue of Life 2026-07-17 XR
higher_taxon,,Arthropoda,phylum,,Animalia,,,,,,,Arthropoda,Arthropoda,RT,Arthropoda,Arthropoda,classification,,,Eukaryota|Animalia|Arthropoda,,higher_taxon,phylum,Catalogue of Life,50,Eukaryota,Animalia,Arthropoda,,,,,accepted,classification,RT,315834,10.48580/dgykv,https://www.checklistbank.org/dataset/315834,Catalogue of Life 2026-07-17 XR
higher_taxon,,Ascomycota,phylum,,Fungi,,,,,,,Ascomycota,Ascomycota,SM,Ascomycota,Ascomycota,classification,,,Eukaryota|Fungi|Ascomycota,,higher_taxon,phylum,Catalogue of Life,6,Eukaryota,Fungi,Ascomycota,,,,,accepted,classification,SM,315834,10.48580/dgykv,https://www.checklistbank.org/dataset/315834,Catalogue of Life 2026-07-17 XR
higher_taxon,,Basidiomycota,phylum,,Fungi,,,,,,,Basidiomycota,Basidiomycota,BM,Basidiomycota,Basidiomycota,classification,,,Eukaryota|Fungi|Basidiomycota,,higher_taxon,phylum,Catalogue of Life,21,Eukaryota,Fungi,Basidiomycota,,,,,accepted,classification,BM,315834,10.48580/dgykv,https://www.checklistbank.org/dataset/315834,Catalogue of Life 2026-07-17 XR
higher_taxon,,Bryophyta,phylum,,Plantae,,,,,,,Bryophyta,Bryophyta,BJ5TM,Bryophyta,Bryophyta,classification,,,Eukaryota|Plantae|Bryobiotina|Bryophyta,,higher_taxon,phylum,Catalogue of Life,16,Eukaryota,Plantae,Bryophyta,,,,,accepted,classification,BJ5TM,315834,10.48580/dgykv,https://www.checklistbank.org/dataset/315834,Catalogue of Life 2026-07-17 XR
higher_taxon,,Chordata,phylum,,Animalia,,,,,,,Chordata,Chordata,CH2,Chordata,Chordata,classification,,,Eukaryota|Animalia|Chordata,,higher_taxon,phylum,Catalogue of Life,38,Eukaryota,Animalia,Chordata,,,,,accepted,classification,CH2,315834,10.48580/dgykv,https://www.checklistbank.org/dataset/315834,Catalogue of Life 2026-07-17 XR
higher_taxon,,Marchantiophyta,phylum,,Plantae,,,,,,,Marchantiophyta,Marchantiophyta,9J9G3,Marchantiophyta,Marchantiophyta,classification,,,Eukaryota|Plantae|Bryobiotina|Marchantiophyta,,higher_taxon,phylum,Catalogue of Life,1,Eukaryota,Plantae,Marchantiophyta,,,,,accepted,classification,9J9G3,315834,10.48580/dgykv,https://www.checklistbank.org/dataset/315834,Catalogue of Life 2026-07-17 XR
higher_taxon,,Mollusca,phylum,,Animalia,,,,,,,Mollusca,Mollusca,M2L,Mollusca,Mollusca,classification,,,Eukaryota|Animalia|Mollusca,,higher_taxon,phylum,Catalogue of Life,1,Eukaryota,Animalia,Mollusca,,,,,accepted,classification,M2L,315834,10.48580/dgykv,https://www.checklistbank.org/dataset/315834,Catalogue of Life 2026-07-17 XR
higher_taxon,,Mycetozoa,phylum,,Protozoa,,,,,,,Mycetozoa,Mycetozoa,58,Mycetozoa,Mycetozoa,classification,,,Eukaryota|Protozoa|Mycetozoa,,higher_taxon,phylum,Catalogue of Life,1,Eukaryota,Protozoa,Mycetozoa,,,,,accepted,classification,58,315834,10.48580/dgykv,https://www.checklistbank.org/dataset/315834,Catalogue of Life 2026-07-17 XR
higher_taxon,,Tracheophyta,phylum,,Plantae,,,,,,,Tracheophyta,Tracheophyta,TP,Tracheophyta,Tracheophyta,classification,,,Eukaryota|Plantae|Pteridobiotina|Tracheophyta,,higher_taxon,phylum,Catalogue of Life,139,Eukaryota,Plantae,Tracheophyta,,,,,accepted,classification,TP,315834,10.48580/dgykv,https://www.checklistbank.org/dataset/315834,Catalogue of Life 2026-07-17 XR
higher_taxon,,Agaricomycetes,class,,Fungi,,,,,,,Agaricomycetes,Agaricomycetes,7C,Agaricomycetes,Agaricomycetes,classification,,,Eukaryota|Fungi|Basidiomycota|Agaricomycetes,,higher_taxon,class,Catalogue of Life,21,Eukaryota,Fungi,Basidiomycota,Agaricomycetes,,,,accepted,classification,7C,315834,10.48580/dgykv,https://www.checklistbank.org/dataset/315834,Catalogue of Life 2026-07-17 XR
higher_taxon,,Amphibia,class,,Animalia,,,,,,,Amphibia,Amphibia,PH,Amphibia,Amphibia,classification,,,Eukaryota|Animalia|Chordata|Vertebrata|Gnathostomata|Osteichthyes|Tetrapoda|Amphibia,,higher_taxon,class,Catalogue of Life,3,Eukaryota,Animalia,Chordata,Amphibia,,,,accepted,classification,PH,315834,10.48580/dgykv,https://www.checklistbank.org/dataset/315834,Catalogue of Life 2026-07-17 XR
higher_taxon,,Arachnida,class,,Animalia,,,,,,,Arachnida,Arachnida,CCQKT,Arachnida,Arachnida,classification,,,Eukaryota|Animalia|Arthropoda|Chelicerata|Arachnida,,higher_taxon,class,Catalogue of Life,2,Eukaryota,Animalia,Arthropoda,Arachnida,,,,accepted,classification,CCQKT,315834,10.48580/dgykv,https://www.checklistbank.org/dataset/315834,Catalogue of Life 2026-07-17 XR
higher_taxon,,Aves,class,,Animalia,,,,,,,Aves,Aves,V2,Aves,Aves,classification,,,Eukaryota|Animalia|Chordata|Vertebrata|Gnathostomata|Osteichthyes|Tetrapoda|Aves,,higher_taxon,class,Catalogue of Life,30,Eukaryota,Animalia,Chordata,Aves,,,,accepted,classification,V2,315834,10.48580/dgykv,https://www.checklistbank.org/dataset/315834,Catalogue of Life 2026-07-17 XR
higher_taxon,,Bryopsida,class,,Plantae,,,,,,,Bryopsida,Bryopsida,CHTRW,Bryopsida,Bryopsida,classification,,,Eukaryota|Plantae|Bryobiotina|Bryophyta|Bryopsida,,higher_taxon,class,Catalogue of Life,15,Eukaryota,Plantae,Bryophyta,Bryopsida,,,,accepted,classification,CHTRW,315834,10.48580/dgykv,https://www.checklistbank.org/dataset/315834,Catalogue of Life 2026-07-17 XR
higher_taxon,,Gastropoda,class,,Animalia,,,,,,,Gastropoda,Gastropoda,7NF3Y,Gastropoda,Gastropoda,classification,,,Eukaryota|Animalia|Mollusca|Gastropoda,,higher_taxon,class,Catalogue of Life,1,Eukaryota,Animalia,Mollusca,Gastropoda,,,,accepted,classification,7NF3Y,315834,10.48580/dgykv,https://www.checklistbank.org/dataset/315834,Catalogue of Life 2026-07-17 XR
higher_taxon,,Insecta,class,,Animalia,,,,,,,Insecta,Insecta,H6,Insecta,Insecta,classification,,,Eukaryota|Animalia|Arthropoda|Hexapoda|Insecta,,higher_taxon,class,Catalogue of Life,48,Eukaryota,Animalia,Arthropoda,Insecta,,,,accepted,classification,H6,315834,10.48580/dgykv,https://www.checklistbank.org/dataset/315834,Catalogue of Life 2026-07-17 XR
higher_taxon,,Jungermanniopsida,class,,Plantae,,,,,,,Jungermanniopsida,Jungermanniopsida,9J9G4,Jungermanniopsida,Jungermanniopsida,classification,,,Eukaryota|Plantae|Bryobiotina|Marchantiophyta|Jungermanniopsida,,higher_taxon,class,Catalogue of Life,1,Eukaryota,Plantae,Marchantiophyta,Jungermanniopsida,,,,accepted,classification,9J9G4,315834,10.48580/dgykv,https://www.checklistbank.org/dataset/315834,Catalogue of Life 2026-07-17 XR
higher_taxon,,Lecanoromycetes,class,,Fungi,,,,,,,Lecanoromycetes,Lecanoromycetes,DM,Lecanoromycetes,Lecanoromycetes,classification,,,Eukaryota|Fungi|Ascomycota|Lecanoromycetes,,higher_taxon,class,Catalogue of Life,5,Eukaryota,Fungi,Ascomycota,Lecanoromycetes,,,,accepted,classification,DM,315834,10.48580/dgykv,https://www.checklistbank.org/dataset/315834,Catalogue of Life 2026-07-17 XR
higher_taxon,,Liliopsida,class,,Plantae,,,,,,,Liliopsida,Liliopsida,L2L,Liliopsida,Liliopsida,classification,,,Eukaryota|Plantae|Pteridobiotina|Tracheophyta|Liliopsida,,higher_taxon,class,Catalogue of Life,15,Eukaryota,Plantae,Tracheophyta,Liliopsida,,,,accepted,classification,L2L,315834,10.48580/dgykv,https://www.checklistbank.org/dataset/315834,Catalogue of Life 2026-07-17 XR
higher_taxon,,Magnoliopsida,class,,Plantae,,,,,,,Magnoliopsida,Magnoliopsida,MG,Magnoliopsida,Magnoliopsida,classification,,,Eukaryota|Plantae|Pteridobiotina|Tracheophyta|Magnoliopsida,,higher_taxon,class,Catalogue of Life,115,Eukaryota,Plantae,Tracheophyta,Magnoliopsida,,,,accepted,classification,MG,315834,10.48580/dgykv,https://www.checklistbank.org/dataset/315834,Catalogue of Life 2026-07-17 XR
higher_taxon,,Mammalia,class,,Animalia,,,,,,,Mammalia,Mammalia,6224G,Mammalia,Mammalia,classification,,,Eukaryota|Animalia|Chordata|Vertebrata|Gnathostomata|Osteichthyes|Tetrapoda|Mammalia,,higher_taxon,class,Catalogue of Life,1,Eukaryota,Animalia,Chordata,Mammalia,,,,accepted,classification,6224G,315834,10.48580/dgykv,https://www.checklistbank.org/dataset/315834,Catalogue of Life 2026-07-17 XR
higher_taxon,,Myxomycetes,class,,Protozoa,,,,,,,Myxomycetes,Myxomycetes,F2,Myxomycetes,Myxomycetes,classification,,,Eukaryota|Protozoa|Mycetozoa|Myxomycetes,,higher_taxon,class,Catalogue of Life,1,Eukaryota,Protozoa,Mycetozoa,Myxomycetes,,,,accepted,classification,F2,315834,10.48580/dgykv,https://www.checklistbank.org/dataset/315834,Catalogue of Life 2026-07-17 XR
higher_taxon,,Pezizomycetes,class,,Fungi,,,,,,,Pezizomycetes,Pezizomycetes,G4,Pezizomycetes,Pezizomycetes,classification,,,Eukaryota|Fungi|Ascomycota|Pezizomycetes,,higher_taxon,class,Catalogue of Life,1,Eukaryota,Fungi,Ascomycota,Pezizomycetes,,,,accepted,classification,G4,315834,10.48580/dgykv,https://www.checklistbank.org/dataset/315834,Catalogue of Life 2026-07-17 XR
higher_taxon,,Pinopsida,class,,Plantae,,,,,,,Pinopsida,Pinopsida,C7ZVJ,Pinopsida,Pinopsida,classification,,,Eukaryota|Plantae|Pteridobiotina|Tracheophyta|Pinopsida,,higher_taxon,class,Catalogue of Life,4,Eukaryota,Plantae,Tracheophyta,Pinopsida,,,,accepted,classification,C7ZVJ,315834,10.48580/dgykv,https://www.checklistbank.org/dataset/315834,Catalogue of Life 2026-07-17 XR
higher_taxon,,Polypodiopsida,class,,Plantae,,,,,,,Polypodiopsida,Polypodiopsida,GV,Polypodiopsida,Polypodiopsida,classification,,,Eukaryota|Plantae|Pteridobiotina|Tracheophyta|Polypodiopsida,,higher_taxon,class,Catalogue of Life,5,Eukaryota,Plantae,Tracheophyta,Polypodiopsida,,,,accepted,classification,GV,315834,10.48580/dgykv,https://www.checklistbank.org/dataset/315834,Catalogue of Life 2026-07-17 XR
higher_taxon,,Polytrichopsida,class,,Plantae,,,,,,,Polytrichopsida,Polytrichopsida,9JHXJ,Polytrichopsida,Polytrichopsida,classification,,,Eukaryota|Plantae|Bryobiotina|Bryophyta|Polytrichopsida,,higher_taxon,class,Catalogue of Life,1,Eukaryota,Plantae,Bryophyta,Polytrichopsida,,,,accepted,classification,9JHXJ,315834,10.48580/dgykv,https://www.checklistbank.org/dataset/315834,Catalogue of Life 2026-07-17 XR
higher_taxon,,Reptilia,class,,Animalia,,,,,,,Reptilia,Reptilia,RP,Reptilia,Reptilia,classification,,,Eukaryota|Animalia|Chordata|Vertebrata|Gnathostomata|Osteichthyes|Tetrapoda|Reptilia,,higher_taxon,class,Catalogue of Life,4,Eukaryota,Animalia,Chordata,Reptilia,,,,accepted,classification,RP,315834,10.48580/dgykv,https://www.checklistbank.org/dataset/315834,Catalogue of Life 2026-07-17 XR
higher_taxon,,Accipitriformes,order,,Animalia,,,,,,,Accipitriformes,Accipitriformes,MB,Accipitriformes,Accipitriformes,classification,,,Eukaryota|Animalia|Chordata|Vertebrata|Gnathostomata|Osteichthyes|Tetrapoda|Aves|Accipitriformes,,higher_taxon,order,Catalogue of Life,2,Eukaryota,Animalia,Chordata,Aves,Accipitriformes,,,accepted,classification,MB,315834,10.48580/dgykv,https://www.checklistbank.org/dataset/315834,Catalogue of Life 2026-07-17 XR
higher_taxon,,Agaricales,order,,Fungi,,,,,,,Agaricales,Agaricales,N8,Agaricales,Agaricales,classification,,,Eukaryota|Fungi|Basidiomycota|Agaricomycetes|Agaricales,,higher_taxon,order,Catalogue of Life,14,Eukaryota,Fungi,Basidiomycota,Agaricomycetes,Agaricales,,,accepted,classification,N8,315834,10.48580/dgykv,https://www.checklistbank.org/dataset/315834,Catalogue of Life 2026-07-17 XR
higher_taxon,,Anura,order,,Animalia,,,,,,,Anura,Anura,PW,Anura,Anura,classification,,,Eukaryota|Animalia|Chordata|Vertebrata|Gnathostomata|Osteichthyes|Tetrapoda|Amphibia|Anura,,higher_taxon,order,Catalogue of Life,2,Eukaryota,Animalia,Chordata,Amphibia,Anura,,,accepted,classification,PW,315834,10.48580/dgykv,https://www.checklistbank.org/dataset/315834,Catalogue of Life 2026-07-17 XR
higher_taxon,,Apiales,order,,Plantae,,,,,,,Apiales,Apiales,B7VXH,Apiales,Apiales,classification,,,Eukaryota|Plantae|Pteridobiotina|Tracheophyta|Magnoliopsida|Apiales,,higher_taxon,order,Catalogue of Life,1,Eukaryota,Plantae,Tracheophyta,Magnoliopsida,Apiales,,,accepted,classification,B7VXH,315834,10.48580/dgykv,https://www.checklistbank.org/dataset/315834,Catalogue of Life 2026-07-17 XR
higher_taxon,,Araneae,order,,Animalia,,,,,,,Araneae,Araneae,RN,Araneae,Araneae,classification,,,Eukaryota|Animalia|Arthropoda|Chelicerata|Arachnida|Araneae,,higher_taxon,order,Catalogue of Life,2,Eukaryota,Animalia,Arthropoda,Arachnida,Araneae,,,accepted,classification,RN,315834,10.48580/dgykv,https://www.checklistbank.org/dataset/315834,Catalogue of Life 2026-07-17 XR
higher_taxon,,Asparagales,order,,Plantae,,,,,,,Asparagales,Asparagales,SP,Asparagales,Asparagales,classification,,,Eukaryota|Plantae|Pteridobiotina|Tracheophyta|Liliopsida|Asparagales,,higher_taxon,order,Catalogue of Life,8,Eukaryota,Plantae,Tracheophyta,Liliopsida,Asparagales,,,accepted,classification,SP,315834,10.48580/dgykv,https://www.checklistbank.org/dataset/315834,Catalogue of Life 2026-07-17 XR
higher_taxon,,Asterales,order,,Plantae,,,,,,,Asterales,Asterales,ST,Asterales,Asterales,classification,,,Eukaryota|Plantae|Pteridobiotina|Tracheophyta|Magnoliopsida|Asterales,,higher_taxon,order,Catalogue of Life,15,Eukaryota,Plantae,Tracheophyta,Magnoliopsida,Asterales,,,accepted,classification,ST,315834,10.48580/dgykv,https://www.checklistbank.org/dataset/315834,Catalogue of Life 2026-07-17 XR
higher_taxon,,Bartramiales,order,,Plantae,,,,,,,Bartramiales,Bartramiales,9JHYY,Bartramiales,Bartramiales,classification,,,Eukaryota|Plantae|Bryobiotina|Bryophyta|Bryopsida|Bryidae|Bryanae|Bartramiales,,higher_taxon,order,Catalogue of Life,2,Eukaryota,Plantae,Bryophyta,Bryopsida,Bartramiales,,,accepted,classification,9JHYY,315834,10.48580/dgykv,https://www.checklistbank.org/dataset/315834,Catalogue of Life 2026-07-17 XR
higher_taxon,,Boletales,order,,Fungi,,,,,,,Boletales,Boletales,TS,Boletales,Boletales,classification,,,Eukaryota|Fungi|Basidiomycota|Agaricomycetes|Boletales,,higher_taxon,order,Catalogue of Life,3,Eukaryota,Fungi,Basidiomycota,Agaricomycetes,Boletales,,,accepted,classification,TS,315834,10.48580/dgykv,https://www.checklistbank.org/dataset/315834,Catalogue of Life 2026-07-17 XR
higher_taxon,,Boraginales,order,,Plantae,,,,,,,Boraginales,Boraginales,TW,Boraginales,Boraginales,classification,,,Eukaryota|Plantae|Pteridobiotina|Tracheophyta|Magnoliopsida|Boraginales,,higher_taxon,order,Catalogue of Life,2,Eukaryota,Plantae,Tracheophyta,Magnoliopsida,Boraginales,,,accepted,classification,TW,315834,10.48580/dgykv,https://www.checklistbank.org/dataset/315834,Catalogue of Life 2026-07-17 XR
higher_taxon,,Bryales,order,,Plantae,,,,,,,Bryales,Bryales,KZT6S,Bryales,Bryales,classification,,,Eukaryota|Plantae|Bryobiotina|Bryophyta|Bryopsida|Bryidae|Bryanae|Bryales,,higher_taxon,order,Catalogue of Life,4,Eukaryota,Plantae,Bryophyta,Bryopsida,Bryales,,,accepted,classification,KZT6S,315834,10.48580/dgykv,https://www.checklistbank.org/dataset/315834,Catalogue of Life 2026-07-17 XR
higher_taxon,,Capparales,order,,Plantae,,,,,,,Capparales,Capparales,V5D96,Capparales,Capparales,classification,,,Eukaryota|Plantae|Pteridobiotina|Tracheophyta|Magnoliopsida|Capparales,,higher_taxon,order,Catalogue of Life,7,Eukaryota,Plantae,Tracheophyta,Magnoliopsida,Capparales,,,accepted,classification,V5D96,315834,10.48580/dgykv,https://www.checklistbank.org/dataset/315834,Catalogue of Life 2026-07-17 XR
higher_taxon,,Carnivora,order,,Animalia,,,,,,,Carnivora,Carnivora,VS,Carnivora,Carnivora,classification,,,Eukaryota|Animalia|Chordata|Vertebrata|Gnathostomata|Osteichthyes|Tetrapoda|Mammalia|Theria|Eutheria|Carnivora,,higher_taxon,order,Catalogue of Life,1,Eukaryota,Animalia,Chordata,Mammalia,Carnivora,,,accepted,classification,VS,315834,10.48580/dgykv,https://www.checklistbank.org/dataset/315834,Catalogue of Life 2026-07-17 XR
higher_taxon,,Caryophyllales,order,,Plantae,,,,,,,Caryophyllales,Caryophyllales,VW,Caryophyllales,Caryophyllales,classification,,,Eukaryota|Plantae|Pteridobiotina|Tracheophyta|Magnoliopsida|Caryophyllales,,higher_taxon,order,Catalogue of Life,11,Eukaryota,Plantae,Tracheophyta,Magnoliopsida,Caryophyllales,,,accepted,classification,VW,315834,10.48580/dgykv,https://www.checklistbank.org/dataset/315834,Catalogue of Life 2026-07-17 XR
higher_taxon,,Caudata,order,,Animalia,,,,,,,Caudata,Caudata,W3,Caudata,Caudata,classification,,,Eukaryota|Animalia|Chordata|Vertebrata|Gnathostomata|Osteichthyes|Tetrapoda|Amphibia|Caudata,,higher_taxon,order,Catalogue of Life,1,Eukaryota,Animalia,Chordata,Amphibia,Caudata,,,accepted,classification,W3,315834,10.48580/dgykv,https://www.checklistbank.org/dataset/315834,Catalogue of Life 2026-07-17 XR
higher_taxon,,Coleoptera,order,,Animalia,,,,,,,Coleoptera,Coleoptera,C2L,Coleoptera,Coleoptera,classification,,,Eukaryota|Animalia|Arthropoda|Hexapoda|Insecta|Coleoptera,,higher_taxon,order,Catalogue of Life,11,Eukaryota,Animalia,Arthropoda,Insecta,Coleoptera,,,accepted,classification,C2L,315834,10.48580/dgykv,https://www.checklistbank.org/dataset/315834,Catalogue of Life 2026-07-17 XR
higher_taxon,,Cupressales,order,,Plantae,,,,,,,Cupressales,Cupressales,C6VNT,Cupressales,Cupressales,classification,,,Eukaryota|Plantae|Pteridobiotina|Tracheophyta|Pinopsida|Cupressidae|Cupressales,,higher_taxon,order,Catalogue of Life,1,Eukaryota,Plantae,Tracheophyta,Pinopsida,Cupressales,,,accepted,classification,C6VNT,315834,10.48580/dgykv,https://www.checklistbank.org/dataset/315834,Catalogue of Life 2026-07-17 XR
higher_taxon,,Dipsacales,order,,Plantae,,,,,,,Dipsacales,Dipsacales,35C,Dipsacales,Dipsacales,classification,,,Eukaryota|Plantae|Pteridobiotina|Tracheophyta|Magnoliopsida|Dipsacales,,higher_taxon,order,Catalogue of Life,2,Eukaryota,Plantae,Tracheophyta,Magnoliopsida,Dipsacales,,,accepted,classification,35C,315834,10.48580/dgykv,https://www.checklistbank.org/dataset/315834,Catalogue of Life 2026-07-17 XR
higher_taxon,,Encalyptales,order,,Plantae,,,,,,,Encalyptales,Encalyptales,9JHZ7,Encalyptales,Encalyptales,classification,,,Eukaryota|Plantae|Bryobiotina|Bryophyta|Bryopsida|Funariidae|Encalyptales,,higher_taxon,order,Catalogue of Life,1,Eukaryota,Plantae,Bryophyta,Bryopsida,Encalyptales,,,accepted,classification,9JHZ7,315834,10.48580/dgykv,https://www.checklistbank.org/dataset/315834,Catalogue of Life 2026-07-17 XR
higher_taxon,,Ericales,order,,Plantae,,,,,,,Ericales,Ericales,625QY,Ericales,Ericales,classification,,,Eukaryota|Plantae|Pteridobiotina|Tracheophyta|Magnoliopsida|Ericales,,higher_taxon,order,Catalogue of Life,4,Eukaryota,Plantae,Tracheophyta,Magnoliopsida,Ericales,,,accepted,classification,625QY,315834,10.48580/dgykv,https://www.checklistbank.org/dataset/315834,Catalogue of Life 2026-07-17 XR
higher_taxon,,Fabales,order,,Plantae,,,,,,,Fabales,Fabales,383,Fabales,Fabales,classification,,,Eukaryota|Plantae|Pteridobiotina|Tracheophyta|Magnoliopsida|Fabales,,higher_taxon,order,Catalogue of Life,7,Eukaryota,Plantae,Tracheophyta,Magnoliopsida,Fabales,,,accepted,classification,383,315834,10.48580/dgykv,https://www.checklistbank.org/dataset/315834,Catalogue of Life 2026-07-17 XR
higher_taxon,,Fagales,order,,Plantae,,,,,,,Fagales,Fagales,384,Fagales,Fagales,classification,,,Eukaryota|Plantae|Pteridobiotina|Tracheophyta|Magnoliopsida|Fagales,,higher_taxon,order,Catalogue of Life,1,Eukaryota,Plantae,Tracheophyta,Magnoliopsida,Fagales,,,accepted,classification,384,315834,10.48580/dgykv,https://www.checklistbank.org/dataset/315834,Catalogue of Life 2026-07-17 XR
higher_taxon,,Falconiformes,order,,Animalia,,,,,,,Falconiformes,Falconiformes,386,Falconiformes,Falconiformes,classification,,,Eukaryota|Animalia|Chordata|Vertebrata|Gnathostomata|Osteichthyes|Tetrapoda|Aves|Falconiformes,,higher_taxon,order,Catalogue of Life,1,Eukaryota,Animalia,Chordata,Aves,Falconiformes,,,accepted,classification,386,315834,10.48580/dgykv,https://www.checklistbank.org/dataset/315834,Catalogue of Life 2026-07-17 XR
higher_taxon,,Gentianales,order,,Plantae,,,,,,,Gentianales,Gentianales,39D,Gentianales,Gentianales,classification,,,Eukaryota|Plantae|Pteridobiotina|Tracheophyta|Magnoliopsida|Gentianales,,higher_taxon,order,Catalogue of Life,5,Eukaryota,Plantae,Tracheophyta,Magnoliopsida,Gentianales,,,accepted,classification,39D,315834,10.48580/dgykv,https://www.checklistbank.org/dataset/315834,Catalogue of Life 2026-07-17 XR
higher_taxon,,Geraniales,order,,Plantae,,,,,,,Geraniales,Geraniales,39J,Geraniales,Geraniales,classification,,,Eukaryota|Plantae|Pteridobiotina|Tracheophyta|Magnoliopsida|Geraniales,,higher_taxon,order,Catalogue of Life,4,Eukaryota,Plantae,Tracheophyta,Magnoliopsida,Geraniales,,,accepted,classification,39J,315834,10.48580/dgykv,https://www.checklistbank.org/dataset/315834,Catalogue of Life 2026-07-17 XR
higher_taxon,,Grimmiales,order,,Plantae,,,,,,,Grimmiales,Grimmiales,L23LP,Grimmiales,Grimmiales,classification,,,Eukaryota|Plantae|Bryobiotina|Bryophyta|Bryopsida|Dicranidae|Grimmiales,,higher_taxon,order,Catalogue of Life,4,Eukaryota,Plantae,Bryophyta,Bryopsida,Grimmiales,,,accepted,classification,L23LP,315834,10.48580/dgykv,https://www.checklistbank.org/dataset/315834,Catalogue of Life 2026-07-17 XR
higher_taxon,,Hemiptera,order,,Animalia,,,,,,,Hemiptera,Hemiptera,BXVWV,Hemiptera,Hemiptera,classification,,,Eukaryota|Animalia|Arthropoda|Hexapoda|Insecta|Hemiptera,,higher_taxon,order,Catalogue of Life,2,Eukaryota,Animalia,Arthropoda,Insecta,Hemiptera,,,accepted,classification,BXVWV,315834,10.48580/dgykv,https://www.checklistbank.org/dataset/315834,Catalogue of Life 2026-07-17 XR
higher_taxon,,Hymenoptera,order,,Animalia,,,,,,,Hymenoptera,Hymenoptera,HYM,Hymenoptera,Hymenoptera,classification,,,Eukaryota|Animalia|Arthropoda|Hexapoda|Insecta|Hymenoptera,,higher_taxon,order,Catalogue of Life,2,Eukaryota,Animalia,Arthropoda,Insecta,Hymenoptera,,,accepted,classification,HYM,315834,10.48580/dgykv,https://www.checklistbank.org/dataset/315834,Catalogue of Life 2026-07-17 XR
higher_taxon,,Hypnales,order,,Plantae,,,,,,,Hypnales,Hypnales,9JFXS,Hypnales,Hypnales,classification,,,Eukaryota|Plantae|Bryobiotina|Bryophyta|Bryopsida|Bryidae|Hypnanae|Hypnales,,higher_taxon,order,Catalogue of Life,3,Eukaryota,Plantae,Bryophyta,Bryopsida,Hypnales,,,accepted,classification,9JFXS,315834,10.48580/dgykv,https://www.checklistbank.org/dataset/315834,Catalogue of Life 2026-07-17 XR
higher_taxon,,Lamiales,order,,Plantae,,,,,,,Lamiales,Lamiales,3F4,Lamiales,Lamiales,classification,,,Eukaryota|Plantae|Pteridobiotina|Tracheophyta|Magnoliopsida|Lamiales,,higher_taxon,order,Catalogue of Life,10,Eukaryota,Plantae,Tracheophyta,Magnoliopsida,Lamiales,,,accepted,classification,3F4,315834,10.48580/dgykv,https://www.checklistbank.org/dataset/315834,Catalogue of Life 2026-07-17 XR
higher_taxon,,Lecanorales,order,,Fungi,,,,,,,Lecanorales,Lecanorales,3FC,Lecanorales,Lecanorales,classification,,,Eukaryota|Fungi|Ascomycota|Lecanoromycetes|Lecanorales,,higher_taxon,order,Catalogue of Life,2,Eukaryota,Fungi,Ascomycota,Lecanoromycetes,Lecanorales,,,accepted,classification,3FC,315834,10.48580/dgykv,https://www.checklistbank.org/dataset/315834,Catalogue of Life 2026-07-17 XR
higher_taxon,,Lepidoptera,order,,Animalia,,,,,,,Lepidoptera,Lepidoptera,B6L67,Lepidoptera,Lepidoptera,classification,,,Eukaryota|Animalia|Arthropoda|Hexapoda|Insecta|Lepidoptera,,higher_taxon,order,Catalogue of Life,27,Eukaryota,Animalia,Arthropoda,Insecta,Lepidoptera,,,accepted,classification,B6L67,315834,10.48580/dgykv,https://www.checklistbank.org/dataset/315834,Catalogue of Life 2026-07-17 XR
higher_taxon,,Liliales,order,,Plantae,,,,,,,Liliales,Liliales,623DL,Liliales,Liliales,classification,,,Eukaryota|Plantae|Pteridobiotina|Tracheophyta|Liliopsida|Liliales,,higher_taxon,order,Catalogue of Life,4,Eukaryota,Plantae,Tracheophyta,Liliopsida,Liliales,,,accepted,classification,623DL,315834,10.48580/dgykv,https://www.checklistbank.org/dataset/315834,Catalogue of Life 2026-07-17 XR
higher_taxon,,Lophoziales,order,,Plantae,,,,,,,Lophoziales,Lophoziales,BV8D5,Lophoziales,Lophoziales,classification,,,Eukaryota|Plantae|Bryobiotina|Marchantiophyta|Jungermanniopsida|Jungermanniidae|Lophoziales,,higher_taxon,order,Catalogue of Life,1,Eukaryota,Plantae,Marchantiophyta,Jungermanniopsida,Lophoziales,,,accepted,classification,BV8D5,315834,10.48580/dgykv,https://www.checklistbank.org/dataset/315834,Catalogue of Life 2026-07-17 XR
higher_taxon,,Malpighiales,order,,Plantae,,,,,,,Malpighiales,Malpighiales,MLP,Malpighiales,Malpighiales,classification,,,Eukaryota|Plantae|Pteridobiotina|Tracheophyta|Magnoliopsida|Malpighiales,,higher_taxon,order,Catalogue of Life,12,Eukaryota,Plantae,Tracheophyta,Magnoliopsida,Malpighiales,,,accepted,classification,MLP,315834,10.48580/dgykv,https://www.checklistbank.org/dataset/315834,Catalogue of Life 2026-07-17 XR
higher_taxon,,Malvales,order,,Plantae,,,,,,,Malvales,Malvales,3HP,Malvales,Malvales,classification,,,Eukaryota|Plantae|Pteridobiotina|Tracheophyta|Magnoliopsida|Malvales,,higher_taxon,order,Catalogue of Life,3,Eukaryota,Plantae,Tracheophyta,Magnoliopsida,Malvales,,,accepted,classification,3HP,315834,10.48580/dgykv,https://www.checklistbank.org/dataset/315834,Catalogue of Life 2026-07-17 XR
higher_taxon,,Myrtales,order,,Plantae,,,,,,,Myrtales,Myrtales,3LY,Myrtales,Myrtales,classification,,,Eukaryota|Plantae|Pteridobiotina|Tracheophyta|Magnoliopsida|Myrtales,,higher_taxon,order,Catalogue of Life,2,Eukaryota,Plantae,Tracheophyta,Magnoliopsida,Myrtales,,,accepted,classification,3LY,315834,10.48580/dgykv,https://www.checklistbank.org/dataset/315834,Catalogue of Life 2026-07-17 XR
higher_taxon,,Odonata,order,,Animalia,,,,,,,Odonata,Odonata,B6LCL,Odonata,Odonata,classification,,,Eukaryota|Animalia|Arthropoda|Hexapoda|Insecta|Odonata,,higher_taxon,order,Catalogue of Life,2,Eukaryota,Animalia,Arthropoda,Insecta,Odonata,,,accepted,classification,B6LCL,315834,10.48580/dgykv,https://www.checklistbank.org/dataset/315834,Catalogue of Life 2026-07-17 XR
higher_taxon,,Ophioglossales,order,,Plantae,,,,,,,Ophioglossales,Ophioglossales,623DM,Ophioglossales,Ophioglossales,classification,,,Eukaryota|Plantae|Pteridobiotina|Tracheophyta|Polypodiopsida|Ophioglossales,,higher_taxon,order,Catalogue of Life,1,Eukaryota,Plantae,Tracheophyta,Polypodiopsida,Ophioglossales,,,accepted,classification,623DM,315834,10.48580/dgykv,https://www.checklistbank.org/dataset/315834,Catalogue of Life 2026-07-17 XR
higher_taxon,,Orthoptera,order,,Animalia,,,,,,,Orthoptera,Orthoptera,CJBKK,Orthoptera,Orthoptera,classification,,,Eukaryota|Animalia|Arthropoda|Hexapoda|Insecta|Orthoptera,,higher_taxon,order,Catalogue of Life,4,Eukaryota,Animalia,Arthropoda,Insecta,Orthoptera,,,accepted,classification,CJBKK,315834,10.48580/dgykv,https://www.checklistbank.org/dataset/315834,Catalogue of Life 2026-07-17 XR
higher_taxon,,Passeriformes,order,,Animalia,,,,,,,Passeriformes,Passeriformes,3RL,Passeriformes,Passeriformes,classification,,,Eukaryota|Animalia|Chordata|Vertebrata|Gnathostomata|Osteichthyes|Tetrapoda|Aves|Passeriformes,,higher_taxon,order,Catalogue of Life,27,Eukaryota,Animalia,Chordata,Aves,Passeriformes,,,accepted,classification,3RL,315834,10.48580/dgykv,https://www.checklistbank.org/dataset/315834,Catalogue of Life 2026-07-17 XR
higher_taxon,,Pertusariales,order,,Fungi,,,,,,,Pertusariales,Pertusariales,3SK,Pertusariales,Pertusariales,classification,,,Eukaryota|Fungi|Ascomycota|Lecanoromycetes|Pertusariales,,higher_taxon,order,Catalogue of Life,1,Eukaryota,Fungi,Ascomycota,Lecanoromycetes,Pertusariales,,,accepted,classification,3SK,315834,10.48580/dgykv,https://www.checklistbank.org/dataset/315834,Catalogue of Life 2026-07-17 XR
higher_taxon,,Pezizales,order,,Fungi,,,,,,,Pezizales,Pezizales,3SS,Pezizales,Pezizales,classification,,,Eukaryota|Fungi|Ascomycota|Pezizomycetes|Pezizales,,higher_taxon,order,Catalogue of Life,1,Eukaryota,Fungi,Ascomycota,Pezizomycetes,Pezizales,,,accepted,classification,3SS,315834,10.48580/dgykv,https://www.checklistbank.org/dataset/315834,Catalogue of Life 2026-07-17 XR
higher_taxon,,Physarales,order,,Protozoa,,,,,,,Physarales,Physarales,3TL,Physarales,Physarales,classification,,,Eukaryota|Protozoa|Mycetozoa|Myxomycetes|Physarales,,higher_taxon,order,Catalogue of Life,1,Eukaryota,Protozoa,Mycetozoa,Myxomycetes,Physarales,,,accepted,classification,3TL,315834,10.48580/dgykv,https://www.checklistbank.org/dataset/315834,Catalogue of Life 2026-07-17 XR
higher_taxon,,Pinales,order,,Plantae,,,,,,,Pinales,Pinales,C7ZVH,Pinales,Pinales,classification,,,Eukaryota|Plantae|Pteridobiotina|Tracheophyta|Pinopsida|Pinidae|Pinales,,higher_taxon,order,Catalogue of Life,3,Eukaryota,Plantae,Tracheophyta,Pinopsida,Pinales,,,accepted,classification,C7ZVH,315834,10.48580/dgykv,https://www.checklistbank.org/dataset/315834,Catalogue of Life 2026-07-17 XR
higher_taxon,,Poales,order,,Plantae,,,,,,,Poales,Poales,627VM,Poales,Poales,classification,,,Eukaryota|Plantae|Pteridobiotina|Tracheophyta|Liliopsida|Poales,,higher_taxon,order,Catalogue of Life,3,Eukaryota,Plantae,Tracheophyta,Liliopsida,Poales,,,accepted,classification,627VM,315834,10.48580/dgykv,https://www.checklistbank.org/dataset/315834,Catalogue of Life 2026-07-17 XR
higher_taxon,,Polypodiales,order,,Plantae,,,,,,,Polypodiales,Polypodiales,3VL,Polypodiales,Polypodiales,classification,,,Eukaryota|Plantae|Pteridobiotina|Tracheophyta|Polypodiopsida|Polypodiales,,higher_taxon,order,Catalogue of Life,4,Eukaryota,Plantae,Tracheophyta,Polypodiopsida,Polypodiales,,,accepted,classification,3VL,315834,10.48580/dgykv,https://www.checklistbank.org/dataset/315834,Catalogue of Life 2026-07-17 XR
higher_taxon,,Polyporales,order,,Fungi,,,,,,,Polyporales,Polyporales,3VM,Polyporales,Polyporales,classification,,,Eukaryota|Fungi|Basidiomycota|Agaricomycetes|Polyporales,,higher_taxon,order,Catalogue of Life,1,Eukaryota,Fungi,Basidiomycota,Agaricomycetes,Polyporales,,,accepted,classification,3VM,315834,10.48580/dgykv,https://www.checklistbank.org/dataset/315834,Catalogue of Life 2026-07-17 XR
higher_taxon,,Polytrichales,order,,Plantae,,,,,,,Polytrichales,Polytrichales,L2GWM,Polytrichales,Polytrichales,classification,,,Eukaryota|Plantae|Bryobiotina|Bryophyta|Polytrichopsida|Polytrichales,,higher_taxon,order,Catalogue of Life,1,Eukaryota,Plantae,Bryophyta,Polytrichopsida,Polytrichales,,,accepted,classification,L2GWM,315834,10.48580/dgykv,https://www.checklistbank.org/dataset/315834,Catalogue of Life 2026-07-17 XR
higher_taxon,,Pottiales,order,,Plantae,,,,,,,Pottiales,Pottiales,9JFY7,Pottiales,Pottiales,classification,,,Eukaryota|Plantae|Bryobiotina|Bryophyta|Bryopsida|Dicranidae|Pottiales,,higher_taxon,order,Catalogue of Life,1,Eukaryota,Plantae,Bryophyta,Bryopsida,Pottiales,,,accepted,classification,9JFY7,315834,10.48580/dgykv,https://www.checklistbank.org/dataset/315834,Catalogue of Life 2026-07-17 XR
higher_taxon,,Ranunculales,order,,Plantae,,,,,,,Ranunculales,Ranunculales,3XS,Ranunculales,Ranunculales,classification,,,Eukaryota|Plantae|Pteridobiotina|Tracheophyta|Magnoliopsida|Ranunculales,,higher_taxon,order,Catalogue of Life,8,Eukaryota,Plantae,Tracheophyta,Magnoliopsida,Ranunculales,,,accepted,classification,3XS,315834,10.48580/dgykv,https://www.checklistbank.org/dataset/315834,Catalogue of Life 2026-07-17 XR
higher_taxon,,Rhizocarpales,order,,Fungi,,,,,,,Rhizocarpales,Rhizocarpales,3YF,Rhizocarpales,Rhizocarpales,classification,,,Eukaryota|Fungi|Ascomycota|Lecanoromycetes|Rhizocarpales,,higher_taxon,order,Catalogue of Life,1,Eukaryota,Fungi,Ascomycota,Lecanoromycetes,Rhizocarpales,,,accepted,classification,3YF,315834,10.48580/dgykv,https://www.checklistbank.org/dataset/315834,Catalogue of Life 2026-07-17 XR
higher_taxon,,Rosales,order,,Plantae,,,,,,,Rosales,Rosales,3Z6,Rosales,Rosales,classification,,,Eukaryota|Plantae|Pteridobiotina|Tracheophyta|Magnoliopsida|Rosales,,higher_taxon,order,Catalogue of Life,4,Eukaryota,Plantae,Tracheophyta,Magnoliopsida,Rosales,,,accepted,classification,3Z6,315834,10.48580/dgykv,https://www.checklistbank.org/dataset/315834,Catalogue of Life 2026-07-17 XR
higher_taxon,,Russulales,order,,Fungi,,,,,,,Russulales,Russulales,3ZF,Russulales,Russulales,classification,,,Eukaryota|Fungi|Basidiomycota|Agaricomycetes|Russulales,,higher_taxon,order,Catalogue of Life,3,Eukaryota,Fungi,Basidiomycota,Agaricomycetes,Russulales,,,accepted,classification,3ZF,315834,10.48580/dgykv,https://www.checklistbank.org/dataset/315834,Catalogue of Life 2026-07-17 XR
higher_taxon,,Santalales,order,,Plantae,,,,,,,Santalales,Santalales,3ZX,Santalales,Santalales,classification,,,Eukaryota|Plantae|Pteridobiotina|Tracheophyta|Magnoliopsida|Santalales,,higher_taxon,order,Catalogue of Life,1,Eukaryota,Plantae,Tracheophyta,Magnoliopsida,Santalales,,,accepted,classification,3ZX,315834,10.48580/dgykv,https://www.checklistbank.org/dataset/315834,Catalogue of Life 2026-07-17 XR
higher_taxon,,Saxifragales,order,,Plantae,,,,,,,Saxifragales,Saxifragales,424,Saxifragales,Saxifragales,classification,,,Eukaryota|Plantae|Pteridobiotina|Tracheophyta|Magnoliopsida|Saxifragales,,higher_taxon,order,Catalogue of Life,16,Eukaryota,Plantae,Tracheophyta,Magnoliopsida,Saxifragales,,,accepted,classification,424,315834,10.48580/dgykv,https://www.checklistbank.org/dataset/315834,Catalogue of Life 2026-07-17 XR
higher_taxon,,Squamata,order,,Animalia,,,,,,,Squamata,Squamata,45C,Squamata,Squamata,classification,,,Eukaryota|Animalia|Chordata|Vertebrata|Gnathostomata|Osteichthyes|Tetrapoda|Reptilia|Squamata,,higher_taxon,order,Catalogue of Life,3,Eukaryota,Animalia,Chordata,Reptilia,Squamata,,,accepted,classification,45C,315834,10.48580/dgykv,https://www.checklistbank.org/dataset/315834,Catalogue of Life 2026-07-17 XR
higher_taxon,,Teloschistales,order,,Fungi,,,,,,,Teloschistales,Teloschistales,474,Teloschistales,Teloschistales,classification,,,Eukaryota|Fungi|Ascomycota|Lecanoromycetes|Teloschistales,,higher_taxon,order,Catalogue of Life,1,Eukaryota,Fungi,Ascomycota,Lecanoromycetes,Teloschistales,,,accepted,classification,474,315834,10.48580/dgykv,https://www.checklistbank.org/dataset/315834,Catalogue of Life 2026-07-17 XR
higher_taxon,,Testudines,order,,Animalia,,,,,,,Testudines,Testudines,477,Testudines,Testudines,classification,,,Eukaryota|Animalia|Chordata|Vertebrata|Gnathostomata|Osteichthyes|Tetrapoda|Reptilia|Testudines,,higher_taxon,order,Catalogue of Life,1,Eukaryota,Animalia,Chordata,Reptilia,Testudines,,,accepted,classification,477,315834,10.48580/dgykv,https://www.checklistbank.org/dataset/315834,Catalogue of Life 2026-07-17 XR
higher_taxon,,Accipitridae,family,,Animalia,,,,,,,Accipitridae,Accipitridae,5W6,Accipitridae,Accipitridae,classification,,,Eukaryota|Animalia|Chordata|Vertebrata|Gnathostomata|Osteichthyes|Tetrapoda|Aves|Accipitriformes|Accipitridae,,higher_taxon,family,Catalogue of Life,2,Eukaryota,Animalia,Chordata,Aves,Accipitriformes,Accipitridae,,accepted,classification,5W6,315834,10.48580/dgykv,https://www.checklistbank.org/dataset/315834,Catalogue of Life 2026-07-17 XR
higher_taxon,,Adelgidae,family,,Animalia,,,,,,,Adelgidae,Adelgidae,8NKGV,Adelgidae,Adelgidae,classification,,,Eukaryota|Animalia|Arthropoda|Hexapoda|Insecta|Hemiptera|Sternorrhyncha|Aphidomorpha|Adelgoidea|Adelgidae,,higher_taxon,family,Catalogue of Life,1,Eukaryota,Animalia,Arthropoda,Insecta,Hemiptera,Adelgidae,,accepted,classification,8NKGV,315834,10.48580/dgykv,https://www.checklistbank.org/dataset/315834,Catalogue of Life 2026-07-17 XR
higher_taxon,,Aegithalidae,family,,Animalia,,,,,,,Aegithalidae,Aegithalidae,63D,Aegithalidae,Aegithalidae,classification,,,Eukaryota|Animalia|Chordata|Vertebrata|Gnathostomata|Osteichthyes|Tetrapoda|Aves|Passeriformes|Aegithalidae,,higher_taxon,family,Catalogue of Life,1,Eukaryota,Animalia,Chordata,Aves,Passeriformes,Aegithalidae,,accepted,classification,63D,315834,10.48580/dgykv,https://www.checklistbank.org/dataset/315834,Catalogue of Life 2026-07-17 XR
higher_taxon,,Agaricaceae,family,,Fungi,,,,,,,Agaricaceae,Agaricaceae,64F,Agaricaceae,Agaricaceae,classification,,,Eukaryota|Fungi|Basidiomycota|Agaricomycetes|Agaricales|Agaricaceae,,higher_taxon,family,Catalogue of Life,3,Eukaryota,Fungi,Basidiomycota,Agaricomycetes,Agaricales,Agaricaceae,,accepted,classification,64F,315834,10.48580/dgykv,https://www.checklistbank.org/dataset/315834,Catalogue of Life 2026-07-17 XR
higher_taxon,,Alaudidae,family,,Animalia,,,,,,,Alaudidae,Alaudidae,667,Alaudidae,Alaudidae,classification,,,Eukaryota|Animalia|Chordata|Vertebrata|Gnathostomata|Osteichthyes|Tetrapoda|Aves|Passeriformes|Alaudidae,,higher_taxon,family,Catalogue of Life,1,Eukaryota,Animalia,Chordata,Aves,Passeriformes,Alaudidae,,accepted,classification,667,315834,10.48580/dgykv,https://www.checklistbank.org/dataset/315834,Catalogue of Life 2026-07-17 XR
higher_taxon,,Amanitaceae,family,,Fungi,,,,,,,Amanitaceae,Amanitaceae,68Y,Amanitaceae,Amanitaceae,classification,,,Eukaryota|Fungi|Basidiomycota|Agaricomycetes|Agaricales|Amanitaceae,,higher_taxon,family,Catalogue of Life,1,Eukaryota,Fungi,Basidiomycota,Agaricomycetes,Agaricales,Amanitaceae,,accepted,classification,68Y,315834,10.48580/dgykv,https://www.checklistbank.org/dataset/315834,Catalogue of Life 2026-07-17 XR
higher_taxon,,Amaranthaceae,family,,Plantae,,,,,,,Amaranthaceae,Amaranthaceae,68Z,Amaranthaceae,Amaranthaceae,classification,,,Eukaryota|Plantae|Pteridobiotina|Tracheophyta|Magnoliopsida|Caryophyllales|Amaranthaceae,,higher_taxon,family,Catalogue of Life,1,Eukaryota,Plantae,Tracheophyta,Magnoliopsida,Caryophyllales,Amaranthaceae,,accepted,classification,68Z,315834,10.48580/dgykv,https://www.checklistbank.org/dataset/315834,Catalogue of Life 2026-07-17 XR
higher_taxon,,Amaryllidaceae,family,,Plantae,,,,,,,Amaryllidaceae,Amaryllidaceae,694,Amaryllidaceae,Amaryllidaceae,classification,,,Eukaryota|Plantae|Pteridobiotina|Tracheophyta|Liliopsida|Asparagales|Amaryllidaceae,,higher_taxon,family,Catalogue of Life,1,Eukaryota,Plantae,Tracheophyta,Liliopsida,Asparagales,Amaryllidaceae,,accepted,classification,694,315834,10.48580/dgykv,https://www.checklistbank.org/dataset/315834,Catalogue of Life 2026-07-17 XR
higher_taxon,,Amblystegiaceae,family,,Plantae,,,,,,,Amblystegiaceae,Amblystegiaceae,9JFYK,Amblystegiaceae,Amblystegiaceae,classification,,,Eukaryota|Plantae|Bryobiotina|Bryophyta|Bryopsida|Bryidae|Hypnanae|Hypnales|Amblystegiaceae,,higher_taxon,family,Catalogue of Life,3,Eukaryota,Plantae,Bryophyta,Bryopsida,Hypnales,Amblystegiaceae,,accepted,classification,9JFYK,315834,10.48580/dgykv,https://www.checklistbank.org/dataset/315834,Catalogue of Life 2026-07-17 XR
higher_taxon,,Apiaceae,family,,Plantae,,,,,,,Apiaceae,Apiaceae,6KC,Apiaceae,Apiaceae,classification,,,Eukaryota|Plantae|Pteridobiotina|Tracheophyta|Magnoliopsida|Apiales|Apiaceae,,higher_taxon,family,Catalogue of Life,1,Eukaryota,Plantae,Tracheophyta,Magnoliopsida,Apiales,Apiaceae,,accepted,classification,6KC,315834,10.48580/dgykv,https://www.checklistbank.org/dataset/315834,Catalogue of Life 2026-07-17 XR
higher_taxon,,Apidae,family,,Animalia,,,,,,,Apidae,Apidae,6KD,Apidae,Apidae,classification,,,Eukaryota|Animalia|Arthropoda|Hexapoda|Insecta|Hymenoptera|Apocrita|Aculeata|Apoidea|Apidae,,higher_taxon,family,Catalogue of Life,1,Eukaryota,Animalia,Arthropoda,Insecta,Hymenoptera,Apidae,,accepted,classification,6KD,315834,10.48580/dgykv,https://www.checklistbank.org/dataset/315834,Catalogue of Life 2026-07-17 XR
higher_taxon,,Araneidae,family,,Animalia,,,,,,,Araneidae,Araneidae,CTR7N,Araneidae,Araneidae,classification,,,Eukaryota|Animalia|Arthropoda|Chelicerata|Arachnida|Araneae|Araneidae,,higher_taxon,family,Catalogue of Life,1,Eukaryota,Animalia,Arthropoda,Arachnida,Araneae,Araneidae,,accepted,classification,CTR7N,315834,10.48580/dgykv,https://www.checklistbank.org/dataset/315834,Catalogue of Life 2026-07-17 XR
higher_taxon,,Asparagaceae,family,,Plantae,,,,,,,Asparagaceae,Asparagaceae,6T3,Asparagaceae,Asparagaceae,classification,,,Eukaryota|Plantae|Pteridobiotina|Tracheophyta|Liliopsida|Asparagales|Asparagaceae,,higher_taxon,family,Catalogue of Life,2,Eukaryota,Plantae,Tracheophyta,Liliopsida,Asparagales,Asparagaceae,,accepted,classification,6T3,315834,10.48580/dgykv,https://www.checklistbank.org/dataset/315834,Catalogue of Life 2026-07-17 XR
higher_taxon,,Aspleniaceae,family,,Plantae,,,,,,,Aspleniaceae,Aspleniaceae,6TQ,Aspleniaceae,Aspleniaceae,classification,,,Eukaryota|Plantae|Pteridobiotina|Tracheophyta|Polypodiopsida|Polypodiales|Aspleniaceae,,higher_taxon,family,Catalogue of Life,1,Eukaryota,Plantae,Tracheophyta,Polypodiopsida,Polypodiales,Aspleniaceae,,accepted,classification,6TQ,315834,10.48580/dgykv,https://www.checklistbank.org/dataset/315834,Catalogue of Life 2026-07-17 XR
higher_taxon,,Asteraceae,family,,Plantae,,,,,,,Asteraceae,Asteraceae,622TP,Asteraceae,Asteraceae,classification,,,Eukaryota|Plantae|Pteridobiotina|Tracheophyta|Magnoliopsida|Asterales|Asteraceae,,higher_taxon,family,Catalogue of Life,9,Eukaryota,Plantae,Tracheophyta,Magnoliopsida,Asterales,Asteraceae,,accepted,classification,622TP,315834,10.48580/dgykv,https://www.checklistbank.org/dataset/315834,Catalogue of Life 2026-07-17 XR
higher_taxon,,Bartramiaceae,family,,Plantae,,,,,,,Bartramiaceae,Bartramiaceae,9JFZ2,Bartramiaceae,Bartramiaceae,classification,,,Eukaryota|Plantae|Bryobiotina|Bryophyta|Bryopsida|Bryidae|Bryanae|Bartramiales|Bartramiaceae,,higher_taxon,family,Catalogue of Life,2,Eukaryota,Plantae,Bryophyta,Bryopsida,Bartramiales,Bartramiaceae,,accepted,classification,9JFZ2,315834,10.48580/dgykv,https://www.checklistbank.org/dataset/315834,Catalogue of Life 2026-07-17 XR
higher_taxon,,Boletaceae,family,,Fungi,,,,,,,Boletaceae,Boletaceae,79Z,Boletaceae,Boletaceae,classification,,,Eukaryota|Fungi|Basidiomycota|Agaricomycetes|Boletales|Boletaceae,,higher_taxon,family,Catalogue of Life,2,Eukaryota,Fungi,Basidiomycota,Agaricomycetes,Boletales,Boletaceae,,accepted,classification,79Z,315834,10.48580/dgykv,https://www.checklistbank.org/dataset/315834,Catalogue of Life 2026-07-17 XR
higher_taxon,,Bombinatoridae,family,,Animalia,,,,,,,Bombinatoridae,Bombinatoridae,622GJ,Bombinatoridae,Bombinatoridae,classification,,,Eukaryota|Animalia|Chordata|Vertebrata|Gnathostomata|Osteichthyes|Tetrapoda|Amphibia|Anura|Bombinatoridae,,higher_taxon,family,Catalogue of Life,1,Eukaryota,Animalia,Chordata,Amphibia,Anura,Bombinatoridae,,accepted,classification,622GJ,315834,10.48580/dgykv,https://www.checklistbank.org/dataset/315834,Catalogue of Life 2026-07-17 XR
higher_taxon,,Boraginaceae,family,,Plantae,,,,,,,Boraginaceae,Boraginaceae,622G7,Boraginaceae,Boraginaceae,classification,,,Eukaryota|Plantae|Pteridobiotina|Tracheophyta|Magnoliopsida|Boraginales|Boraginaceae,,higher_taxon,family,Catalogue of Life,2,Eukaryota,Plantae,Tracheophyta,Magnoliopsida,Boraginales,Boraginaceae,,accepted,classification,622G7,315834,10.48580/dgykv,https://www.checklistbank.org/dataset/315834,Catalogue of Life 2026-07-17 XR
higher_taxon,,Brassicaceae,family,,Plantae,,,,,,,Brassicaceae,Brassicaceae,C6GCC,Brassicaceae,Brassicaceae,classification,,,Eukaryota|Plantae|Pteridobiotina|Tracheophyta|Magnoliopsida|Capparales|Brassicaceae,,higher_taxon,family,Catalogue of Life,7,Eukaryota,Plantae,Tracheophyta,Magnoliopsida,Capparales,Brassicaceae,,accepted,classification,C6GCC,315834,10.48580/dgykv,https://www.checklistbank.org/dataset/315834,Catalogue of Life 2026-07-17 XR
higher_taxon,,Bryaceae,family,,Plantae,,,,,,,Bryaceae,Bryaceae,9JFZB,Bryaceae,Bryaceae,classification,,,Eukaryota|Plantae|Bryobiotina|Bryophyta|Bryopsida|Bryidae|Bryanae|Bryales|Bryaceae,,higher_taxon,family,Catalogue of Life,3,Eukaryota,Plantae,Bryophyta,Bryopsida,Bryales,Bryaceae,,accepted,classification,9JFZB,315834,10.48580/dgykv,https://www.checklistbank.org/dataset/315834,Catalogue of Life 2026-07-17 XR
higher_taxon,,Campanulaceae,family,,Plantae,,,,,,,Campanulaceae,Campanulaceae,LZZSM,Campanulaceae,Campanulaceae,classification,,,Eukaryota|Plantae|Pteridobiotina|Tracheophyta|Magnoliopsida|Asterales|Campanulaceae,,higher_taxon,family,Catalogue of Life,6,Eukaryota,Plantae,Tracheophyta,Magnoliopsida,Asterales,Campanulaceae,,accepted,classification,LZZSM,315834,10.48580/dgykv,https://www.checklistbank.org/dataset/315834,Catalogue of Life 2026-07-17 XR
higher_taxon,,Canidae,family,,Animalia,,,,,,,Canidae,Canidae,C3K84,Canidae,Canidae,classification,,,Eukaryota|Animalia|Chordata|Vertebrata|Gnathostomata|Osteichthyes|Tetrapoda|Mammalia|Theria|Eutheria|Carnivora|Caniformia|Canidae,,higher_taxon,family,Catalogue of Life,1,Eukaryota,Animalia,Chordata,Mammalia,Carnivora,Canidae,,accepted,classification,C3K84,315834,10.48580/dgykv,https://www.checklistbank.org/dataset/315834,Catalogue of Life 2026-07-17 XR
higher_taxon,,Caprifoliaceae,family,,Plantae,,,,,,,Caprifoliaceae,Caprifoliaceae,KV2D5,Caprifoliaceae,Caprifoliaceae,classification,,,Eukaryota|Plantae|Pteridobiotina|Tracheophyta|Magnoliopsida|Dipsacales|Caprifoliaceae,,higher_taxon,family,Catalogue of Life,1,Eukaryota,Plantae,Tracheophyta,Magnoliopsida,Dipsacales,Caprifoliaceae,,accepted,classification,KV2D5,315834,10.48580/dgykv,https://www.checklistbank.org/dataset/315834,Catalogue of Life 2026-07-17 XR
higher_taxon,,Carabidae,family,,Animalia,,,,,,,Carabidae,Carabidae,8KTL7,Carabidae,Carabidae,classification,,,Eukaryota|Animalia|Arthropoda|Hexapoda|Insecta|Coleoptera|Adephaga|Carabidae,,higher_taxon,family,Catalogue of Life,3,Eukaryota,Animalia,Arthropoda,Insecta,Coleoptera,Carabidae,,accepted,classification,8KTL7,315834,10.48580/dgykv,https://www.checklistbank.org/dataset/315834,Catalogue of Life 2026-07-17 XR
higher_taxon,,Caryophyllaceae,family,,Plantae,,,,,,,Caryophyllaceae,Caryophyllaceae,7RZ,Caryophyllaceae,Caryophyllaceae,classification,,,Eukaryota|Plantae|Pteridobiotina|Tracheophyta|Magnoliopsida|Caryophyllales|Caryophyllaceae,,higher_taxon,family,Catalogue of Life,9,Eukaryota,Plantae,Tracheophyta,Magnoliopsida,Caryophyllales,Caryophyllaceae,,accepted,classification,7RZ,315834,10.48580/dgykv,https://www.checklistbank.org/dataset/315834,Catalogue of Life 2026-07-17 XR
higher_taxon,,Cerambycidae,family,,Animalia,,,,,,,Cerambycidae,Cerambycidae,BJ5MR,Cerambycidae,Cerambycidae,classification,,,Eukaryota|Animalia|Arthropoda|Hexapoda|Insecta|Coleoptera|Polyphaga|Cucujiformia|Chrysomeloidea|Cerambycidae,,higher_taxon,family,Catalogue of Life,2,Eukaryota,Animalia,Arthropoda,Insecta,Coleoptera,Cerambycidae,,accepted,classification,BJ5MR,315834,10.48580/dgykv,https://www.checklistbank.org/dataset/315834,Catalogue of Life 2026-07-17 XR
higher_taxon,,Chrysomelidae,family,,Animalia,,,,,,,Chrysomelidae,Chrysomelidae,87S,Chrysomelidae,Chrysomelidae,classification,,,Eukaryota|Animalia|Arthropoda|Hexapoda|Insecta|Coleoptera|Polyphaga|Cucujiformia|Chrysomeloidea|Chrysomelidae,,higher_taxon,family,Catalogue of Life,1,Eukaryota,Animalia,Arthropoda,Insecta,Coleoptera,Chrysomelidae,,accepted,classification,87S,315834,10.48580/dgykv,https://www.checklistbank.org/dataset/315834,Catalogue of Life 2026-07-17 XR
higher_taxon,,Cistaceae,family,,Plantae,,,,,,,Cistaceae,Cistaceae,89R,Cistaceae,Cistaceae,classification,,,Eukaryota|Plantae|Pteridobiotina|Tracheophyta|Magnoliopsida|Malvales|Cistaceae,,higher_taxon,family,Catalogue of Life,1,Eukaryota,Plantae,Tracheophyta,Magnoliopsida,Malvales,Cistaceae,,accepted,classification,89R,315834,10.48580/dgykv,https://www.checklistbank.org/dataset/315834,Catalogue of Life 2026-07-17 XR
higher_taxon,,Coccinellidae,family,,Animalia,,,,,,,Coccinellidae,Coccinellidae,KZXW3,Coccinellidae,Coccinellidae,classification,,,Eukaryota|Animalia|Arthropoda|Hexapoda|Insecta|Coleoptera|Polyphaga|Cucujiformia|Coccinelloidea|Coccinellidae,,higher_taxon,family,Catalogue of Life,1,Eukaryota,Animalia,Arthropoda,Insecta,Coleoptera,Coccinellidae,,accepted,classification,KZXW3,315834,10.48580/dgykv,https://www.checklistbank.org/dataset/315834,Catalogue of Life 2026-07-17 XR
higher_taxon,,Colubridae,family,,Animalia,,,,,,,Colubridae,Colubridae,8G9,Colubridae,Colubridae,classification,,,Eukaryota|Animalia|Chordata|Vertebrata|Gnathostomata|Osteichthyes|Tetrapoda|Reptilia|Squamata|Serpentes|Alethinophidia|Colubridae,,higher_taxon,family,Catalogue of Life,1,Eukaryota,Animalia,Chordata,Reptilia,Squamata,Colubridae,,accepted,classification,8G9,315834,10.48580/dgykv,https://www.checklistbank.org/dataset/315834,Catalogue of Life 2026-07-17 XR
higher_taxon,,Combretaceae,family,,Plantae,,,,,,,Combretaceae,Combretaceae,8GM,Combretaceae,Combretaceae,classification,,,Eukaryota|Plantae|Pteridobiotina|Tracheophyta|Magnoliopsida|Myrtales|Combretaceae,,higher_taxon,family,Catalogue of Life,1,Eukaryota,Plantae,Tracheophyta,Magnoliopsida,Myrtales,Combretaceae,,accepted,classification,8GM,315834,10.48580/dgykv,https://www.checklistbank.org/dataset/315834,Catalogue of Life 2026-07-17 XR
higher_taxon,,Cordulegastridae,family,,Animalia,,,,,,,Cordulegastridae,Cordulegastridae,8K2,Cordulegastridae,Cordulegastridae,classification,,,Eukaryota|Animalia|Arthropoda|Hexapoda|Insecta|Odonata|Anisoptera|Cordulegastroidea|Cordulegastridae,,higher_taxon,family,Catalogue of Life,1,Eukaryota,Animalia,Arthropoda,Insecta,Odonata,Cordulegastridae,,accepted,classification,8K2,315834,10.48580/dgykv,https://www.checklistbank.org/dataset/315834,Catalogue of Life 2026-07-17 XR
higher_taxon,,Corvidae,family,,Animalia,,,,,,,Corvidae,Corvidae,8L6,Corvidae,Corvidae,classification,,,Eukaryota|Animalia|Chordata|Vertebrata|Gnathostomata|Osteichthyes|Tetrapoda|Aves|Passeriformes|Corvidae,,higher_taxon,family,Catalogue of Life,3,Eukaryota,Animalia,Chordata,Aves,Passeriformes,Corvidae,,accepted,classification,8L6,315834,10.48580/dgykv,https://www.checklistbank.org/dataset/315834,Catalogue of Life 2026-07-17 XR
higher_taxon,,Crassulaceae,family,,Plantae,,,,,,,Crassulaceae,Crassulaceae,8N6,Crassulaceae,Crassulaceae,classification,,,Eukaryota|Plantae|Pteridobiotina|Tracheophyta|Magnoliopsida|Saxifragales|Crassulaceae,,higher_taxon,family,Catalogue of Life,7,Eukaryota,Plantae,Tracheophyta,Magnoliopsida,Saxifragales,Crassulaceae,,accepted,classification,8N6,315834,10.48580/dgykv,https://www.checklistbank.org/dataset/315834,Catalogue of Life 2026-07-17 XR
higher_taxon,,Cupressaceae,family,,Plantae,,,,,,,Cupressaceae,Cupressaceae,C6N4C,Cupressaceae,Cupressaceae,classification,,,Eukaryota|Plantae|Pteridobiotina|Tracheophyta|Pinopsida|Cupressidae|Cupressales|Cupressaceae,,higher_taxon,family,Catalogue of Life,1,Eukaryota,Plantae,Tracheophyta,Pinopsida,Cupressales,Cupressaceae,,accepted,classification,C6N4C,315834,10.48580/dgykv,https://www.checklistbank.org/dataset/315834,Catalogue of Life 2026-07-17 XR
higher_taxon,,Cyperaceae,family,,Plantae,,,,,,,Cyperaceae,Cyperaceae,8W5,Cyperaceae,Cyperaceae,classification,,,Eukaryota|Plantae|Pteridobiotina|Tracheophyta|Liliopsida|Poales|Cyperaceae,,higher_taxon,family,Catalogue of Life,1,Eukaryota,Plantae,Tracheophyta,Liliopsida,Poales,Cyperaceae,,accepted,classification,8W5,315834,10.48580/dgykv,https://www.checklistbank.org/dataset/315834,Catalogue of Life 2026-07-17 XR
higher_taxon,,Cystopteridaceae,family,,Plantae,,,,,,,Cystopteridaceae,Cystopteridaceae,8XB,Cystopteridaceae,Cystopteridaceae,classification,,,Eukaryota|Plantae|Pteridobiotina|Tracheophyta|Polypodiopsida|Polypodiales|Cystopteridaceae,,higher_taxon,family,Catalogue of Life,1,Eukaryota,Plantae,Tracheophyta,Polypodiopsida,Polypodiales,Cystopteridaceae,,accepted,classification,8XB,315834,10.48580/dgykv,https://www.checklistbank.org/dataset/315834,Catalogue of Life 2026-07-17 XR
higher_taxon,,Dryopteridaceae,family,,Plantae,,,,,,,Dryopteridaceae,Dryopteridaceae,9H9,Dryopteridaceae,Dryopteridaceae,classification,,,Eukaryota|Plantae|Pteridobiotina|Tracheophyta|Polypodiopsida|Polypodiales|Dryopteridaceae,,higher_taxon,family,Catalogue of Life,2,Eukaryota,Plantae,Tracheophyta,Polypodiopsida,Polypodiales,Dryopteridaceae,,accepted,classification,9H9,315834,10.48580/dgykv,https://www.checklistbank.org/dataset/315834,Catalogue of Life 2026-07-17 XR
higher_taxon,,Emberizidae,family,,Animalia,,,,,,,Emberizidae,Emberizidae,9N5,Emberizidae,Emberizidae,classification,,,Eukaryota|Animalia|Chordata|Vertebrata|Gnathostomata|Osteichthyes|Tetrapoda|Aves|Passeriformes|Emberizidae,,higher_taxon,family,Catalogue of Life,1,Eukaryota,Animalia,Chordata,Aves,Passeriformes,Emberizidae,,accepted,classification,9N5,315834,10.48580/dgykv,https://www.checklistbank.org/dataset/315834,Catalogue of Life 2026-07-17 XR
higher_taxon,,Encalyptaceae,family,,Plantae,,,,,,,Encalyptaceae,Encalyptaceae,9JG2H,Encalyptaceae,Encalyptaceae,classification,,,Eukaryota|Plantae|Bryobiotina|Bryophyta|Bryopsida|Funariidae|Encalyptales|Encalyptaceae,,higher_taxon,family,Catalogue of Life,1,Eukaryota,Plantae,Bryophyta,Bryopsida,Encalyptales,Encalyptaceae,,accepted,classification,9JG2H,315834,10.48580/dgykv,https://www.checklistbank.org/dataset/315834,Catalogue of Life 2026-07-17 XR
higher_taxon,,Erebidae,family,,Animalia,,,,,,,Erebidae,Erebidae,NZPS6,Erebidae,Erebidae,classification,,,Eukaryota|Animalia|Arthropoda|Hexapoda|Insecta|Lepidoptera|Noctuoidea|Erebidae,,higher_taxon,family,Catalogue of Life,1,Eukaryota,Animalia,Arthropoda,Insecta,Lepidoptera,Erebidae,,accepted,classification,NZPS6,315834,10.48580/dgykv,https://www.checklistbank.org/dataset/315834,Catalogue of Life 2026-07-17 XR
higher_taxon,,Eresidae,family,,Animalia,,,,,,,Eresidae,Eresidae,CV4YY,Eresidae,Eresidae,classification,,,Eukaryota|Animalia|Arthropoda|Chelicerata|Arachnida|Araneae|Eresidae,,higher_taxon,family,Catalogue of Life,1,Eukaryota,Animalia,Arthropoda,Arachnida,Araneae,Eresidae,,accepted,classification,CV4YY,315834,10.48580/dgykv,https://www.checklistbank.org/dataset/315834,Catalogue of Life 2026-07-17 XR
higher_taxon,,Ericaceae,family,,Plantae,,,,,,,Ericaceae,Ericaceae,623P8,Ericaceae,Ericaceae,classification,,,Eukaryota|Plantae|Pteridobiotina|Tracheophyta|Magnoliopsida|Ericales|Ericaceae,,higher_taxon,family,Catalogue of Life,2,Eukaryota,Plantae,Tracheophyta,Magnoliopsida,Ericales,Ericaceae,,accepted,classification,623P8,315834,10.48580/dgykv,https://www.checklistbank.org/dataset/315834,Catalogue of Life 2026-07-17 XR
higher_taxon,,Euphorbiaceae,family,,Plantae,,,,,,,Euphorbiaceae,Euphorbiaceae,N7XM4,Euphorbiaceae,Euphorbiaceae,classification,,,Eukaryota|Plantae|Pteridobiotina|Tracheophyta|Magnoliopsida|Malpighiales|Euphorbiaceae,,higher_taxon,family,Catalogue of Life,3,Eukaryota,Plantae,Tracheophyta,Magnoliopsida,Malpighiales,Euphorbiaceae,,accepted,classification,N7XM4,315834,10.48580/dgykv,https://www.checklistbank.org/dataset/315834,Catalogue of Life 2026-07-17 XR
higher_taxon,,Fabaceae,family,,Plantae,,,,,,,Fabaceae,Fabaceae,623QT,Fabaceae,Fabaceae,classification,,,Eukaryota|Plantae|Pteridobiotina|Tracheophyta|Magnoliopsida|Fabales|Fabaceae,,higher_taxon,family,Catalogue of Life,6,Eukaryota,Plantae,Tracheophyta,Magnoliopsida,Fabales,Fabaceae,,accepted,classification,623QT,315834,10.48580/dgykv,https://www.checklistbank.org/dataset/315834,Catalogue of Life 2026-07-17 XR
higher_taxon,,Fagaceae,family,,Plantae,,,,,,,Fagaceae,Fagaceae,NPBN9,Fagaceae,Fagaceae,classification,,,Eukaryota|Plantae|Pteridobiotina|Tracheophyta|Magnoliopsida|Fagales|Fagaceae,,higher_taxon,family,Catalogue of Life,1,Eukaryota,Plantae,Tracheophyta,Magnoliopsida,Fagales,Fagaceae,,accepted,classification,NPBN9,315834,10.48580/dgykv,https://www.checklistbank.org/dataset/315834,Catalogue of Life 2026-07-17 XR
higher_taxon,,Falconidae,family,,Animalia,,,,,,,Falconidae,Falconidae,623R8,Falconidae,Falconidae,classification,,,Eukaryota|Animalia|Chordata|Vertebrata|Gnathostomata|Osteichthyes|Tetrapoda|Aves|Falconiformes|Falconidae,,higher_taxon,family,Catalogue of Life,1,Eukaryota,Animalia,Chordata,Aves,Falconiformes,Falconidae,,accepted,classification,623R8,315834,10.48580/dgykv,https://www.checklistbank.org/dataset/315834,Catalogue of Life 2026-07-17 XR
higher_taxon,,Fomitopsidaceae,family,,Fungi,,,,,,,Fomitopsidaceae,Fomitopsidaceae,623T3,Fomitopsidaceae,Fomitopsidaceae,classification,,,Eukaryota|Fungi|Basidiomycota|Agaricomycetes|Polyporales|Fomitopsidaceae,,higher_taxon,family,Catalogue of Life,1,Eukaryota,Fungi,Basidiomycota,Agaricomycetes,Polyporales,Fomitopsidaceae,,accepted,classification,623T3,315834,10.48580/dgykv,https://www.checklistbank.org/dataset/315834,Catalogue of Life 2026-07-17 XR
higher_taxon,,Formicidae,family,,Animalia,,,,,,,Formicidae,Formicidae,CLRKP,Formicidae,Formicidae,classification,,,Eukaryota|Animalia|Arthropoda|Hexapoda|Insecta|Hymenoptera|Apocrita|Aculeata|Formicoidea|Formicidae,,higher_taxon,family,Catalogue of Life,1,Eukaryota,Animalia,Arthropoda,Insecta,Hymenoptera,Formicidae,,accepted,classification,CLRKP,315834,10.48580/dgykv,https://www.checklistbank.org/dataset/315834,Catalogue of Life 2026-07-17 XR
higher_taxon,,Fringillidae,family,,Animalia,,,,,,,Fringillidae,Fringillidae,6244D,Fringillidae,Fringillidae,classification,,,Eukaryota|Animalia|Chordata|Vertebrata|Gnathostomata|Osteichthyes|Tetrapoda|Aves|Passeriformes|Fringillidae,,higher_taxon,family,Catalogue of Life,4,Eukaryota,Animalia,Chordata,Aves,Passeriformes,Fringillidae,,accepted,classification,6244D,315834,10.48580/dgykv,https://www.checklistbank.org/dataset/315834,Catalogue of Life 2026-07-17 XR
higher_taxon,,Galeropsidaceae,family,,Fungi,,,,,,,Galeropsidaceae,Galeropsidaceae,C9X2D,Galeropsidaceae,Galeropsidaceae,classification,,,Eukaryota|Fungi|Basidiomycota|Agaricomycetes|Agaricales|Galeropsidaceae,,higher_taxon,family,Catalogue of Life,1,Eukaryota,Fungi,Basidiomycota,Agaricomycetes,Agaricales,Galeropsidaceae,,accepted,classification,C9X2D,315834,10.48580/dgykv,https://www.checklistbank.org/dataset/315834,Catalogue of Life 2026-07-17 XR
higher_taxon,,Gentianaceae,family,,Plantae,,,,,,,Gentianaceae,Gentianaceae,6247C,Gentianaceae,Gentianaceae,classification,,,Eukaryota|Plantae|Pteridobiotina|Tracheophyta|Magnoliopsida|Gentianales|Gentianaceae,,higher_taxon,family,Catalogue of Life,4,Eukaryota,Plantae,Tracheophyta,Magnoliopsida,Gentianales,Gentianaceae,,accepted,classification,6247C,315834,10.48580/dgykv,https://www.checklistbank.org/dataset/315834,Catalogue of Life 2026-07-17 XR
higher_taxon,,Geometridae,family,,Animalia,,,,,,,Geometridae,Geometridae,C76TY,Geometridae,Geometridae,classification,,,Eukaryota|Animalia|Arthropoda|Hexapoda|Insecta|Lepidoptera|Geometroidea|Geometridae,,higher_taxon,family,Catalogue of Life,3,Eukaryota,Animalia,Arthropoda,Insecta,Lepidoptera,Geometridae,,accepted,classification,C76TY,315834,10.48580/dgykv,https://www.checklistbank.org/dataset/315834,Catalogue of Life 2026-07-17 XR
higher_taxon,,Geotrupidae,family,,Animalia,,,,,,,Geotrupidae,Geotrupidae,623GB,Geotrupidae,Geotrupidae,classification,,,Eukaryota|Animalia|Arthropoda|Hexapoda|Insecta|Coleoptera|Polyphaga|Staphyliniformia|Scarabaeoidea|Geotrupidae,,higher_taxon,family,Catalogue of Life,1,Eukaryota,Animalia,Arthropoda,Insecta,Coleoptera,Geotrupidae,,accepted,classification,623GB,315834,10.48580/dgykv,https://www.checklistbank.org/dataset/315834,Catalogue of Life 2026-07-17 XR
higher_taxon,,Geraniaceae,family,,Plantae,,,,,,,Geraniaceae,Geraniaceae,623GK,Geraniaceae,Geraniaceae,classification,,,Eukaryota|Plantae|Pteridobiotina|Tracheophyta|Magnoliopsida|Geraniales|Geraniaceae,,higher_taxon,family,Catalogue of Life,4,Eukaryota,Plantae,Tracheophyta,Magnoliopsida,Geraniales,Geraniaceae,,accepted,classification,623GK,315834,10.48580/dgykv,https://www.checklistbank.org/dataset/315834,Catalogue of Life 2026-07-17 XR
higher_taxon,,Grimmiaceae,family,,Plantae,,,,,,,Grimmiaceae,Grimmiaceae,9JG34,Grimmiaceae,Grimmiaceae,classification,,,Eukaryota|Plantae|Bryobiotina|Bryophyta|Bryopsida|Dicranidae|Grimmiales|Grimmiaceae,,higher_taxon,family,Catalogue of Life,4,Eukaryota,Plantae,Bryophyta,Bryopsida,Grimmiales,Grimmiaceae,,accepted,classification,9JG34,315834,10.48580/dgykv,https://www.checklistbank.org/dataset/315834,Catalogue of Life 2026-07-17 XR
higher_taxon,,Gryllidae,family,,Animalia,,,,,,,Gryllidae,Gryllidae,8NKKY,Gryllidae,Gryllidae,classification,,,Eukaryota|Animalia|Arthropoda|Hexapoda|Insecta|Orthoptera|Ensifera|Gryllidea|Grylloidea|Gryllidae,,higher_taxon,family,Catalogue of Life,1,Eukaryota,Animalia,Arthropoda,Insecta,Orthoptera,Gryllidae,,accepted,classification,8NKKY,315834,10.48580/dgykv,https://www.checklistbank.org/dataset/315834,Catalogue of Life 2026-07-17 XR
higher_taxon,,Hirundinidae,family,,Animalia,,,,,,,Hirundinidae,Hirundinidae,B3Y,Hirundinidae,Hirundinidae,classification,,,Eukaryota|Animalia|Chordata|Vertebrata|Gnathostomata|Osteichthyes|Tetrapoda|Aves|Passeriformes|Hirundinidae,,higher_taxon,family,Catalogue of Life,1,Eukaryota,Animalia,Chordata,Aves,Passeriformes,Hirundinidae,,accepted,classification,B3Y,315834,10.48580/dgykv,https://www.checklistbank.org/dataset/315834,Catalogue of Life 2026-07-17 XR
higher_taxon,,Hygrophoropsidaceae,family,,Fungi,,,,,,,Hygrophoropsidaceae,Hygrophoropsidaceae,62579,Hygrophoropsidaceae,Hygrophoropsidaceae,classification,,,Eukaryota|Fungi|Basidiomycota|Agaricomycetes|Boletales|Hygrophoropsidaceae,,higher_taxon,family,Catalogue of Life,1,Eukaryota,Fungi,Basidiomycota,Agaricomycetes,Boletales,Hygrophoropsidaceae,,accepted,classification,62579,315834,10.48580/dgykv,https://www.checklistbank.org/dataset/315834,Catalogue of Life 2026-07-17 XR
higher_taxon,,Hymenogastraceae,family,,Fungi,,,,,,,Hymenogastraceae,Hymenogastraceae,B9T,Hymenogastraceae,Hymenogastraceae,classification,,,Eukaryota|Fungi|Basidiomycota|Agaricomycetes|Agaricales|Hymenogastraceae,,higher_taxon,family,Catalogue of Life,2,Eukaryota,Fungi,Basidiomycota,Agaricomycetes,Agaricales,Hymenogastraceae,,accepted,classification,B9T,315834,10.48580/dgykv,https://www.checklistbank.org/dataset/315834,Catalogue of Life 2026-07-17 XR
higher_taxon,,Hypericaceae,family,,Plantae,,,,,,,Hypericaceae,Hypericaceae,6257N,Hypericaceae,Hypericaceae,classification,,,Eukaryota|Plantae|Pteridobiotina|Tracheophyta|Magnoliopsida|Malpighiales|Hypericaceae,,higher_taxon,family,Catalogue of Life,3,Eukaryota,Plantae,Tracheophyta,Magnoliopsida,Malpighiales,Hypericaceae,,accepted,classification,6257N,315834,10.48580/dgykv,https://www.checklistbank.org/dataset/315834,Catalogue of Life 2026-07-17 XR
higher_taxon,,Icmadophilaceae,family,,Fungi,,,,,,,Icmadophilaceae,Icmadophilaceae,BCW,Icmadophilaceae,Icmadophilaceae,classification,,,Eukaryota|Fungi|Ascomycota|Lecanoromycetes|Pertusariales|Icmadophilaceae,,higher_taxon,family,Catalogue of Life,1,Eukaryota,Fungi,Ascomycota,Lecanoromycetes,Pertusariales,Icmadophilaceae,,accepted,classification,BCW,315834,10.48580/dgykv,https://www.checklistbank.org/dataset/315834,Catalogue of Life 2026-07-17 XR
higher_taxon,,Iridaceae,family,,Plantae,,,,,,,Iridaceae,Iridaceae,BFJ,Iridaceae,Iridaceae,classification,,,Eukaryota|Plantae|Pteridobiotina|Tracheophyta|Liliopsida|Asparagales|Iridaceae,,higher_taxon,family,Catalogue of Life,2,Eukaryota,Plantae,Tracheophyta,Liliopsida,Asparagales,Iridaceae,,accepted,classification,BFJ,315834,10.48580/dgykv,https://www.checklistbank.org/dataset/315834,Catalogue of Life 2026-07-17 XR
higher_taxon,,Juncaceae,family,,Plantae,,,,,,,Juncaceae,Juncaceae,BJG,Juncaceae,Juncaceae,classification,,,Eukaryota|Plantae|Pteridobiotina|Tracheophyta|Liliopsida|Poales|Juncaceae,,higher_taxon,family,Catalogue of Life,1,Eukaryota,Plantae,Tracheophyta,Liliopsida,Poales,Juncaceae,,accepted,classification,BJG,315834,10.48580/dgykv,https://www.checklistbank.org/dataset/315834,Catalogue of Life 2026-07-17 XR
higher_taxon,,Lacertidae,family,,Animalia,,,,,,,Lacertidae,Lacertidae,6258X,Lacertidae,Lacertidae,classification,,,Eukaryota|Animalia|Chordata|Vertebrata|Gnathostomata|Osteichthyes|Tetrapoda|Reptilia|Squamata|Autarchoglossa|Lacertidae,,higher_taxon,family,Catalogue of Life,1,Eukaryota,Animalia,Chordata,Reptilia,Squamata,Lacertidae,,accepted,classification,6258X,315834,10.48580/dgykv,https://www.checklistbank.org/dataset/315834,Catalogue of Life 2026-07-17 XR
higher_taxon,,Lamiaceae,family,,Plantae,,,,,,,Lamiaceae,Lamiaceae,PR82T,Lamiaceae,Lamiaceae,classification,,,Eukaryota|Plantae|Pteridobiotina|Tracheophyta|Magnoliopsida|Lamiales|Lamiaceae,,higher_taxon,family,Catalogue of Life,2,Eukaryota,Plantae,Tracheophyta,Magnoliopsida,Lamiales,Lamiaceae,,accepted,classification,PR82T,315834,10.48580/dgykv,https://www.checklistbank.org/dataset/315834,Catalogue of Life 2026-07-17 XR
higher_taxon,,Lasiocampidae,family,,Animalia,,,,,,,Lasiocampidae,Lasiocampidae,KX2VN,Lasiocampidae,Lasiocampidae,classification,,,Eukaryota|Animalia|Arthropoda|Hexapoda|Insecta|Lepidoptera|Lasiocampoidea|Lasiocampidae,,higher_taxon,family,Catalogue of Life,1,Eukaryota,Animalia,Arthropoda,Insecta,Lepidoptera,Lasiocampidae,,accepted,classification,KX2VN,315834,10.48580/dgykv,https://www.checklistbank.org/dataset/315834,Catalogue of Life 2026-07-17 XR
higher_taxon,,Lentibulariaceae,family,,Plantae,,,,,,,Lentibulariaceae,Lentibulariaceae,BVK,Lentibulariaceae,Lentibulariaceae,classification,,,Eukaryota|Plantae|Pteridobiotina|Tracheophyta|Magnoliopsida|Lamiales|Lentibulariaceae,,higher_taxon,family,Catalogue of Life,1,Eukaryota,Plantae,Tracheophyta,Magnoliopsida,Lamiales,Lentibulariaceae,,accepted,classification,BVK,315834,10.48580/dgykv,https://www.checklistbank.org/dataset/315834,Catalogue of Life 2026-07-17 XR
higher_taxon,,Libellulidae,family,,Animalia,,,,,,,Libellulidae,Libellulidae,9WKKB,Libellulidae,Libellulidae,classification,,,Eukaryota|Animalia|Arthropoda|Hexapoda|Insecta|Odonata|Anisoptera|Libelluloidea|Libellulidae,,higher_taxon,family,Catalogue of Life,1,Eukaryota,Animalia,Arthropoda,Insecta,Odonata,Libellulidae,,accepted,classification,9WKKB,315834,10.48580/dgykv,https://www.checklistbank.org/dataset/315834,Catalogue of Life 2026-07-17 XR
higher_taxon,,Liliaceae,family,,Plantae,,,,,,,Liliaceae,Liliaceae,6259D,Liliaceae,Liliaceae,classification,,,Eukaryota|Plantae|Pteridobiotina|Tracheophyta|Liliopsida|Liliales|Liliaceae,,higher_taxon,family,Catalogue of Life,3,Eukaryota,Plantae,Tracheophyta,Liliopsida,Liliales,Liliaceae,,accepted,classification,6259D,315834,10.48580/dgykv,https://www.checklistbank.org/dataset/315834,Catalogue of Life 2026-07-17 XR
higher_taxon,,Limacidae,family,,Animalia,,,,,,,Limacidae,Limacidae,8R3JH,Limacidae,Limacidae,classification,,,Eukaryota|Animalia|Mollusca|Gastropoda|Heterobranchia|Euthyneura|Tectipleura|Eupulmonata|Limacoidei|Limacoidea|Limacidae,,higher_taxon,family,Catalogue of Life,1,Eukaryota,Animalia,Mollusca,Gastropoda,,Limacidae,,accepted,classification,8R3JH,315834,10.48580/dgykv,https://www.checklistbank.org/dataset/315834,Catalogue of Life 2026-07-17 XR
higher_taxon,,Lophoziaceae,family,,Plantae,,,,,,,Lophoziaceae,Lophoziaceae,9JG47,Lophoziaceae,Lophoziaceae,classification,,,Eukaryota|Plantae|Bryobiotina|Marchantiophyta|Jungermanniopsida|Jungermanniidae|Lophoziales|Lophoziaceae,,higher_taxon,family,Catalogue of Life,1,Eukaryota,Plantae,Marchantiophyta,Jungermanniopsida,Lophoziales,Lophoziaceae,,accepted,classification,9JG47,315834,10.48580/dgykv,https://www.checklistbank.org/dataset/315834,Catalogue of Life 2026-07-17 XR
higher_taxon,,Lycaenidae,family,,Animalia,,,,,,,Lycaenidae,Lycaenidae,C98,Lycaenidae,Lycaenidae,classification,,,Eukaryota|Animalia|Arthropoda|Hexapoda|Insecta|Lepidoptera|Papilionoidea|Lycaenidae,,higher_taxon,family,Catalogue of Life,6,Eukaryota,Animalia,Arthropoda,Insecta,Lepidoptera,Lycaenidae,,accepted,classification,C98,315834,10.48580/dgykv,https://www.checklistbank.org/dataset/315834,Catalogue of Life 2026-07-17 XR
higher_taxon,,Lycoperdaceae,family,,Fungi,,,,,,,Lycoperdaceae,Lycoperdaceae,9YL2V,Lycoperdaceae,Lycoperdaceae,classification,,,Eukaryota|Fungi|Basidiomycota|Agaricomycetes|Agaricales|Lycoperdaceae,,higher_taxon,family,Catalogue of Life,1,Eukaryota,Fungi,Basidiomycota,Agaricomycetes,Agaricales,Lycoperdaceae,,accepted,classification,9YL2V,315834,10.48580/dgykv,https://www.checklistbank.org/dataset/315834,Catalogue of Life 2026-07-17 XR
higher_taxon,,Malvaceae,family,,Plantae,,,,,,,Malvaceae,Malvaceae,CDB,Malvaceae,Malvaceae,classification,,,Eukaryota|Plantae|Pteridobiotina|Tracheophyta|Magnoliopsida|Malvales|Malvaceae,,higher_taxon,family,Catalogue of Life,1,Eukaryota,Plantae,Tracheophyta,Magnoliopsida,Malvales,Malvaceae,,accepted,classification,CDB,315834,10.48580/dgykv,https://www.checklistbank.org/dataset/315834,Catalogue of Life 2026-07-17 XR
higher_taxon,,Melanthiaceae,family,,Plantae,,,,,,,Melanthiaceae,Melanthiaceae,CK6,Melanthiaceae,Melanthiaceae,classification,,,Eukaryota|Plantae|Pteridobiotina|Tracheophyta|Liliopsida|Liliales|Melanthiaceae,,higher_taxon,family,Catalogue of Life,1,Eukaryota,Plantae,Tracheophyta,Liliopsida,Liliales,Melanthiaceae,,accepted,classification,CK6,315834,10.48580/dgykv,https://www.checklistbank.org/dataset/315834,Catalogue of Life 2026-07-17 XR
higher_taxon,,Meloidae,family,,Animalia,,,,,,,Meloidae,Meloidae,KVJL2,Meloidae,Meloidae,classification,,,Eukaryota|Animalia|Arthropoda|Hexapoda|Insecta|Coleoptera|Polyphaga|Cucujiformia|Tenebrionoidea|Meloidae,,higher_taxon,family,Catalogue of Life,2,Eukaryota,Animalia,Arthropoda,Insecta,Coleoptera,Meloidae,,accepted,classification,KVJL2,315834,10.48580/dgykv,https://www.checklistbank.org/dataset/315834,Catalogue of Life 2026-07-17 XR
higher_taxon,,Mniaceae,family,,Plantae,,,,,,,Mniaceae,Mniaceae,9JG89,Mniaceae,Mniaceae,classification,,,Eukaryota|Plantae|Bryobiotina|Bryophyta|Bryopsida|Bryidae|Bryanae|Bryales|Mniaceae,,higher_taxon,family,Catalogue of Life,1,Eukaryota,Plantae,Bryophyta,Bryopsida,Bryales,Mniaceae,,accepted,classification,9JG89,315834,10.48580/dgykv,https://www.checklistbank.org/dataset/315834,Catalogue of Life 2026-07-17 XR
higher_taxon,,Motacillidae,family,,Animalia,,,,,,,Motacillidae,Motacillidae,CYC,Motacillidae,Motacillidae,classification,,,Eukaryota|Animalia|Chordata|Vertebrata|Gnathostomata|Osteichthyes|Tetrapoda|Aves|Passeriformes|Motacillidae,,higher_taxon,family,Catalogue of Life,2,Eukaryota,Animalia,Chordata,Aves,Passeriformes,Motacillidae,,accepted,classification,CYC,315834,10.48580/dgykv,https://www.checklistbank.org/dataset/315834,Catalogue of Life 2026-07-17 XR
higher_taxon,,Muscicapidae,family,,Animalia,,,,,,,Muscicapidae,Muscicapidae,CZN,Muscicapidae,Muscicapidae,classification,,,Eukaryota|Animalia|Chordata|Vertebrata|Gnathostomata|Osteichthyes|Tetrapoda|Aves|Passeriformes|Muscicapidae,,higher_taxon,family,Catalogue of Life,3,Eukaryota,Animalia,Chordata,Aves,Passeriformes,Muscicapidae,,accepted,classification,CZN,315834,10.48580/dgykv,https://www.checklistbank.org/dataset/315834,Catalogue of Life 2026-07-17 XR
higher_taxon,,Noctuidae,family,,Animalia,,,,,,,Noctuidae,Noctuidae,CQPF8,Noctuidae,Noctuidae,classification,,,Eukaryota|Animalia|Arthropoda|Hexapoda|Insecta|Lepidoptera|Noctuoidea|Noctuidae,,higher_taxon,family,Catalogue of Life,1,Eukaryota,Animalia,Arthropoda,Insecta,Lepidoptera,Noctuidae,,accepted,classification,CQPF8,315834,10.48580/dgykv,https://www.checklistbank.org/dataset/315834,Catalogue of Life 2026-07-17 XR
higher_taxon,,Nymphalidae,family,,Animalia,,,,,,,Nymphalidae,Nymphalidae,DGC,Nymphalidae,Nymphalidae,classification,,,Eukaryota|Animalia|Arthropoda|Hexapoda|Insecta|Lepidoptera|Papilionoidea|Nymphalidae,,higher_taxon,family,Catalogue of Life,11,Eukaryota,Animalia,Arthropoda,Insecta,Lepidoptera,Nymphalidae,,accepted,classification,DGC,315834,10.48580/dgykv,https://www.checklistbank.org/dataset/315834,Catalogue of Life 2026-07-17 XR
higher_taxon,,Onagraceae,family,,Plantae,,,,,,,Onagraceae,Onagraceae,DL8,Onagraceae,Onagraceae,classification,,,Eukaryota|Plantae|Pteridobiotina|Tracheophyta|Magnoliopsida|Myrtales|Onagraceae,,higher_taxon,family,Catalogue of Life,1,Eukaryota,Plantae,Tracheophyta,Magnoliopsida,Myrtales,Onagraceae,,accepted,classification,DL8,315834,10.48580/dgykv,https://www.checklistbank.org/dataset/315834,Catalogue of Life 2026-07-17 XR
higher_taxon,,Ophioglossaceae,family,,Plantae,,,,,,,Ophioglossaceae,Ophioglossaceae,KT8B2,Ophioglossaceae,Ophioglossaceae,classification,,,Eukaryota|Plantae|Pteridobiotina|Tracheophyta|Polypodiopsida|Ophioglossales|Ophioglossaceae,,higher_taxon,family,Catalogue of Life,1,Eukaryota,Plantae,Tracheophyta,Polypodiopsida,Ophioglossales,Ophioglossaceae,,accepted,classification,KT8B2,315834,10.48580/dgykv,https://www.checklistbank.org/dataset/315834,Catalogue of Life 2026-07-17 XR
higher_taxon,,Orchidaceae,family,,Plantae,,,,,,,Orchidaceae,Orchidaceae,DPL,Orchidaceae,Orchidaceae,classification,,,Eukaryota|Plantae|Pteridobiotina|Tracheophyta|Liliopsida|Asparagales|Orchidaceae,,higher_taxon,family,Catalogue of Life,3,Eukaryota,Plantae,Tracheophyta,Liliopsida,Asparagales,Orchidaceae,,accepted,classification,DPL,315834,10.48580/dgykv,https://www.checklistbank.org/dataset/315834,Catalogue of Life 2026-07-17 XR
higher_taxon,,Orobanchaceae,family,,Plantae,,,,,,,Orobanchaceae,Orobanchaceae,DQG,Orobanchaceae,Orobanchaceae,classification,,,Eukaryota|Plantae|Pteridobiotina|Tracheophyta|Magnoliopsida|Lamiales|Orobanchaceae,,higher_taxon,family,Catalogue of Life,3,Eukaryota,Plantae,Tracheophyta,Magnoliopsida,Lamiales,Orobanchaceae,,accepted,classification,DQG,315834,10.48580/dgykv,https://www.checklistbank.org/dataset/315834,Catalogue of Life 2026-07-17 XR
higher_taxon,,Paridae,family,,Animalia,,,,,,,Paridae,Paridae,626B2,Paridae,Paridae,classification,,,Eukaryota|Animalia|Chordata|Vertebrata|Gnathostomata|Osteichthyes|Tetrapoda|Aves|Passeriformes|Paridae,,higher_taxon,family,Catalogue of Life,2,Eukaryota,Animalia,Chordata,Aves,Passeriformes,Paridae,,accepted,classification,626B2,315834,10.48580/dgykv,https://www.checklistbank.org/dataset/315834,Catalogue of Life 2026-07-17 XR
higher_taxon,,Parmeliaceae,family,,Fungi,,,,,,,Parmeliaceae,Parmeliaceae,626CB,Parmeliaceae,Parmeliaceae,classification,,,Eukaryota|Fungi|Ascomycota|Lecanoromycetes|Lecanorales|Parmeliaceae,,higher_taxon,family,Catalogue of Life,1,Eukaryota,Fungi,Ascomycota,Lecanoromycetes,Lecanorales,Parmeliaceae,,accepted,classification,626CB,315834,10.48580/dgykv,https://www.checklistbank.org/dataset/315834,Catalogue of Life 2026-07-17 XR
higher_taxon,,Passeridae,family,,Animalia,,,,,,,Passeridae,Passeridae,626DC,Passeridae,Passeridae,classification,,,Eukaryota|Animalia|Chordata|Vertebrata|Gnathostomata|Osteichthyes|Tetrapoda|Aves|Passeriformes|Passeridae,,higher_taxon,family,Catalogue of Life,1,Eukaryota,Animalia,Chordata,Aves,Passeriformes,Passeridae,,accepted,classification,626DC,315834,10.48580/dgykv,https://www.checklistbank.org/dataset/315834,Catalogue of Life 2026-07-17 XR
higher_taxon,,Phylloscopidae,family,,Animalia,,,,,,,Phylloscopidae,Phylloscopidae,625K5,Phylloscopidae,Phylloscopidae,classification,,,Eukaryota|Animalia|Chordata|Vertebrata|Gnathostomata|Osteichthyes|Tetrapoda|Aves|Passeriformes|Phylloscopidae,,higher_taxon,family,Catalogue of Life,2,Eukaryota,Animalia,Chordata,Aves,Passeriformes,Phylloscopidae,,accepted,classification,625K5,315834,10.48580/dgykv,https://www.checklistbank.org/dataset/315834,Catalogue of Life 2026-07-17 XR
higher_taxon,,Physalacriaceae,family,,Fungi,,,,,,,Physalacriaceae,Physalacriaceae,625LK,Physalacriaceae,Physalacriaceae,classification,,,Eukaryota|Fungi|Basidiomycota|Agaricomycetes|Agaricales|Physalacriaceae,,higher_taxon,family,Catalogue of Life,2,Eukaryota,Fungi,Basidiomycota,Agaricomycetes,Agaricales,Physalacriaceae,,accepted,classification,625LK,315834,10.48580/dgykv,https://www.checklistbank.org/dataset/315834,Catalogue of Life 2026-07-17 XR
higher_taxon,,Physaraceae,family,,Protozoa,,,,,,,Physaraceae,Physaraceae,625LN,Physaraceae,Physaraceae,classification,,,Eukaryota|Protozoa|Mycetozoa|Myxomycetes|Physarales|Physaraceae,,higher_taxon,family,Catalogue of Life,1,Eukaryota,Protozoa,Mycetozoa,Myxomycetes,Physarales,Physaraceae,,accepted,classification,625LN,315834,10.48580/dgykv,https://www.checklistbank.org/dataset/315834,Catalogue of Life 2026-07-17 XR
higher_taxon,,Pinaceae,family,,Plantae,,,,,,,Pinaceae,Pinaceae,C7ZVG,Pinaceae,Pinaceae,classification,,,Eukaryota|Plantae|Pteridobiotina|Tracheophyta|Pinopsida|Pinidae|Pinales|Pinaceae,,higher_taxon,family,Catalogue of Life,3,Eukaryota,Plantae,Tracheophyta,Pinopsida,Pinales,Pinaceae,,accepted,classification,C7ZVG,315834,10.48580/dgykv,https://www.checklistbank.org/dataset/315834,Catalogue of Life 2026-07-17 XR
higher_taxon,,Plantaginaceae,family,,Plantae,,,,,,,Plantaginaceae,Plantaginaceae,6262K,Plantaginaceae,Plantaginaceae,classification,,,Eukaryota|Plantae|Pteridobiotina|Tracheophyta|Magnoliopsida|Lamiales|Plantaginaceae,,higher_taxon,family,Catalogue of Life,4,Eukaryota,Plantae,Tracheophyta,Magnoliopsida,Lamiales,Plantaginaceae,,accepted,classification,6262K,315834,10.48580/dgykv,https://www.checklistbank.org/dataset/315834,Catalogue of Life 2026-07-17 XR
higher_taxon,,Poaceae,family,,Plantae,,,,,,,Poaceae,Poaceae,627FW,Poaceae,Poaceae,classification,,,Eukaryota|Plantae|Pteridobiotina|Tracheophyta|Liliopsida|Poales|Poaceae,,higher_taxon,family,Catalogue of Life,1,Eukaryota,Plantae,Tracheophyta,Liliopsida,Poales,Poaceae,,accepted,classification,627FW,315834,10.48580/dgykv,https://www.checklistbank.org/dataset/315834,Catalogue of Life 2026-07-17 XR
higher_taxon,,Polygalaceae,family,,Plantae,,,,,,,Polygalaceae,Polygalaceae,627KC,Polygalaceae,Polygalaceae,classification,,,Eukaryota|Plantae|Pteridobiotina|Tracheophyta|Magnoliopsida|Fabales|Polygalaceae,,higher_taxon,family,Catalogue of Life,1,Eukaryota,Plantae,Tracheophyta,Magnoliopsida,Fabales,Polygalaceae,,accepted,classification,627KC,315834,10.48580/dgykv,https://www.checklistbank.org/dataset/315834,Catalogue of Life 2026-07-17 XR
higher_taxon,,Polygonaceae,family,,Plantae,,,,,,,Polygonaceae,Polygonaceae,627KD,Polygonaceae,Polygonaceae,classification,,,Eukaryota|Plantae|Pteridobiotina|Tracheophyta|Magnoliopsida|Caryophyllales|Polygonaceae,,higher_taxon,family,Catalogue of Life,1,Eukaryota,Plantae,Tracheophyta,Magnoliopsida,Caryophyllales,Polygonaceae,,accepted,classification,627KD,315834,10.48580/dgykv,https://www.checklistbank.org/dataset/315834,Catalogue of Life 2026-07-17 XR
higher_taxon,,Polytrichaceae,family,,Plantae,,,,,,,Polytrichaceae,Polytrichaceae,9JGDX,Polytrichaceae,Polytrichaceae,classification,,,Eukaryota|Plantae|Bryobiotina|Bryophyta|Polytrichopsida|Polytrichales|Polytrichaceae,,higher_taxon,family,Catalogue of Life,1,Eukaryota,Plantae,Bryophyta,Polytrichopsida,Polytrichales,Polytrichaceae,,accepted,classification,9JGDX,315834,10.48580/dgykv,https://www.checklistbank.org/dataset/315834,Catalogue of Life 2026-07-17 XR
higher_taxon,,Pottiaceae,family,,Plantae,,,,,,,Pottiaceae,Pottiaceae,9JGDZ,Pottiaceae,Pottiaceae,classification,,,Eukaryota|Plantae|Bryobiotina|Bryophyta|Bryopsida|Dicranidae|Pottiales|Pottiaceae,,higher_taxon,family,Catalogue of Life,1,Eukaryota,Plantae,Bryophyta,Bryopsida,Pottiales,Pottiaceae,,accepted,classification,9JGDZ,315834,10.48580/dgykv,https://www.checklistbank.org/dataset/315834,Catalogue of Life 2026-07-17 XR
higher_taxon,,Primulaceae,family,,Plantae,,,,,,,Primulaceae,Primulaceae,627BN,Primulaceae,Primulaceae,classification,,,Eukaryota|Plantae|Pteridobiotina|Tracheophyta|Magnoliopsida|Ericales|Primulaceae,,higher_taxon,family,Catalogue of Life,2,Eukaryota,Plantae,Tracheophyta,Magnoliopsida,Ericales,Primulaceae,,accepted,classification,627BN,315834,10.48580/dgykv,https://www.checklistbank.org/dataset/315834,Catalogue of Life 2026-07-17 XR
higher_taxon,,Prunellidae,family,,Animalia,,,,,,,Prunellidae,Prunellidae,F6N,Prunellidae,Prunellidae,classification,,,Eukaryota|Animalia|Chordata|Vertebrata|Gnathostomata|Osteichthyes|Tetrapoda|Aves|Passeriformes|Prunellidae,,higher_taxon,family,Catalogue of Life,1,Eukaryota,Animalia,Chordata,Aves,Passeriformes,Prunellidae,,accepted,classification,F6N,315834,10.48580/dgykv,https://www.checklistbank.org/dataset/315834,Catalogue of Life 2026-07-17 XR
higher_taxon,,Psathyrellaceae,family,,Fungi,,,,,,,Psathyrellaceae,Psathyrellaceae,F75,Psathyrellaceae,Psathyrellaceae,classification,,,Eukaryota|Fungi|Basidiomycota|Agaricomycetes|Agaricales|Psathyrellaceae,,higher_taxon,family,Catalogue of Life,1,Eukaryota,Fungi,Basidiomycota,Agaricomycetes,Agaricales,Psathyrellaceae,,accepted,classification,F75,315834,10.48580/dgykv,https://www.checklistbank.org/dataset/315834,Catalogue of Life 2026-07-17 XR
higher_taxon,,Pyronemataceae,family,,Fungi,,,,,,,Pyronemataceae,Pyronemataceae,FGR,Pyronemataceae,Pyronemataceae,classification,,,Eukaryota|Fungi|Ascomycota|Pezizomycetes|Pezizales|Pyronemataceae,,higher_taxon,family,Catalogue of Life,1,Eukaryota,Fungi,Ascomycota,Pezizomycetes,Pezizales,Pyronemataceae,,accepted,classification,FGR,315834,10.48580/dgykv,https://www.checklistbank.org/dataset/315834,Catalogue of Life 2026-07-17 XR
higher_taxon,,Ramalinaceae,family,,Fungi,,,,,,,Ramalinaceae,Ramalinaceae,FJB,Ramalinaceae,Ramalinaceae,classification,,,Eukaryota|Fungi|Ascomycota|Lecanoromycetes|Lecanorales|Ramalinaceae,,higher_taxon,family,Catalogue of Life,1,Eukaryota,Fungi,Ascomycota,Lecanoromycetes,Lecanorales,Ramalinaceae,,accepted,classification,FJB,315834,10.48580/dgykv,https://www.checklistbank.org/dataset/315834,Catalogue of Life 2026-07-17 XR
higher_taxon,,Ranidae,family,,Animalia,,,,,,,Ranidae,Ranidae,FJM,Ranidae,Ranidae,classification,,,Eukaryota|Animalia|Chordata|Vertebrata|Gnathostomata|Osteichthyes|Tetrapoda|Amphibia|Anura|Ranidae,,higher_taxon,family,Catalogue of Life,1,Eukaryota,Animalia,Chordata,Amphibia,Anura,Ranidae,,accepted,classification,FJM,315834,10.48580/dgykv,https://www.checklistbank.org/dataset/315834,Catalogue of Life 2026-07-17 XR
higher_taxon,,Ranunculaceae,family,,Plantae,,,,,,,Ranunculaceae,Ranunculaceae,FJR,Ranunculaceae,Ranunculaceae,classification,,,Eukaryota|Plantae|Pteridobiotina|Tracheophyta|Magnoliopsida|Ranunculales|Ranunculaceae,,higher_taxon,family,Catalogue of Life,8,Eukaryota,Plantae,Tracheophyta,Magnoliopsida,Ranunculales,Ranunculaceae,,accepted,classification,FJR,315834,10.48580/dgykv,https://www.checklistbank.org/dataset/315834,Catalogue of Life 2026-07-17 XR
higher_taxon,,Regulidae,family,,Animalia,,,,,,,Regulidae,Regulidae,FL3,Regulidae,Regulidae,classification,,,Eukaryota|Animalia|Chordata|Vertebrata|Gnathostomata|Osteichthyes|Tetrapoda|Aves|Passeriformes|Regulidae,,higher_taxon,family,Catalogue of Life,1,Eukaryota,Animalia,Chordata,Aves,Passeriformes,Regulidae,,accepted,classification,FL3,315834,10.48580/dgykv,https://www.checklistbank.org/dataset/315834,Catalogue of Life 2026-07-17 XR
higher_taxon,,Rhizocarpaceae,family,,Fungi,,,,,,,Rhizocarpaceae,Rhizocarpaceae,FPN,Rhizocarpaceae,Rhizocarpaceae,classification,,,Eukaryota|Fungi|Ascomycota|Lecanoromycetes|Rhizocarpales|Rhizocarpaceae,,higher_taxon,family,Catalogue of Life,1,Eukaryota,Fungi,Ascomycota,Lecanoromycetes,Rhizocarpales,Rhizocarpaceae,,accepted,classification,FPN,315834,10.48580/dgykv,https://www.checklistbank.org/dataset/315834,Catalogue of Life 2026-07-17 XR
higher_taxon,,Rosaceae,family,,Plantae,,,,,,,Rosaceae,Rosaceae,FTK,Rosaceae,Rosaceae,classification,,,Eukaryota|Plantae|Pteridobiotina|Tracheophyta|Magnoliopsida|Rosales|Rosaceae,,higher_taxon,family,Catalogue of Life,4,Eukaryota,Plantae,Tracheophyta,Magnoliopsida,Rosales,Rosaceae,,accepted,classification,FTK,315834,10.48580/dgykv,https://www.checklistbank.org/dataset/315834,Catalogue of Life 2026-07-17 XR
higher_taxon,,Rubiaceae,family,,Plantae,,,,,,,Rubiaceae,Rubiaceae,SGJN5,Rubiaceae,Rubiaceae,classification,,,Eukaryota|Plantae|Pteridobiotina|Tracheophyta|Magnoliopsida|Gentianales|Rubiaceae,,higher_taxon,family,Catalogue of Life,1,Eukaryota,Plantae,Tracheophyta,Magnoliopsida,Gentianales,Rubiaceae,,accepted,classification,SGJN5,315834,10.48580/dgykv,https://www.checklistbank.org/dataset/315834,Catalogue of Life 2026-07-17 XR
higher_taxon,,Russulaceae,family,,Fungi,,,,,,,Russulaceae,Russulaceae,62794,Russulaceae,Russulaceae,classification,,,Eukaryota|Fungi|Basidiomycota|Agaricomycetes|Russulales|Russulaceae,,higher_taxon,family,Catalogue of Life,3,Eukaryota,Fungi,Basidiomycota,Agaricomycetes,Russulales,Russulaceae,,accepted,classification,62794,315834,10.48580/dgykv,https://www.checklistbank.org/dataset/315834,Catalogue of Life 2026-07-17 XR
higher_taxon,,Salamandridae,family,,Animalia,,,,,,,Salamandridae,Salamandridae,626WX,Salamandridae,Salamandridae,classification,,,Eukaryota|Animalia|Chordata|Vertebrata|Gnathostomata|Osteichthyes|Tetrapoda|Amphibia|Caudata|Salamandridae,,higher_taxon,family,Catalogue of Life,1,Eukaryota,Animalia,Chordata,Amphibia,Caudata,Salamandridae,,accepted,classification,626WX,315834,10.48580/dgykv,https://www.checklistbank.org/dataset/315834,Catalogue of Life 2026-07-17 XR
higher_taxon,,Salicaceae,family,,Plantae,,,,,,,Salicaceae,Salicaceae,FWG,Salicaceae,Salicaceae,classification,,,Eukaryota|Plantae|Pteridobiotina|Tracheophyta|Magnoliopsida|Malpighiales|Salicaceae,,higher_taxon,family,Catalogue of Life,3,Eukaryota,Plantae,Tracheophyta,Magnoliopsida,Malpighiales,Salicaceae,,accepted,classification,FWG,315834,10.48580/dgykv,https://www.checklistbank.org/dataset/315834,Catalogue of Life 2026-07-17 XR
higher_taxon,,Saxifragaceae,family,,Plantae,,,,,,,Saxifragaceae,Saxifragaceae,6278B,Saxifragaceae,Saxifragaceae,classification,,,Eukaryota|Plantae|Pteridobiotina|Tracheophyta|Magnoliopsida|Saxifragales|Saxifragaceae,,higher_taxon,family,Catalogue of Life,9,Eukaryota,Plantae,Tracheophyta,Magnoliopsida,Saxifragales,Saxifragaceae,,accepted,classification,6278B,315834,10.48580/dgykv,https://www.checklistbank.org/dataset/315834,Catalogue of Life 2026-07-17 XR
higher_taxon,,Scarabaeidae,family,,Animalia,,,,,,,Scarabaeidae,Scarabaeidae,6278C,Scarabaeidae,Scarabaeidae,classification,,,Eukaryota|Animalia|Arthropoda|Hexapoda|Insecta|Coleoptera|Polyphaga|Staphyliniformia|Scarabaeoidea|Scarabaeidae,,higher_taxon,family,Catalogue of Life,1,Eukaryota,Animalia,Arthropoda,Insecta,Coleoptera,Scarabaeidae,,accepted,classification,6278C,315834,10.48580/dgykv,https://www.checklistbank.org/dataset/315834,Catalogue of Life 2026-07-17 XR
higher_taxon,,Sesiidae,family,,Animalia,,,,,,,Sesiidae,Sesiidae,B8W2Q,Sesiidae,Sesiidae,classification,,,Eukaryota|Animalia|Arthropoda|Hexapoda|Insecta|Lepidoptera|Cossoidea|Sesiidae,,higher_taxon,family,Catalogue of Life,1,Eukaryota,Animalia,Arthropoda,Insecta,Lepidoptera,Sesiidae,,accepted,classification,B8W2Q,315834,10.48580/dgykv,https://www.checklistbank.org/dataset/315834,Catalogue of Life 2026-07-17 XR
higher_taxon,,Sphingidae,family,,Animalia,,,,,,,Sphingidae,Sphingidae,GHS,Sphingidae,Sphingidae,classification,,,Eukaryota|Animalia|Arthropoda|Hexapoda|Insecta|Lepidoptera|Bombycoidea|Sphingidae,,higher_taxon,family,Catalogue of Life,1,Eukaryota,Animalia,Arthropoda,Insecta,Lepidoptera,Sphingidae,,accepted,classification,GHS,315834,10.48580/dgykv,https://www.checklistbank.org/dataset/315834,Catalogue of Life 2026-07-17 XR
higher_taxon,,Stenocephalidae,family,,Animalia,,,,,,,Stenocephalidae,Stenocephalidae,8NKQN,Stenocephalidae,Stenocephalidae,classification,,,Eukaryota|Animalia|Arthropoda|Hexapoda|Insecta|Hemiptera|Heteroptera|Pentatomomorpha|Coreoidea|Stenocephalidae,,higher_taxon,family,Catalogue of Life,1,Eukaryota,Animalia,Arthropoda,Insecta,Hemiptera,Stenocephalidae,,accepted,classification,8NKQN,315834,10.48580/dgykv,https://www.checklistbank.org/dataset/315834,Catalogue of Life 2026-07-17 XR
higher_taxon,,Strophariaceae,family,,Fungi,,,,,,,Strophariaceae,Strophariaceae,626MQ,Strophariaceae,Strophariaceae,classification,,,Eukaryota|Fungi|Basidiomycota|Agaricomycetes|Agaricales|Strophariaceae,,higher_taxon,family,Catalogue of Life,1,Eukaryota,Fungi,Basidiomycota,Agaricomycetes,Agaricales,Strophariaceae,,accepted,classification,626MQ,315834,10.48580/dgykv,https://www.checklistbank.org/dataset/315834,Catalogue of Life 2026-07-17 XR
higher_taxon,,Sylviidae,family,,Animalia,,,,,,,Sylviidae,Sylviidae,626LT,Sylviidae,Sylviidae,classification,,,Eukaryota|Animalia|Chordata|Vertebrata|Gnathostomata|Osteichthyes|Tetrapoda|Aves|Passeriformes|Sylviidae,,higher_taxon,family,Catalogue of Life,1,Eukaryota,Animalia,Chordata,Aves,Passeriformes,Sylviidae,,accepted,classification,626LT,315834,10.48580/dgykv,https://www.checklistbank.org/dataset/315834,Catalogue of Life 2026-07-17 XR
higher_taxon,,Teloschistaceae,family,,Fungi,,,,,,,Teloschistaceae,Teloschistaceae,GZ3,Teloschistaceae,Teloschistaceae,classification,,,Eukaryota|Fungi|Ascomycota|Lecanoromycetes|Teloschistales|Teloschistaceae,,higher_taxon,family,Catalogue of Life,1,Eukaryota,Fungi,Ascomycota,Lecanoromycetes,Teloschistales,Teloschistaceae,,accepted,classification,GZ3,315834,10.48580/dgykv,https://www.checklistbank.org/dataset/315834,Catalogue of Life 2026-07-17 XR
higher_taxon,,Testudinidae,family,,Animalia,,,,,,,Testudinidae,Testudinidae,626NZ,Testudinidae,Testudinidae,classification,,,Eukaryota|Animalia|Chordata|Vertebrata|Gnathostomata|Osteichthyes|Tetrapoda|Reptilia|Testudines|Cryptodira|Testudinoidea|Testudinidae,,higher_taxon,family,Catalogue of Life,1,Eukaryota,Animalia,Chordata,Reptilia,Testudines,Testudinidae,,accepted,classification,626NZ,315834,10.48580/dgykv,https://www.checklistbank.org/dataset/315834,Catalogue of Life 2026-07-17 XR
higher_taxon,,Tettigoniidae,family,,Animalia,,,,,,,Tettigoniidae,Tettigoniidae,8NKR2,Tettigoniidae,Tettigoniidae,classification,,,Eukaryota|Animalia|Arthropoda|Hexapoda|Insecta|Orthoptera|Ensifera|Tettigoniidea|Tettigonioidea|Tettigoniidae,,higher_taxon,family,Catalogue of Life,3,Eukaryota,Animalia,Arthropoda,Insecta,Orthoptera,Tettigoniidae,,accepted,classification,8NKR2,315834,10.48580/dgykv,https://www.checklistbank.org/dataset/315834,Catalogue of Life 2026-07-17 XR
higher_taxon,,Thesiaceae,family,,Plantae,,,,,,,Thesiaceae,Thesiaceae,H7D,Thesiaceae,Thesiaceae,classification,,,Eukaryota|Plantae|Pteridobiotina|Tracheophyta|Magnoliopsida|Santalales|Thesiaceae,,higher_taxon,family,Catalogue of Life,1,Eukaryota,Plantae,Tracheophyta,Magnoliopsida,Santalales,Thesiaceae,,accepted,classification,H7D,315834,10.48580/dgykv,https://www.checklistbank.org/dataset/315834,Catalogue of Life 2026-07-17 XR
higher_taxon,,Thymelaeaceae,family,,Plantae,,,,,,,Thymelaeaceae,Thymelaeaceae,H8Q,Thymelaeaceae,Thymelaeaceae,classification,,,Eukaryota|Plantae|Pteridobiotina|Tracheophyta|Magnoliopsida|Malvales|Thymelaeaceae,,higher_taxon,family,Catalogue of Life,1,Eukaryota,Plantae,Tracheophyta,Magnoliopsida,Malvales,Thymelaeaceae,,accepted,classification,H8Q,315834,10.48580/dgykv,https://www.checklistbank.org/dataset/315834,Catalogue of Life 2026-07-17 XR
higher_taxon,,Tricholomataceae,family,,Fungi,,,,,,,Tricholomataceae,Tricholomataceae,6272D,Tricholomataceae,Tricholomataceae,classification,,,Eukaryota|Fungi|Basidiomycota|Agaricomycetes|Agaricales|Tricholomataceae,,higher_taxon,family,Catalogue of Life,2,Eukaryota,Fungi,Basidiomycota,Agaricomycetes,Agaricales,Tricholomataceae,,accepted,classification,6272D,315834,10.48580/dgykv,https://www.checklistbank.org/dataset/315834,Catalogue of Life 2026-07-17 XR
higher_taxon,,Turdidae,family,,Animalia,,,,,,,Turdidae,Turdidae,T4K9X,Turdidae,Turdidae,classification,,,Eukaryota|Animalia|Chordata|Vertebrata|Gnathostomata|Osteichthyes|Tetrapoda|Aves|Passeriformes|Turdidae,,higher_taxon,family,Catalogue of Life,3,Eukaryota,Animalia,Chordata,Aves,Passeriformes,Turdidae,,accepted,classification,T4K9X,315834,10.48580/dgykv,https://www.checklistbank.org/dataset/315834,Catalogue of Life 2026-07-17 XR
higher_taxon,,Viburnaceae,family,,Plantae,,,,,,,Viburnaceae,Viburnaceae,HTT,Viburnaceae,Viburnaceae,classification,,,Eukaryota|Plantae|Pteridobiotina|Tracheophyta|Magnoliopsida|Dipsacales|Viburnaceae,,higher_taxon,family,Catalogue of Life,1,Eukaryota,Plantae,Tracheophyta,Magnoliopsida,Dipsacales,Viburnaceae,,accepted,classification,HTT,315834,10.48580/dgykv,https://www.checklistbank.org/dataset/315834,Catalogue of Life 2026-07-17 XR
higher_taxon,,Violaceae,family,,Plantae,,,,,,,Violaceae,Violaceae,6272Z,Violaceae,Violaceae,classification,,,Eukaryota|Plantae|Pteridobiotina|Tracheophyta|Magnoliopsida|Malpighiales|Violaceae,,higher_taxon,family,Catalogue of Life,3,Eukaryota,Plantae,Tracheophyta,Magnoliopsida,Malpighiales,Violaceae,,accepted,classification,6272Z,315834,10.48580/dgykv,https://www.checklistbank.org/dataset/315834,Catalogue of Life 2026-07-17 XR
higher_taxon,,Viperidae,family,,Animalia,,,,,,,Viperidae,Viperidae,6273B,Viperidae,Viperidae,classification,,,Eukaryota|Animalia|Chordata|Vertebrata|Gnathostomata|Osteichthyes|Tetrapoda|Reptilia|Squamata|Serpentes|Alethinophidia|Viperidae,,higher_taxon,family,Catalogue of Life,1,Eukaryota,Animalia,Chordata,Reptilia,Squamata,Viperidae,,accepted,classification,6273B,315834,10.48580/dgykv,https://www.checklistbank.org/dataset/315834,Catalogue of Life 2026-07-17 XR
higher_taxon,,Zygaenidae,family,,Animalia,,,,,,,Zygaenidae,Zygaenidae,CPP74,Zygaenidae,Zygaenidae,classification,,,Eukaryota|Animalia|Arthropoda|Hexapoda|Insecta|Lepidoptera|Zygaenoidea|Zygaenidae,,higher_taxon,family,Catalogue of Life,2,Eukaryota,Animalia,Arthropoda,Insecta,Lepidoptera,Zygaenidae,,accepted,classification,CPP74,315834,10.48580/dgykv,https://www.checklistbank.org/dataset/315834,Catalogue of Life 2026-07-17 XR
higher_taxon,,Abies,genus,,Plantae,,,,,,,Abies,Abies,C66T4,Abies,Abies,classification,,,Eukaryota|Plantae|Pteridobiotina|Tracheophyta|Pinopsida|Pinidae|Pinales|Pinaceae|Abies,,higher_taxon,genus,Catalogue of Life,1,Eukaryota,Plantae,Tracheophyta,Pinopsida,Pinales,Pinaceae,Abies,accepted,classification,C66T4,315834,10.48580/dgykv,https://www.checklistbank.org/dataset/315834,Catalogue of Life 2026-07-17 XR
higher_taxon,,Achillea,genus,,Plantae,,,,,,,Achillea,Achillea,MRG,Achillea,Achillea,classification,,,Eukaryota|Plantae|Pteridobiotina|Tracheophyta|Magnoliopsida|Asterales|Asteraceae|Asteroideae|Anthemideae|Matricariinae|Achillea,,higher_taxon,genus,Catalogue of Life,3,Eukaryota,Plantae,Tracheophyta,Magnoliopsida,Asterales,Asteraceae,Achillea,accepted,classification,MRG,315834,10.48580/dgykv,https://www.checklistbank.org/dataset/315834,Catalogue of Life 2026-07-17 XR
higher_taxon,,Aconitum,genus,,Plantae,,,,,,,Aconitum,Aconitum,N5G,Aconitum,Aconitum,classification,,,Eukaryota|Plantae|Pteridobiotina|Tracheophyta|Magnoliopsida|Ranunculales|Ranunculaceae|Ranunculoideae|Aconiteae|Aconitum,,higher_taxon,genus,Catalogue of Life,1,Eukaryota,Plantae,Tracheophyta,Magnoliopsida,Ranunculales,Ranunculaceae,Aconitum,accepted,classification,N5G,315834,10.48580/dgykv,https://www.checklistbank.org/dataset/315834,Catalogue of Life 2026-07-17 XR
higher_taxon,,Adelges,genus,,Animalia,,,,,,,Adelges,Adelges,8NLJQ,Adelges,Adelges,classification,,,Eukaryota|Animalia|Arthropoda|Hexapoda|Insecta|Hemiptera|Sternorrhyncha|Aphidomorpha|Adelgoidea|Adelgidae|Adelges,,higher_taxon,genus,Catalogue of Life,1,Eukaryota,Animalia,Arthropoda,Insecta,Hemiptera,Adelgidae,Adelges,accepted,classification,8NLJQ,315834,10.48580/dgykv,https://www.checklistbank.org/dataset/315834,Catalogue of Life 2026-07-17 XR
higher_taxon,,Adoxa,genus,,Plantae,,,,,,,Adoxa,Adoxa,PDH,Adoxa,Adoxa,classification,,,Eukaryota|Plantae|Pteridobiotina|Tracheophyta|Magnoliopsida|Dipsacales|Viburnaceae|Adoxoideae|Adoxeae|Adoxa,,higher_taxon,genus,Catalogue of Life,1,Eukaryota,Plantae,Tracheophyta,Magnoliopsida,Dipsacales,Viburnaceae,Adoxa,accepted,classification,PDH,315834,10.48580/dgykv,https://www.checklistbank.org/dataset/315834,Catalogue of Life 2026-07-17 XR
higher_taxon,,Adscita,genus,,Animalia,,,,,,,Adscita,Adscita,93N7P,Adscita,Adscita,classification,,,Eukaryota|Animalia|Arthropoda|Hexapoda|Insecta|Lepidoptera|Zygaenoidea|Zygaenidae|Procridinae|Procridini|Adscita,,higher_taxon,genus,Catalogue of Life,1,Eukaryota,Animalia,Arthropoda,Insecta,Lepidoptera,Zygaenidae,Adscita,accepted,classification,93N7P,315834,10.48580/dgykv,https://www.checklistbank.org/dataset/315834,Catalogue of Life 2026-07-17 XR
higher_taxon,,Aegithalos,genus,,Animalia,,,,,,,Aegithalos,Aegithalos,629KV,Aegithalos,Aegithalos,classification,,,Eukaryota|Animalia|Chordata|Vertebrata|Gnathostomata|Osteichthyes|Tetrapoda|Aves|Passeriformes|Aegithalidae|Aegithalos,,higher_taxon,genus,Catalogue of Life,1,Eukaryota,Animalia,Chordata,Aves,Passeriformes,Aegithalidae,Aegithalos,accepted,classification,629KV,315834,10.48580/dgykv,https://www.checklistbank.org/dataset/315834,Catalogue of Life 2026-07-17 XR
higher_taxon,,Agapanthia,genus,,Animalia,,,,,,,Agapanthia,Agapanthia,BJ7Y3,Agapanthia,Agapanthia,classification,,,Eukaryota|Animalia|Arthropoda|Hexapoda|Insecta|Coleoptera|Polyphaga|Cucujiformia|Chrysomeloidea|Cerambycidae|Agapanthiinae|Agapanthiini|Agapanthia,,higher_taxon,genus,Catalogue of Life,1,Eukaryota,Animalia,Arthropoda,Insecta,Coleoptera,Cerambycidae,Agapanthia,accepted,classification,BJ7Y3,315834,10.48580/dgykv,https://www.checklistbank.org/dataset/315834,Catalogue of Life 2026-07-17 XR
higher_taxon,,Ajuga,genus,,Plantae,,,,,,,Ajuga,Ajuga,8VTHH,Ajuga,Ajuga,classification,,,Eukaryota|Plantae|Pteridobiotina|Tracheophyta|Magnoliopsida|Lamiales|Lamiaceae|Ajugoideae|Ajugeae|Ajuginae|Ajuga,,higher_taxon,genus,Catalogue of Life,1,Eukaryota,Plantae,Tracheophyta,Magnoliopsida,Lamiales,Lamiaceae,Ajuga,accepted,classification,8VTHH,315834,10.48580/dgykv,https://www.checklistbank.org/dataset/315834,Catalogue of Life 2026-07-17 XR
higher_taxon,,Alauda,genus,,Animalia,,,,,,,Alauda,Alauda,RFQ,Alauda,Alauda,classification,,,Eukaryota|Animalia|Chordata|Vertebrata|Gnathostomata|Osteichthyes|Tetrapoda|Aves|Passeriformes|Alaudidae|Alauda,,higher_taxon,genus,Catalogue of Life,1,Eukaryota,Animalia,Chordata,Aves,Passeriformes,Alaudidae,Alauda,accepted,classification,RFQ,315834,10.48580/dgykv,https://www.checklistbank.org/dataset/315834,Catalogue of Life 2026-07-17 XR
higher_taxon,,Alcea,genus,,Plantae,,,,,,,Alcea,Alcea,RKM,Alcea,Alcea,classification,,,Eukaryota|Plantae|Pteridobiotina|Tracheophyta|Magnoliopsida|Malvales|Malvaceae|Malvoideae|Malveae|Malvinae|Alcea,,higher_taxon,genus,Catalogue of Life,1,Eukaryota,Plantae,Tracheophyta,Magnoliopsida,Malvales,Malvaceae,Alcea,accepted,classification,RKM,315834,10.48580/dgykv,https://www.checklistbank.org/dataset/315834,Catalogue of Life 2026-07-17 XR
higher_taxon,,Aleuria,genus,,Fungi,,,,,,,Aleuria,Aleuria,RRR,Aleuria,Aleuria,classification,,,Eukaryota|Fungi|Ascomycota|Pezizomycetes|Pezizales|Pyronemataceae|Aleuria,,higher_taxon,genus,Catalogue of Life,1,Eukaryota,Fungi,Ascomycota,Pezizomycetes,Pezizales,Pyronemataceae,Aleuria,accepted,classification,RRR,315834,10.48580/dgykv,https://www.checklistbank.org/dataset/315834,Catalogue of Life 2026-07-17 XR
higher_taxon,,Allium,genus,,Plantae,,,,,,,Allium,Allium,8VTKZ,Allium,Allium,classification,,,Eukaryota|Plantae|Pteridobiotina|Tracheophyta|Liliopsida|Asparagales|Amaryllidaceae|Allium,,higher_taxon,genus,Catalogue of Life,1,Eukaryota,Plantae,Tracheophyta,Liliopsida,Asparagales,Amaryllidaceae,Allium,accepted,classification,8VTKZ,315834,10.48580/dgykv,https://www.checklistbank.org/dataset/315834,Catalogue of Life 2026-07-17 XR
higher_taxon,,Amanita,genus,,Fungi,,,,,,,Amanita,Amanita,T7Z,Amanita,Amanita,classification,,,Eukaryota|Fungi|Basidiomycota|Agaricomycetes|Agaricales|Amanitaceae|Amanita,,higher_taxon,genus,Catalogue of Life,1,Eukaryota,Fungi,Basidiomycota,Agaricomycetes,Agaricales,Amanitaceae,Amanita,accepted,classification,T7Z,315834,10.48580/dgykv,https://www.checklistbank.org/dataset/315834,Catalogue of Life 2026-07-17 XR
higher_taxon,,Anchusa,genus,,Plantae,,,,,,,Anchusa,Anchusa,VHH,Anchusa,Anchusa,classification,,,Eukaryota|Plantae|Pteridobiotina|Tracheophyta|Magnoliopsida|Boraginales|Boraginaceae|Boraginoideae|Boragineae|Boragininae|Anchusa,,higher_taxon,genus,Catalogue of Life,1,Eukaryota,Plantae,Tracheophyta,Magnoliopsida,Boraginales,Boraginaceae,Anchusa,accepted,classification,VHH,315834,10.48580/dgykv,https://www.checklistbank.org/dataset/315834,Catalogue of Life 2026-07-17 XR
higher_taxon,,Anemonastrum,genus,,Plantae,,,,,,,Anemonastrum,Anemonastrum,62C4N,Anemonastrum,Anemonastrum,classification,,,Eukaryota|Plantae|Pteridobiotina|Tracheophyta|Magnoliopsida|Ranunculales|Ranunculaceae|Ranunculoideae|Anemoneae|Anemonastrum,,higher_taxon,genus,Catalogue of Life,1,Eukaryota,Plantae,Tracheophyta,Magnoliopsida,Ranunculales,Ranunculaceae,Anemonastrum,accepted,classification,62C4N,315834,10.48580/dgykv,https://www.checklistbank.org/dataset/315834,Catalogue of Life 2026-07-17 XR
higher_taxon,,Anemone,genus,,Plantae,,,,,,,Anemone,Anemone,VXV,Anemone,Anemone,classification,,,Eukaryota|Plantae|Pteridobiotina|Tracheophyta|Magnoliopsida|Ranunculales|Ranunculaceae|Ranunculoideae|Anemoneae|Anemone,,higher_taxon,genus,Catalogue of Life,1,Eukaryota,Plantae,Tracheophyta,Magnoliopsida,Ranunculales,Ranunculaceae,Anemone,accepted,classification,VXV,315834,10.48580/dgykv,https://www.checklistbank.org/dataset/315834,Catalogue of Life 2026-07-17 XR
higher_taxon,,Anthus,genus,,Animalia,,,,,,,Anthus,Anthus,XJ7,Anthus,Anthus,classification,,,Eukaryota|Animalia|Chordata|Vertebrata|Gnathostomata|Osteichthyes|Tetrapoda|Aves|Passeriformes|Motacillidae|Anthus,,higher_taxon,genus,Catalogue of Life,2,Eukaryota,Animalia,Chordata,Aves,Passeriformes,Motacillidae,Anthus,accepted,classification,XJ7,315834,10.48580/dgykv,https://www.checklistbank.org/dataset/315834,Catalogue of Life 2026-07-17 XR
higher_taxon,,Anthyllis,genus,,Plantae,,,,,,,Anthyllis,Anthyllis,9CJVP,Anthyllis,Anthyllis,classification,,,Eukaryota|Plantae|Pteridobiotina|Tracheophyta|Magnoliopsida|Fabales|Fabaceae|Anthyllis,,higher_taxon,genus,Catalogue of Life,1,Eukaryota,Plantae,Tracheophyta,Magnoliopsida,Fabales,Fabaceae,Anthyllis,accepted,classification,9CJVP,315834,10.48580/dgykv,https://www.checklistbank.org/dataset/315834,Catalogue of Life 2026-07-17 XR
higher_taxon,,Aplocera,genus,,Animalia,,,,,,,Aplocera,Aplocera,922J5,Aplocera,Aplocera,classification,,,Eukaryota|Animalia|Arthropoda|Hexapoda|Insecta|Lepidoptera|Geometroidea|Geometridae|Larentiinae|Aplocera,,higher_taxon,genus,Catalogue of Life,1,Eukaryota,Animalia,Arthropoda,Insecta,Lepidoptera,Geometridae,Aplocera,accepted,classification,922J5,315834,10.48580/dgykv,https://www.checklistbank.org/dataset/315834,Catalogue of Life 2026-07-17 XR
higher_taxon,,Arabis,genus,,Plantae,,,,,,,Arabis,Arabis,C6C54,Arabis,Arabis,classification,,,Eukaryota|Plantae|Pteridobiotina|Tracheophyta|Magnoliopsida|Capparales|Brassicaceae|Brassicoideae|Arabideae|Arabis,,higher_taxon,genus,Catalogue of Life,2,Eukaryota,Plantae,Tracheophyta,Magnoliopsida,Capparales,Brassicaceae,Arabis,accepted,classification,C6C54,315834,10.48580/dgykv,https://www.checklistbank.org/dataset/315834,Catalogue of Life 2026-07-17 XR
higher_taxon,,Araneus,genus,,Animalia,,,,,,,Araneus,Araneus,CTR7T,Araneus,Araneus,classification,,,Eukaryota|Animalia|Arthropoda|Chelicerata|Arachnida|Araneae|Araneidae|Araneus,,higher_taxon,genus,Catalogue of Life,1,Eukaryota,Animalia,Arthropoda,Arachnida,Araneae,Araneidae,Araneus,accepted,classification,CTR7T,315834,10.48580/dgykv,https://www.checklistbank.org/dataset/315834,Catalogue of Life 2026-07-17 XR
higher_taxon,,Armillaria,genus,,Fungi,,,,,,,Armillaria,Armillaria,332Z,Armillaria,Armillaria,classification,,,Eukaryota|Fungi|Basidiomycota|Agaricomycetes|Agaricales|Physalacriaceae|Armillaria,,higher_taxon,genus,Catalogue of Life,1,Eukaryota,Fungi,Basidiomycota,Agaricomycetes,Agaricales,Physalacriaceae,Armillaria,accepted,classification,332Z,315834,10.48580/dgykv,https://www.checklistbank.org/dataset/315834,Catalogue of Life 2026-07-17 XR
higher_taxon,,Asplenium,genus,,Plantae,,,,,,,Asplenium,Asplenium,346X,Asplenium,Asplenium,classification,,,Eukaryota|Plantae|Pteridobiotina|Tracheophyta|Polypodiopsida|Polypodiales|Aspleniaceae|Asplenium,,higher_taxon,genus,Catalogue of Life,1,Eukaryota,Plantae,Tracheophyta,Polypodiopsida,Polypodiales,Aspleniaceae,Asplenium,accepted,classification,346X,315834,10.48580/dgykv,https://www.checklistbank.org/dataset/315834,Catalogue of Life 2026-07-17 XR
higher_taxon,,Astragalus,genus,,Plantae,,,,,,,Astragalus,Astragalus,34JM,Astragalus,Astragalus,classification,,,Eukaryota|Plantae|Pteridobiotina|Tracheophyta|Magnoliopsida|Fabales|Fabaceae|Astragalus,,higher_taxon,genus,Catalogue of Life,1,Eukaryota,Plantae,Tracheophyta,Magnoliopsida,Fabales,Fabaceae,Astragalus,accepted,classification,34JM,315834,10.48580/dgykv,https://www.checklistbank.org/dataset/315834,Catalogue of Life 2026-07-17 XR
higher_taxon,,Asyneuma,genus,,Plantae,,,,,,,Asyneuma,Asyneuma,8VVBK,Asyneuma,Asyneuma,classification,,,Eukaryota|Plantae|Pteridobiotina|Tracheophyta|Magnoliopsida|Asterales|Campanulaceae|Campanuloideae|Campanuleae|Asyneuma,,higher_taxon,genus,Catalogue of Life,1,Eukaryota,Plantae,Tracheophyta,Magnoliopsida,Asterales,Campanulaceae,Asyneuma,accepted,classification,8VVBK,315834,10.48580/dgykv,https://www.checklistbank.org/dataset/315834,Catalogue of Life 2026-07-17 XR
higher_taxon,,Bistorta,genus,,Plantae,,,,,,,Bistorta,Bistorta,62FP3,Bistorta,Bistorta,classification,,,Eukaryota|Plantae|Pteridobiotina|Tracheophyta|Magnoliopsida|Caryophyllales|Polygonaceae|Polygonoideae|Persicarieae|Bistorta,,higher_taxon,genus,Catalogue of Life,1,Eukaryota,Plantae,Tracheophyta,Magnoliopsida,Caryophyllales,Polygonaceae,Bistorta,accepted,classification,62FP3,315834,10.48580/dgykv,https://www.checklistbank.org/dataset/315834,Catalogue of Life 2026-07-17 XR
higher_taxon,,Blitum,genus,,Plantae,,,,,,,Blitum,Blitum,62HNP,Blitum,Blitum,classification,,,Eukaryota|Plantae|Pteridobiotina|Tracheophyta|Magnoliopsida|Caryophyllales|Amaranthaceae|Chenopodioideae|Anserineae|Blitum,,higher_taxon,genus,Catalogue of Life,1,Eukaryota,Plantae,Tracheophyta,Magnoliopsida,Caryophyllales,Amaranthaceae,Blitum,accepted,classification,62HNP,315834,10.48580/dgykv,https://www.checklistbank.org/dataset/315834,Catalogue of Life 2026-07-17 XR
higher_taxon,,Boletus,genus,,Fungi,,,,,,,Boletus,Boletus,62HH2,Boletus,Boletus,classification,,,Eukaryota|Fungi|Basidiomycota|Agaricomycetes|Boletales|Boletaceae|Boletus,,higher_taxon,genus,Catalogue of Life,1,Eukaryota,Fungi,Basidiomycota,Agaricomycetes,Boletales,Boletaceae,Boletus,accepted,classification,62HH2,315834,10.48580/dgykv,https://www.checklistbank.org/dataset/315834,Catalogue of Life 2026-07-17 XR
higher_taxon,,Bombina,genus,,Animalia,,,,,,,Bombina,Bombina,3BBJ,Bombina,Bombina,classification,,,Eukaryota|Animalia|Chordata|Vertebrata|Gnathostomata|Osteichthyes|Tetrapoda|Amphibia|Anura|Bombinatoridae|Bombina,,higher_taxon,genus,Catalogue of Life,1,Eukaryota,Animalia,Chordata,Amphibia,Anura,Bombinatoridae,Bombina,accepted,classification,3BBJ,315834,10.48580/dgykv,https://www.checklistbank.org/dataset/315834,Catalogue of Life 2026-07-17 XR
higher_taxon,,Botrychium,genus,,Plantae,,,,,,,Botrychium,Botrychium,3BWW,Botrychium,Botrychium,classification,,,Eukaryota|Plantae|Pteridobiotina|Tracheophyta|Polypodiopsida|Ophioglossales|Ophioglossaceae|Botrychioideae|Botrychium,,higher_taxon,genus,Catalogue of Life,1,Eukaryota,Plantae,Tracheophyta,Polypodiopsida,Ophioglossales,Ophioglossaceae,Botrychium,accepted,classification,3BWW,315834,10.48580/dgykv,https://www.checklistbank.org/dataset/315834,Catalogue of Life 2026-07-17 XR
higher_taxon,,Buteo,genus,,Animalia,,,,,,,Buteo,Buteo,62HVC,Buteo,Buteo,classification,,,Eukaryota|Animalia|Chordata|Vertebrata|Gnathostomata|Osteichthyes|Tetrapoda|Aves|Accipitriformes|Accipitridae|Buteo,,higher_taxon,genus,Catalogue of Life,1,Eukaryota,Animalia,Chordata,Aves,Accipitriformes,Accipitridae,Buteo,accepted,classification,62HVC,315834,10.48580/dgykv,https://www.checklistbank.org/dataset/315834,Catalogue of Life 2026-07-17 XR
higher_taxon,,Caltha,genus,,Plantae,,,,,,,Caltha,Caltha,3G2B,Caltha,Caltha,classification,,,Eukaryota|Plantae|Pteridobiotina|Tracheophyta|Magnoliopsida|Ranunculales|Ranunculaceae|Ranunculoideae|Helleboreae|Caltha,,higher_taxon,genus,Catalogue of Life,1,Eukaryota,Plantae,Tracheophyta,Magnoliopsida,Ranunculales,Ranunculaceae,Caltha,accepted,classification,3G2B,315834,10.48580/dgykv,https://www.checklistbank.org/dataset/315834,Catalogue of Life 2026-07-17 XR
higher_taxon,,Calyptra,genus,,Animalia,,,,,,,Calyptra,Calyptra,8ZXJY,Calyptra,Calyptra,classification,,,Eukaryota|Animalia|Arthropoda|Hexapoda|Insecta|Lepidoptera|Noctuoidea|Erebidae|Calpinae|Calyptra,,higher_taxon,genus,Catalogue of Life,1,Eukaryota,Animalia,Arthropoda,Insecta,Lepidoptera,Erebidae,Calyptra,accepted,classification,8ZXJY,315834,10.48580/dgykv,https://www.checklistbank.org/dataset/315834,Catalogue of Life 2026-07-17 XR
higher_taxon,,Campanula,genus,,Plantae,,,,,,,Campanula,Campanula,8VR3V,Campanula,Campanula,classification,,,Eukaryota|Plantae|Pteridobiotina|Tracheophyta|Magnoliopsida|Asterales|Campanulaceae|Campanuloideae|Campanuleae|Campanula,,higher_taxon,genus,Catalogue of Life,2,Eukaryota,Plantae,Tracheophyta,Magnoliopsida,Asterales,Campanulaceae,Campanula,accepted,classification,8VR3V,315834,10.48580/dgykv,https://www.checklistbank.org/dataset/315834,Catalogue of Life 2026-07-17 XR
higher_taxon,,Camponotus,genus,,Animalia,,,,,,,Camponotus,Camponotus,3GGD,Camponotus,Camponotus,classification,,,Eukaryota|Animalia|Arthropoda|Hexapoda|Insecta|Hymenoptera|Apocrita|Aculeata|Formicoidea|Formicidae|Formicinae|Camponotini|Camponotus,,higher_taxon,genus,Catalogue of Life,1,Eukaryota,Animalia,Arthropoda,Insecta,Hymenoptera,Formicidae,Camponotus,accepted,classification,3GGD,315834,10.48580/dgykv,https://www.checklistbank.org/dataset/315834,Catalogue of Life 2026-07-17 XR
higher_taxon,,Campylium,genus,,Plantae,,,,,,,Campylium,Campylium,BV8LL,Campylium,Campylium,classification,,,Eukaryota|Plantae|Bryobiotina|Bryophyta|Bryopsida|Bryidae|Hypnanae|Hypnales|Amblystegiaceae|Campylium,,higher_taxon,genus,Catalogue of Life,1,Eukaryota,Plantae,Bryophyta,Bryopsida,Hypnales,Amblystegiaceae,Campylium,accepted,classification,BV8LL,315834,10.48580/dgykv,https://www.checklistbank.org/dataset/315834,Catalogue of Life 2026-07-17 XR
higher_taxon,,Carabus,genus,,Animalia,,,,,,,Carabus,Carabus,8KVGQ,Carabus,Carabus,classification,,,Eukaryota|Animalia|Arthropoda|Hexapoda|Insecta|Coleoptera|Adephaga|Carabidae|Carabinae|Carabini|Carabina|Carabus,,higher_taxon,genus,Catalogue of Life,2,Eukaryota,Animalia,Arthropoda,Insecta,Coleoptera,Carabidae,Carabus,accepted,classification,8KVGQ,315834,10.48580/dgykv,https://www.checklistbank.org/dataset/315834,Catalogue of Life 2026-07-17 XR
higher_taxon,,Cardamine,genus,,Plantae,,,,,,,Cardamine,Cardamine,C6K8G,Cardamine,Cardamine,classification,,,Eukaryota|Plantae|Pteridobiotina|Tracheophyta|Magnoliopsida|Capparales|Brassicaceae|Brassicoideae|Cardamineae|Cardamine,,higher_taxon,genus,Catalogue of Life,1,Eukaryota,Plantae,Tracheophyta,Magnoliopsida,Capparales,Brassicaceae,Cardamine,accepted,classification,C6K8G,315834,10.48580/dgykv,https://www.checklistbank.org/dataset/315834,Catalogue of Life 2026-07-17 XR
higher_taxon,,Carex,genus,,Plantae,,,,,,,Carex,Carex,8VRHY,Carex,Carex,classification,,,Eukaryota|Plantae|Pteridobiotina|Tracheophyta|Liliopsida|Poales|Cyperaceae|Carex,,higher_taxon,genus,Catalogue of Life,1,Eukaryota,Plantae,Tracheophyta,Liliopsida,Poales,Cyperaceae,Carex,accepted,classification,8VRHY,315834,10.48580/dgykv,https://www.checklistbank.org/dataset/315834,Catalogue of Life 2026-07-17 XR
higher_taxon,,Carlina,genus,,Plantae,,,,,,,Carlina,Carlina,3HNR,Carlina,Carlina,classification,,,Eukaryota|Plantae|Pteridobiotina|Tracheophyta|Magnoliopsida|Asterales|Asteraceae|Carduoideae|Cardueae|Carlininae|Carlina,,higher_taxon,genus,Catalogue of Life,1,Eukaryota,Plantae,Tracheophyta,Magnoliopsida,Asterales,Asteraceae,Carlina,accepted,classification,3HNR,315834,10.48580/dgykv,https://www.checklistbank.org/dataset/315834,Catalogue of Life 2026-07-17 XR
higher_taxon,,Centaurium,genus,,Plantae,,,,,,,Centaurium,Centaurium,3K62,Centaurium,Centaurium,classification,,,Eukaryota|Plantae|Pteridobiotina|Tracheophyta|Magnoliopsida|Gentianales|Gentianaceae|Chironieae|Chironiinae|Centaurium,,higher_taxon,genus,Catalogue of Life,1,Eukaryota,Plantae,Tracheophyta,Magnoliopsida,Gentianales,Gentianaceae,Centaurium,accepted,classification,3K62,315834,10.48580/dgykv,https://www.checklistbank.org/dataset/315834,Catalogue of Life 2026-07-17 XR
higher_taxon,,Cerastium,genus,,Plantae,,,,,,,Cerastium,Cerastium,3KNW,Cerastium,Cerastium,classification,,,Eukaryota|Plantae|Pteridobiotina|Tracheophyta|Magnoliopsida|Caryophyllales|Caryophyllaceae|Alsineae|Cerastium,,higher_taxon,genus,Catalogue of Life,1,Eukaryota,Plantae,Tracheophyta,Magnoliopsida,Caryophyllales,Caryophyllaceae,Cerastium,accepted,classification,3KNW,315834,10.48580/dgykv,https://www.checklistbank.org/dataset/315834,Catalogue of Life 2026-07-17 XR
higher_taxon,,Chamaenerion,genus,,Plantae,,,,,,,Chamaenerion,Chamaenerion,7NDZW,Chamaenerion,Chamaenerion,classification,,,Eukaryota|Plantae|Pteridobiotina|Tracheophyta|Magnoliopsida|Myrtales|Onagraceae|Onagroideae|Epilobieae|Chamaenerion,,higher_taxon,genus,Catalogue of Life,1,Eukaryota,Plantae,Tracheophyta,Magnoliopsida,Myrtales,Onagraceae,Chamaenerion,accepted,classification,7NDZW,315834,10.48580/dgykv,https://www.checklistbank.org/dataset/315834,Catalogue of Life 2026-07-17 XR
higher_taxon,,Chamaesphecia,genus,,Animalia,,,,,,,Chamaesphecia,Chamaesphecia,92543,Chamaesphecia,Chamaesphecia,classification,,,Eukaryota|Animalia|Arthropoda|Hexapoda|Insecta|Lepidoptera|Cossoidea|Sesiidae|Sesiinae|Synanthedonini|Chamaesphecia,,higher_taxon,genus,Catalogue of Life,1,Eukaryota,Animalia,Arthropoda,Insecta,Lepidoptera,Sesiidae,Chamaesphecia,accepted,classification,92543,315834,10.48580/dgykv,https://www.checklistbank.org/dataset/315834,Catalogue of Life 2026-07-17 XR
higher_taxon,,Chrysolina,genus,,Animalia,,,,,,,Chrysolina,Chrysolina,3PJ8,Chrysolina,Chrysolina,classification,,,Eukaryota|Animalia|Arthropoda|Hexapoda|Insecta|Coleoptera|Polyphaga|Cucujiformia|Chrysomeloidea|Chrysomelidae|Chrysomelinae|Chrysomelini|Chrysolina,,higher_taxon,genus,Catalogue of Life,1,Eukaryota,Animalia,Arthropoda,Insecta,Coleoptera,Chrysomelidae,Chrysolina,accepted,classification,3PJ8,315834,10.48580/dgykv,https://www.checklistbank.org/dataset/315834,Catalogue of Life 2026-07-17 XR
higher_taxon,,Cicindela,genus,,Animalia,,,,,,,Cicindela,Cicindela,8KVK7,Cicindela,Cicindela,classification,,,Eukaryota|Animalia|Arthropoda|Hexapoda|Insecta|Coleoptera|Adephaga|Carabidae|Cicindelinae|Cicindelini|Cicindelina|Cicindela,,higher_taxon,genus,Catalogue of Life,1,Eukaryota,Animalia,Arthropoda,Insecta,Coleoptera,Carabidae,Cicindela,accepted,classification,8KVK7,315834,10.48580/dgykv,https://www.checklistbank.org/dataset/315834,Catalogue of Life 2026-07-17 XR
higher_taxon,,Clematis,genus,,Plantae,,,,,,,Clematis,Clematis,3QTB,Clematis,Clematis,classification,,,Eukaryota|Plantae|Pteridobiotina|Tracheophyta|Magnoliopsida|Ranunculales|Ranunculaceae|Ranunculoideae|Anemoneae|Clematis,,higher_taxon,genus,Catalogue of Life,1,Eukaryota,Plantae,Tracheophyta,Magnoliopsida,Ranunculales,Ranunculaceae,Clematis,accepted,classification,3QTB,315834,10.48580/dgykv,https://www.checklistbank.org/dataset/315834,Catalogue of Life 2026-07-17 XR
higher_taxon,,Clinopodium,genus,,Plantae,,,,,,,Clinopodium,Clinopodium,8VWBG,Clinopodium,Clinopodium,classification,,,Eukaryota|Plantae|Pteridobiotina|Tracheophyta|Magnoliopsida|Lamiales|Lamiaceae|Nepetoideae|Mentheae|Menthinae|Clinopodium,,higher_taxon,genus,Catalogue of Life,1,Eukaryota,Plantae,Tracheophyta,Magnoliopsida,Lamiales,Lamiaceae,Clinopodium,accepted,classification,8VWBG,315834,10.48580/dgykv,https://www.checklistbank.org/dataset/315834,Catalogue of Life 2026-07-17 XR
higher_taxon,,Clossiana,genus,,Animalia,,,,,,,Clossiana,Clossiana,925MD,Clossiana,Clossiana,classification,,,Eukaryota|Animalia|Arthropoda|Hexapoda|Insecta|Lepidoptera|Papilionoidea|Nymphalidae|Heliconiinae|Heliconiini|Clossiana,,higher_taxon,genus,Catalogue of Life,1,Eukaryota,Animalia,Arthropoda,Insecta,Lepidoptera,Nymphalidae,Clossiana,accepted,classification,925MD,315834,10.48580/dgykv,https://www.checklistbank.org/dataset/315834,Catalogue of Life 2026-07-17 XR
higher_taxon,,Coccinella,genus,,Animalia,,,,,,,Coccinella,Coccinella,KZXVR,Coccinella,Coccinella,classification,,,Eukaryota|Animalia|Arthropoda|Hexapoda|Insecta|Coleoptera|Polyphaga|Cucujiformia|Coccinelloidea|Coccinellidae|Coccinellinae|Coccinellini|Coccinella,,higher_taxon,genus,Catalogue of Life,1,Eukaryota,Animalia,Arthropoda,Insecta,Coleoptera,Coccinellidae,Coccinella,accepted,classification,KZXVR,315834,10.48580/dgykv,https://www.checklistbank.org/dataset/315834,Catalogue of Life 2026-07-17 XR
higher_taxon,,Coenonympha,genus,,Animalia,,,,,,,Coenonympha,Coenonympha,925QM,Coenonympha,Coenonympha,classification,,,Eukaryota|Animalia|Arthropoda|Hexapoda|Insecta|Lepidoptera|Papilionoidea|Nymphalidae|Satyrinae|Satyrini|Coenonympha,,higher_taxon,genus,Catalogue of Life,1,Eukaryota,Animalia,Arthropoda,Insecta,Lepidoptera,Nymphalidae,Coenonympha,accepted,classification,925QM,315834,10.48580/dgykv,https://www.checklistbank.org/dataset/315834,Catalogue of Life 2026-07-17 XR
higher_taxon,,Combretum,genus,,Plantae,,,,,,,Combretum,Combretum,3SRG,Combretum,Combretum,classification,,,Eukaryota|Plantae|Pteridobiotina|Tracheophyta|Magnoliopsida|Myrtales|Combretaceae|Combretoideae|Combreteae|Combretinae|Combretum,,higher_taxon,genus,Catalogue of Life,1,Eukaryota,Plantae,Tracheophyta,Magnoliopsida,Myrtales,Combretaceae,Combretum,accepted,classification,3SRG,315834,10.48580/dgykv,https://www.checklistbank.org/dataset/315834,Catalogue of Life 2026-07-17 XR
higher_taxon,,Coprinellus,genus,,Fungi,,,,,,,Coprinellus,Coprinellus,3TQT,Coprinellus,Coprinellus,classification,,,Eukaryota|Fungi|Basidiomycota|Agaricomycetes|Agaricales|Psathyrellaceae|Coprinellus,,higher_taxon,genus,Catalogue of Life,1,Eukaryota,Fungi,Basidiomycota,Agaricomycetes,Agaricales,Psathyrellaceae,Coprinellus,accepted,classification,3TQT,315834,10.48580/dgykv,https://www.checklistbank.org/dataset/315834,Catalogue of Life 2026-07-17 XR
higher_taxon,,Coronella,genus,,Animalia,,,,,,,Coronella,Coronella,62MF5,Coronella,Coronella,classification,,,Eukaryota|Animalia|Chordata|Vertebrata|Gnathostomata|Osteichthyes|Tetrapoda|Reptilia|Squamata|Serpentes|Alethinophidia|Colubridae|Colubrinae|Coronella,,higher_taxon,genus,Catalogue of Life,1,Eukaryota,Animalia,Chordata,Reptilia,Squamata,Colubridae,Coronella,accepted,classification,62MF5,315834,10.48580/dgykv,https://www.checklistbank.org/dataset/315834,Catalogue of Life 2026-07-17 XR
higher_taxon,,Corvus,genus,,Animalia,,,,,,,Corvus,Corvus,62LZ4,Corvus,Corvus,classification,,,Eukaryota|Animalia|Chordata|Vertebrata|Gnathostomata|Osteichthyes|Tetrapoda|Aves|Passeriformes|Corvidae|Corvus,,higher_taxon,genus,Catalogue of Life,1,Eukaryota,Animalia,Chordata,Aves,Passeriformes,Corvidae,Corvus,accepted,classification,62LZ4,315834,10.48580/dgykv,https://www.checklistbank.org/dataset/315834,Catalogue of Life 2026-07-17 XR
higher_taxon,,Crocus,genus,,Plantae,,,,,,,Crocus,Crocus,8VWK3,Crocus,Crocus,classification,,,Eukaryota|Plantae|Pteridobiotina|Tracheophyta|Liliopsida|Asparagales|Iridaceae|Crocus,,higher_taxon,genus,Catalogue of Life,2,Eukaryota,Plantae,Tracheophyta,Liliopsida,Asparagales,Iridaceae,Crocus,accepted,classification,8VWK3,315834,10.48580/dgykv,https://www.checklistbank.org/dataset/315834,Catalogue of Life 2026-07-17 XR
higher_taxon,,Curruca,genus,,Animalia,,,,,,,Curruca,Curruca,DDBLS,Curruca,Curruca,classification,,,Eukaryota|Animalia|Chordata|Vertebrata|Gnathostomata|Osteichthyes|Tetrapoda|Aves|Passeriformes|Sylviidae|Curruca,,higher_taxon,genus,Catalogue of Life,1,Eukaryota,Animalia,Chordata,Aves,Passeriformes,Sylviidae,Curruca,accepted,classification,DDBLS,315834,10.48580/dgykv,https://www.checklistbank.org/dataset/315834,Catalogue of Life 2026-07-17 XR
higher_taxon,,Cyaniris,genus,,Animalia,,,,,,,Cyaniris,Cyaniris,9CKGT,Cyaniris,Cyaniris,classification,,,Eukaryota|Animalia|Arthropoda|Hexapoda|Insecta|Lepidoptera|Papilionoidea|Lycaenidae|Polyommatinae|Polyommatini|Cyaniris,,higher_taxon,genus,Catalogue of Life,1,Eukaryota,Animalia,Arthropoda,Insecta,Lepidoptera,Lycaenidae,Cyaniris,accepted,classification,9CKGT,315834,10.48580/dgykv,https://www.checklistbank.org/dataset/315834,Catalogue of Life 2026-07-17 XR
higher_taxon,,Cyanistes,genus,,Animalia,,,,,,,Cyanistes,Cyanistes,3XN8,Cyanistes,Cyanistes,classification,,,Eukaryota|Animalia|Chordata|Vertebrata|Gnathostomata|Osteichthyes|Tetrapoda|Aves|Passeriformes|Paridae|Cyanistes,,higher_taxon,genus,Catalogue of Life,1,Eukaryota,Animalia,Chordata,Aves,Passeriformes,Paridae,Cyanistes,accepted,classification,3XN8,315834,10.48580/dgykv,https://www.checklistbank.org/dataset/315834,Catalogue of Life 2026-07-17 XR
higher_taxon,,Cystoderma,genus,,Fungi,,,,,,,Cystoderma,Cystoderma,3Z42,Cystoderma,Cystoderma,classification,,,Eukaryota|Fungi|Basidiomycota|Agaricomycetes|Agaricales|Agaricaceae|Cystoderma,,higher_taxon,genus,Catalogue of Life,1,Eukaryota,Fungi,Basidiomycota,Agaricomycetes,Agaricales,Agaricaceae,Cystoderma,accepted,classification,3Z42,315834,10.48580/dgykv,https://www.checklistbank.org/dataset/315834,Catalogue of Life 2026-07-17 XR
higher_taxon,,Cystopteris,genus,,Plantae,,,,,,,Cystopteris,Cystopteris,3Z4T,Cystopteris,Cystopteris,classification,,,Eukaryota|Plantae|Pteridobiotina|Tracheophyta|Polypodiopsida|Polypodiales|Cystopteridaceae|Cystopteris,,higher_taxon,genus,Catalogue of Life,1,Eukaryota,Plantae,Tracheophyta,Polypodiopsida,Polypodiales,Cystopteridaceae,Cystopteris,accepted,classification,3Z4T,315834,10.48580/dgykv,https://www.checklistbank.org/dataset/315834,Catalogue of Life 2026-07-17 XR
higher_taxon,,Dactylorhiza,genus,,Plantae,,,,,,,Dactylorhiza,Dactylorhiza,8VWQD,Dactylorhiza,Dactylorhiza,classification,,,Eukaryota|Plantae|Pteridobiotina|Tracheophyta|Liliopsida|Asparagales|Orchidaceae|Dactylorhiza,,higher_taxon,genus,Catalogue of Life,2,Eukaryota,Plantae,Tracheophyta,Liliopsida,Asparagales,Orchidaceae,Dactylorhiza,accepted,classification,8VWQD,315834,10.48580/dgykv,https://www.checklistbank.org/dataset/315834,Catalogue of Life 2026-07-17 XR
higher_taxon,,Daphne,genus,,Plantae,,,,,,,Daphne,Daphne,3ZT2,Daphne,Daphne,classification,,,Eukaryota|Plantae|Pteridobiotina|Tracheophyta|Magnoliopsida|Malvales|Thymelaeaceae|Thymelaeoideae|Daphne,,higher_taxon,genus,Catalogue of Life,1,Eukaryota,Plantae,Tracheophyta,Magnoliopsida,Malvales,Thymelaeaceae,Daphne,accepted,classification,3ZT2,315834,10.48580/dgykv,https://www.checklistbank.org/dataset/315834,Catalogue of Life 2026-07-17 XR
higher_taxon,,Delichon,genus,,Animalia,,,,,,,Delichon,Delichon,42MV,Delichon,Delichon,classification,,,Eukaryota|Animalia|Chordata|Vertebrata|Gnathostomata|Osteichthyes|Tetrapoda|Aves|Passeriformes|Hirundinidae|Delichon,,higher_taxon,genus,Catalogue of Life,1,Eukaryota,Animalia,Chordata,Aves,Passeriformes,Hirundinidae,Delichon,accepted,classification,42MV,315834,10.48580/dgykv,https://www.checklistbank.org/dataset/315834,Catalogue of Life 2026-07-17 XR
higher_taxon,,Dicranocephalus,genus,,Animalia,,,,,,,Dicranocephalus,Dicranocephalus,8NNVX,Dicranocephalus,Dicranocephalus,classification,,,Eukaryota|Animalia|Arthropoda|Hexapoda|Insecta|Hemiptera|Heteroptera|Pentatomomorpha|Coreoidea|Stenocephalidae|Dicranocephalus,,higher_taxon,genus,Catalogue of Life,1,Eukaryota,Animalia,Arthropoda,Insecta,Hemiptera,Stenocephalidae,Dicranocephalus,accepted,classification,8NNVX,315834,10.48580/dgykv,https://www.checklistbank.org/dataset/315834,Catalogue of Life 2026-07-17 XR
higher_taxon,,Dorcadion,genus,,Animalia,,,,,,,Dorcadion,Dorcadion,BJ9K7,Dorcadion,Dorcadion,classification,,,Eukaryota|Animalia|Arthropoda|Hexapoda|Insecta|Coleoptera|Polyphaga|Cucujiformia|Chrysomeloidea|Cerambycidae|Lamiinae|Dorcadionini|Dorcadion,,higher_taxon,genus,Catalogue of Life,1,Eukaryota,Animalia,Arthropoda,Insecta,Coleoptera,Cerambycidae,Dorcadion,accepted,classification,BJ9K7,315834,10.48580/dgykv,https://www.checklistbank.org/dataset/315834,Catalogue of Life 2026-07-17 XR
higher_taxon,,Doronicum,genus,,Plantae,,,,,,,Doronicum,Doronicum,47VT,Doronicum,Doronicum,classification,,,Eukaryota|Plantae|Pteridobiotina|Tracheophyta|Magnoliopsida|Asterales|Asteraceae|Asteroideae|Doroniceae|Doronicum,,higher_taxon,genus,Catalogue of Life,1,Eukaryota,Plantae,Tracheophyta,Magnoliopsida,Asterales,Asteraceae,Doronicum,accepted,classification,47VT,315834,10.48580/dgykv,https://www.checklistbank.org/dataset/315834,Catalogue of Life 2026-07-17 XR
higher_taxon,,Draba,genus,,Plantae,,,,,,,Draba,Draba,C6ZMJ,Draba,Draba,classification,,,Eukaryota|Plantae|Pteridobiotina|Tracheophyta|Magnoliopsida|Capparales|Brassicaceae|Brassicoideae|Arabideae|Draba,,higher_taxon,genus,Catalogue of Life,2,Eukaryota,Plantae,Tracheophyta,Magnoliopsida,Capparales,Brassicaceae,Draba,accepted,classification,C6ZMJ,315834,10.48580/dgykv,https://www.checklistbank.org/dataset/315834,Catalogue of Life 2026-07-17 XR
higher_taxon,,Drepanocladus,genus,,Plantae,,,,,,,Drepanocladus,Drepanocladus,9JJVT,Drepanocladus,Drepanocladus,classification,,,Eukaryota|Plantae|Bryobiotina|Bryophyta|Bryopsida|Bryidae|Hypnanae|Hypnales|Amblystegiaceae|Drepanocladus,,higher_taxon,genus,Catalogue of Life,1,Eukaryota,Plantae,Bryophyta,Bryopsida,Hypnales,Amblystegiaceae,Drepanocladus,accepted,classification,9JJVT,315834,10.48580/dgykv,https://www.checklistbank.org/dataset/315834,Catalogue of Life 2026-07-17 XR
higher_taxon,,Dryas,genus,,Plantae,,,,,,,Dryas,Dryas,6339B,Dryas,Dryas,classification,,,Eukaryota|Plantae|Pteridobiotina|Tracheophyta|Magnoliopsida|Rosales|Rosaceae|Dryadoideae|Dryas,,higher_taxon,genus,Catalogue of Life,1,Eukaryota,Plantae,Tracheophyta,Magnoliopsida,Rosales,Rosaceae,Dryas,accepted,classification,6339B,315834,10.48580/dgykv,https://www.checklistbank.org/dataset/315834,Catalogue of Life 2026-07-17 XR
higher_taxon,,Edraianthus,genus,,Plantae,,,,,,,Edraianthus,Edraianthus,8VX83,Edraianthus,Edraianthus,classification,,,Eukaryota|Plantae|Pteridobiotina|Tracheophyta|Magnoliopsida|Asterales|Campanulaceae|Campanuloideae|Campanuleae|Edraianthus,,higher_taxon,genus,Catalogue of Life,1,Eukaryota,Plantae,Tracheophyta,Magnoliopsida,Asterales,Campanulaceae,Edraianthus,accepted,classification,8VX83,315834,10.48580/dgykv,https://www.checklistbank.org/dataset/315834,Catalogue of Life 2026-07-17 XR
higher_taxon,,Emberiza,genus,,Animalia,,,,,,,Emberiza,Emberiza,4B69,Emberiza,Emberiza,classification,,,Eukaryota|Animalia|Chordata|Vertebrata|Gnathostomata|Osteichthyes|Tetrapoda|Aves|Passeriformes|Emberizidae|Emberiza,,higher_taxon,genus,Catalogue of Life,1,Eukaryota,Animalia,Chordata,Aves,Passeriformes,Emberizidae,Emberiza,accepted,classification,4B69,315834,10.48580/dgykv,https://www.checklistbank.org/dataset/315834,Catalogue of Life 2026-07-17 XR
higher_taxon,,Encalypta,genus,,Plantae,,,,,,,Encalypta,Encalypta,9JK2L,Encalypta,Encalypta,classification,,,Eukaryota|Plantae|Bryobiotina|Bryophyta|Bryopsida|Funariidae|Encalyptales|Encalyptaceae|Encalypta,,higher_taxon,genus,Catalogue of Life,1,Eukaryota,Plantae,Bryophyta,Bryopsida,Encalyptales,Encalyptaceae,Encalypta,accepted,classification,9JK2L,315834,10.48580/dgykv,https://www.checklistbank.org/dataset/315834,Catalogue of Life 2026-07-17 XR
higher_taxon,,Erebia,genus,,Animalia,,,,,,,Erebia,Erebia,8ZXN2,Erebia,Erebia,classification,,,Eukaryota|Animalia|Arthropoda|Hexapoda|Insecta|Lepidoptera|Papilionoidea|Nymphalidae|Satyrinae|Satyrini|Erebia,,higher_taxon,genus,Catalogue of Life,3,Eukaryota,Animalia,Arthropoda,Insecta,Lepidoptera,Nymphalidae,Erebia,accepted,classification,8ZXN2,315834,10.48580/dgykv,https://www.checklistbank.org/dataset/315834,Catalogue of Life 2026-07-17 XR
higher_taxon,,Eresus,genus,,Animalia,,,,,,,Eresus,Eresus,CV4ZC,Eresus,Eresus,classification,,,Eukaryota|Animalia|Arthropoda|Chelicerata|Arachnida|Araneae|Eresidae|Eresus,,higher_taxon,genus,Catalogue of Life,1,Eukaryota,Animalia,Arthropoda,Arachnida,Araneae,Eresidae,Eresus,accepted,classification,CV4ZC,315834,10.48580/dgykv,https://www.checklistbank.org/dataset/315834,Catalogue of Life 2026-07-17 XR
higher_taxon,,Erica,genus,,Plantae,,,,,,,Erica,Erica,4DYS,Erica,Erica,classification,,,Eukaryota|Plantae|Pteridobiotina|Tracheophyta|Magnoliopsida|Ericales|Ericaceae|Ericoideae|Ericeae|Erica,,higher_taxon,genus,Catalogue of Life,1,Eukaryota,Plantae,Tracheophyta,Magnoliopsida,Ericales,Ericaceae,Erica,accepted,classification,4DYS,315834,10.48580/dgykv,https://www.checklistbank.org/dataset/315834,Catalogue of Life 2026-07-17 XR
higher_taxon,,Euphorbia,genus,,Plantae,,,,,,,Euphorbia,Euphorbia,8VRY5,Euphorbia,Euphorbia,classification,,,Eukaryota|Plantae|Pteridobiotina|Tracheophyta|Magnoliopsida|Malpighiales|Euphorbiaceae|Euphorbioideae|Euphorbieae|Euphorbiinae|Euphorbia,,higher_taxon,genus,Catalogue of Life,3,Eukaryota,Plantae,Tracheophyta,Magnoliopsida,Malpighiales,Euphorbiaceae,Euphorbia,accepted,classification,8VRY5,315834,10.48580/dgykv,https://www.checklistbank.org/dataset/315834,Catalogue of Life 2026-07-17 XR
higher_taxon,,Fagus,genus,,Plantae,,,,,,,Fagus,Fagus,8VXN4,Fagus,Fagus,classification,,,Eukaryota|Plantae|Pteridobiotina|Tracheophyta|Magnoliopsida|Fagales|Fagaceae|Fagoideae|Fagus,,higher_taxon,genus,Catalogue of Life,1,Eukaryota,Plantae,Tracheophyta,Magnoliopsida,Fagales,Fagaceae,Fagus,accepted,classification,8VXN4,315834,10.48580/dgykv,https://www.checklistbank.org/dataset/315834,Catalogue of Life 2026-07-17 XR
higher_taxon,,Falco,genus,,Animalia,,,,,,,Falco,Falco,62SZ6,Falco,Falco,classification,,,Eukaryota|Animalia|Chordata|Vertebrata|Gnathostomata|Osteichthyes|Tetrapoda|Aves|Falconiformes|Falconidae|Falconinae|Falco,,higher_taxon,genus,Catalogue of Life,1,Eukaryota,Animalia,Chordata,Aves,Falconiformes,Falconidae,Falco,accepted,classification,62SZ6,315834,10.48580/dgykv,https://www.checklistbank.org/dataset/315834,Catalogue of Life 2026-07-17 XR
higher_taxon,,Fomitopsis,genus,,Fungi,,,,,,,Fomitopsis,Fomitopsis,4KNZ,Fomitopsis,Fomitopsis,classification,,,Eukaryota|Fungi|Basidiomycota|Agaricomycetes|Polyporales|Fomitopsidaceae|Fomitopsis,,higher_taxon,genus,Catalogue of Life,1,Eukaryota,Fungi,Basidiomycota,Agaricomycetes,Polyporales,Fomitopsidaceae,Fomitopsis,accepted,classification,4KNZ,315834,10.48580/dgykv,https://www.checklistbank.org/dataset/315834,Catalogue of Life 2026-07-17 XR
higher_taxon,,Fragaria,genus,,Plantae,,,,,,,Fragaria,Fragaria,4KYG,Fragaria,Fragaria,classification,,,Eukaryota|Plantae|Pteridobiotina|Tracheophyta|Magnoliopsida|Rosales|Rosaceae|Rosoideae|Potentilleae|Fragariinae|Fragaria,,higher_taxon,genus,Catalogue of Life,1,Eukaryota,Plantae,Tracheophyta,Magnoliopsida,Rosales,Rosaceae,Fragaria,accepted,classification,4KYG,315834,10.48580/dgykv,https://www.checklistbank.org/dataset/315834,Catalogue of Life 2026-07-17 XR
higher_taxon,,Fringilla,genus,,Animalia,,,,,,,Fringilla,Fringilla,4L6M,Fringilla,Fringilla,classification,,,Eukaryota|Animalia|Chordata|Vertebrata|Gnathostomata|Osteichthyes|Tetrapoda|Aves|Passeriformes|Fringillidae|Fringilla,,higher_taxon,genus,Catalogue of Life,1,Eukaryota,Animalia,Chordata,Aves,Passeriformes,Fringillidae,Fringilla,accepted,classification,4L6M,315834,10.48580/dgykv,https://www.checklistbank.org/dataset/315834,Catalogue of Life 2026-07-17 XR
higher_taxon,,Fuligo,genus,,Protozoa,,,,,,,Fuligo,Fuligo,4LC4,Fuligo,Fuligo,classification,,,Eukaryota|Protozoa|Mycetozoa|Myxomycetes|Physarales|Physaraceae|Fuligo,,higher_taxon,genus,Catalogue of Life,1,Eukaryota,Protozoa,Mycetozoa,Myxomycetes,Physarales,Physaraceae,Fuligo,accepted,classification,4LC4,315834,10.48580/dgykv,https://www.checklistbank.org/dataset/315834,Catalogue of Life 2026-07-17 XR
higher_taxon,,Gagea,genus,,Plantae,,,,,,,Gagea,Gagea,8VXR4,Gagea,Gagea,classification,,,Eukaryota|Plantae|Pteridobiotina|Tracheophyta|Liliopsida|Liliales|Liliaceae|Gagea,,higher_taxon,genus,Catalogue of Life,1,Eukaryota,Plantae,Tracheophyta,Liliopsida,Liliales,Liliaceae,Gagea,accepted,classification,8VXR4,315834,10.48580/dgykv,https://www.checklistbank.org/dataset/315834,Catalogue of Life 2026-07-17 XR
higher_taxon,,Galerina,genus,,Fungi,,,,,,,Galerina,Galerina,4LVC,Galerina,Galerina,classification,,,Eukaryota|Fungi|Basidiomycota|Agaricomycetes|Agaricales|Hymenogastraceae|Galerina,,higher_taxon,genus,Catalogue of Life,1,Eukaryota,Fungi,Basidiomycota,Agaricomycetes,Agaricales,Hymenogastraceae,Galerina,accepted,classification,4LVC,315834,10.48580/dgykv,https://www.checklistbank.org/dataset/315834,Catalogue of Life 2026-07-17 XR
higher_taxon,,Galium,genus,,Plantae,,,,,,,Galium,Galium,8VXRS,Galium,Galium,classification,,,Eukaryota|Plantae|Pteridobiotina|Tracheophyta|Magnoliopsida|Gentianales|Rubiaceae|Rubioideae|Rubieae|Galiinae|Galium,,higher_taxon,genus,Catalogue of Life,1,Eukaryota,Plantae,Tracheophyta,Magnoliopsida,Gentianales,Rubiaceae,Galium,accepted,classification,8VXRS,315834,10.48580/dgykv,https://www.checklistbank.org/dataset/315834,Catalogue of Life 2026-07-17 XR
higher_taxon,,Gentiana,genus,,Plantae,,,,,,,Gentiana,Gentiana,62STG,Gentiana,Gentiana,classification,,,Eukaryota|Plantae|Pteridobiotina|Tracheophyta|Magnoliopsida|Gentianales|Gentianaceae|Gentianeae|Gentianinae|Gentiana,,higher_taxon,genus,Catalogue of Life,2,Eukaryota,Plantae,Tracheophyta,Magnoliopsida,Gentianales,Gentianaceae,Gentiana,accepted,classification,62STG,315834,10.48580/dgykv,https://www.checklistbank.org/dataset/315834,Catalogue of Life 2026-07-17 XR
higher_taxon,,Gentianella,genus,,Plantae,,,,,,,Gentianella,Gentianella,62T5G,Gentianella,Gentianella,classification,,,Eukaryota|Plantae|Pteridobiotina|Tracheophyta|Magnoliopsida|Gentianales|Gentianaceae|Gentianeae|Swertiinae|Gentianella,,higher_taxon,genus,Catalogue of Life,1,Eukaryota,Plantae,Tracheophyta,Magnoliopsida,Gentianales,Gentianaceae,Gentianella,accepted,classification,62T5G,315834,10.48580/dgykv,https://www.checklistbank.org/dataset/315834,Catalogue of Life 2026-07-17 XR
higher_taxon,,Geranium,genus,,Plantae,,,,,,,Geranium,Geranium,4N5F,Geranium,Geranium,classification,,,Eukaryota|Plantae|Pteridobiotina|Tracheophyta|Magnoliopsida|Geraniales|Geraniaceae|Geranium,,higher_taxon,genus,Catalogue of Life,4,Eukaryota,Plantae,Tracheophyta,Magnoliopsida,Geraniales,Geraniaceae,Geranium,accepted,classification,4N5F,315834,10.48580/dgykv,https://www.checklistbank.org/dataset/315834,Catalogue of Life 2026-07-17 XR
higher_taxon,,Geum,genus,,Plantae,,,,,,,Geum,Geum,6356B,Geum,Geum,classification,,,Eukaryota|Plantae|Pteridobiotina|Tracheophyta|Magnoliopsida|Rosales|Rosaceae|Rosoideae|Colurieae|Geum,,higher_taxon,genus,Catalogue of Life,2,Eukaryota,Plantae,Tracheophyta,Magnoliopsida,Rosales,Rosaceae,Geum,accepted,classification,6356B,315834,10.48580/dgykv,https://www.checklistbank.org/dataset/315834,Catalogue of Life 2026-07-17 XR
higher_taxon,,Grimmia,genus,,Plantae,,,,,,,Grimmia,Grimmia,9JKHH,Grimmia,Grimmia,classification,,,Eukaryota|Plantae|Bryobiotina|Bryophyta|Bryopsida|Dicranidae|Grimmiales|Grimmiaceae|Grimmia,,higher_taxon,genus,Catalogue of Life,3,Eukaryota,Plantae,Bryophyta,Bryopsida,Grimmiales,Grimmiaceae,Grimmia,accepted,classification,9JKHH,315834,10.48580/dgykv,https://www.checklistbank.org/dataset/315834,Catalogue of Life 2026-07-17 XR
higher_taxon,,Gryllus,genus,,Animalia,,,,,,,Gryllus,Gryllus,8NQ2B,Gryllus,Gryllus,classification,,,Eukaryota|Animalia|Arthropoda|Hexapoda|Insecta|Orthoptera|Ensifera|Gryllidea|Grylloidea|Gryllidae|Gryllinae|Gryllini|Gryllina|Gryllus,,higher_taxon,genus,Catalogue of Life,1,Eukaryota,Animalia,Arthropoda,Insecta,Orthoptera,Gryllidae,Gryllus,accepted,classification,8NQ2B,315834,10.48580/dgykv,https://www.checklistbank.org/dataset/315834,Catalogue of Life 2026-07-17 XR
higher_taxon,,Gymnadenia,genus,,Plantae,,,,,,,Gymnadenia,Gymnadenia,8VXZX,Gymnadenia,Gymnadenia,classification,,,Eukaryota|Plantae|Pteridobiotina|Tracheophyta|Liliopsida|Asparagales|Orchidaceae|Gymnadenia,,higher_taxon,genus,Catalogue of Life,1,Eukaryota,Plantae,Tracheophyta,Liliopsida,Asparagales,Orchidaceae,Gymnadenia,accepted,classification,8VXZX,315834,10.48580/dgykv,https://www.checklistbank.org/dataset/315834,Catalogue of Life 2026-07-17 XR
higher_taxon,,Helianthemum,genus,,Plantae,,,,,,,Helianthemum,Helianthemum,62TKD,Helianthemum,Helianthemum,classification,,,Eukaryota|Plantae|Pteridobiotina|Tracheophyta|Magnoliopsida|Malvales|Cistaceae|Cistoideae|Helianthemum,,higher_taxon,genus,Catalogue of Life,1,Eukaryota,Plantae,Tracheophyta,Magnoliopsida,Malvales,Cistaceae,Helianthemum,accepted,classification,62TKD,315834,10.48580/dgykv,https://www.checklistbank.org/dataset/315834,Catalogue of Life 2026-07-17 XR
higher_taxon,,Hygrophoropsis,genus,,Fungi,,,,,,,Hygrophoropsis,Hygrophoropsis,4ZY5,Hygrophoropsis,Hygrophoropsis,classification,,,Eukaryota|Fungi|Basidiomycota|Agaricomycetes|Boletales|Hygrophoropsidaceae|Hygrophoropsis,,higher_taxon,genus,Catalogue of Life,1,Eukaryota,Fungi,Basidiomycota,Agaricomycetes,Boletales,Hygrophoropsidaceae,Hygrophoropsis,accepted,classification,4ZY5,315834,10.48580/dgykv,https://www.checklistbank.org/dataset/315834,Catalogue of Life 2026-07-17 XR
higher_taxon,,Hyles,genus,,Animalia,,,,,,,Hyles,Hyles,92C2D,Hyles,Hyles,classification,,,Eukaryota|Animalia|Arthropoda|Hexapoda|Insecta|Lepidoptera|Bombycoidea|Sphingidae|Macroglossinae|Macroglossini|Hyles,,higher_taxon,genus,Catalogue of Life,1,Eukaryota,Animalia,Arthropoda,Insecta,Lepidoptera,Sphingidae,Hyles,accepted,classification,92C2D,315834,10.48580/dgykv,https://www.checklistbank.org/dataset/315834,Catalogue of Life 2026-07-17 XR
higher_taxon,,Hypericum,genus,,Plantae,,,,,,,Hypericum,Hypericum,6372V,Hypericum,Hypericum,classification,,,Eukaryota|Plantae|Pteridobiotina|Tracheophyta|Magnoliopsida|Malpighiales|Hypericaceae|Hypericeae|Hypericum,,higher_taxon,genus,Catalogue of Life,3,Eukaryota,Plantae,Tracheophyta,Magnoliopsida,Malpighiales,Hypericaceae,Hypericum,accepted,classification,6372V,315834,10.48580/dgykv,https://www.checklistbank.org/dataset/315834,Catalogue of Life 2026-07-17 XR
higher_taxon,,Issoria,genus,,Animalia,,,,,,,Issoria,Issoria,92CKV,Issoria,Issoria,classification,,,Eukaryota|Animalia|Arthropoda|Hexapoda|Insecta|Lepidoptera|Papilionoidea|Nymphalidae|Heliconiinae|Heliconiini|Issoria,,higher_taxon,genus,Catalogue of Life,1,Eukaryota,Animalia,Arthropoda,Insecta,Lepidoptera,Nymphalidae,Issoria,accepted,classification,92CKV,315834,10.48580/dgykv,https://www.checklistbank.org/dataset/315834,Catalogue of Life 2026-07-17 XR
higher_taxon,,Jasione,genus,,Plantae,,,,,,,Jasione,Jasione,8VYKP,Jasione,Jasione,classification,,,Eukaryota|Plantae|Pteridobiotina|Tracheophyta|Magnoliopsida|Asterales|Campanulaceae|Campanuloideae|Campanuleae|Jasione,,higher_taxon,genus,Catalogue of Life,1,Eukaryota,Plantae,Tracheophyta,Magnoliopsida,Asterales,Campanulaceae,Jasione,accepted,classification,8VYKP,315834,10.48580/dgykv,https://www.checklistbank.org/dataset/315834,Catalogue of Life 2026-07-17 XR
higher_taxon,,Jovibarba,genus,,Plantae,,,,,,,Jovibarba,Jovibarba,CQMBQ,Jovibarba,Jovibarba,classification,,,Eukaryota|Plantae|Pteridobiotina|Tracheophyta|Magnoliopsida|Saxifragales|Crassulaceae|Sempervivoideae|Semperviveae|Jovibarba,,higher_taxon,genus,Catalogue of Life,1,Eukaryota,Plantae,Tracheophyta,Magnoliopsida,Saxifragales,Crassulaceae,Jovibarba,accepted,classification,CQMBQ,315834,10.48580/dgykv,https://www.checklistbank.org/dataset/315834,Catalogue of Life 2026-07-17 XR
higher_taxon,,Juniperus,genus,,Plantae,,,,,,,Juniperus,Juniperus,C7HCB,Juniperus,Juniperus,classification,,,Eukaryota|Plantae|Pteridobiotina|Tracheophyta|Pinopsida|Cupressidae|Cupressales|Cupressaceae|Juniperus,,higher_taxon,genus,Catalogue of Life,1,Eukaryota,Plantae,Tracheophyta,Pinopsida,Cupressales,Cupressaceae,Juniperus,accepted,classification,C7HCB,315834,10.48580/dgykv,https://www.checklistbank.org/dataset/315834,Catalogue of Life 2026-07-17 XR
higher_taxon,,Lactarius,genus,,Fungi,,,,,,,Lactarius,Lactarius,87GPP,Lactarius,Lactarius,classification,,,Eukaryota|Fungi|Basidiomycota|Agaricomycetes|Russulales|Russulaceae|Lactarius,,higher_taxon,genus,Catalogue of Life,2,Eukaryota,Fungi,Basidiomycota,Agaricomycetes,Russulales,Russulaceae,Lactarius,accepted,classification,87GPP,315834,10.48580/dgykv,https://www.checklistbank.org/dataset/315834,Catalogue of Life 2026-07-17 XR
higher_taxon,,Lasiocampa,genus,,Animalia,,,,,,,Lasiocampa,Lasiocampa,92CXZ,Lasiocampa,Lasiocampa,classification,,,Eukaryota|Animalia|Arthropoda|Hexapoda|Insecta|Lepidoptera|Lasiocampoidea|Lasiocampidae|Lasiocampinae|Lasiocampa,,higher_taxon,genus,Catalogue of Life,1,Eukaryota,Animalia,Arthropoda,Insecta,Lepidoptera,Lasiocampidae,Lasiocampa,accepted,classification,92CXZ,315834,10.48580/dgykv,https://www.checklistbank.org/dataset/315834,Catalogue of Life 2026-07-17 XR
higher_taxon,,Lepista,genus,,Fungi,,,,,,,Lepista,Lepista,87HXX,Lepista,Lepista,classification,,,Eukaryota|Fungi|Basidiomycota|Agaricomycetes|Agaricales|Tricholomataceae|Lepista,,higher_taxon,genus,Catalogue of Life,1,Eukaryota,Fungi,Basidiomycota,Agaricomycetes,Agaricales,Tricholomataceae,Lepista,accepted,classification,87HXX,315834,10.48580/dgykv,https://www.checklistbank.org/dataset/315834,Catalogue of Life 2026-07-17 XR
higher_taxon,,Leucania,genus,,Animalia,,,,,,,Leucania,Leucania,92D6N,Leucania,Leucania,classification,,,Eukaryota|Animalia|Arthropoda|Hexapoda|Insecta|Lepidoptera|Noctuoidea|Noctuidae|Noctuinae|Leucaniini|Leucania,,higher_taxon,genus,Catalogue of Life,1,Eukaryota,Animalia,Arthropoda,Insecta,Lepidoptera,Noctuidae,Leucania,accepted,classification,92D6N,315834,10.48580/dgykv,https://www.checklistbank.org/dataset/315834,Catalogue of Life 2026-07-17 XR
higher_taxon,,Leucocortinarius,genus,,Fungi,,,,,,,Leucocortinarius,Leucocortinarius,62WZJ,Leucocortinarius,Leucocortinarius,classification,,,Eukaryota|Fungi|Basidiomycota|Agaricomycetes|Agaricales|Tricholomataceae|Leucocortinarius,,higher_taxon,genus,Catalogue of Life,1,Eukaryota,Fungi,Basidiomycota,Agaricomycetes,Agaricales,Tricholomataceae,Leucocortinarius,accepted,classification,62WZJ,315834,10.48580/dgykv,https://www.checklistbank.org/dataset/315834,Catalogue of Life 2026-07-17 XR
higher_taxon,,Libellula,genus,,Animalia,,,,,,,Libellula,Libellula,9WKNC,Libellula,Libellula,classification,,,Eukaryota|Animalia|Arthropoda|Hexapoda|Insecta|Odonata|Anisoptera|Libelluloidea|Libellulidae|Libellula,,higher_taxon,genus,Catalogue of Life,1,Eukaryota,Animalia,Arthropoda,Insecta,Odonata,Libellulidae,Libellula,accepted,classification,9WKNC,315834,10.48580/dgykv,https://www.checklistbank.org/dataset/315834,Catalogue of Life 2026-07-17 XR
higher_taxon,,Lilium,genus,,Plantae,,,,,,,Lilium,Lilium,8VYWZ,Lilium,Lilium,classification,,,Eukaryota|Plantae|Pteridobiotina|Tracheophyta|Liliopsida|Liliales|Liliaceae|Lilium,,higher_taxon,genus,Catalogue of Life,1,Eukaryota,Plantae,Tracheophyta,Liliopsida,Liliales,Liliaceae,Lilium,accepted,classification,8VYWZ,315834,10.48580/dgykv,https://www.checklistbank.org/dataset/315834,Catalogue of Life 2026-07-17 XR
higher_taxon,,Limax,genus,,Animalia,,,,,,,Limax,Limax,7P7HM,Limax,Limax,classification,,,Eukaryota|Animalia|Mollusca|Gastropoda|Heterobranchia|Euthyneura|Tectipleura|Eupulmonata|Limacoidei|Limacoidea|Limacidae|Limacinae|Limax,,higher_taxon,genus,Catalogue of Life,1,Eukaryota,Animalia,Mollusca,Gastropoda,,Limacidae,Limax,accepted,classification,7P7HM,315834,10.48580/dgykv,https://www.checklistbank.org/dataset/315834,Catalogue of Life 2026-07-17 XR
higher_taxon,,Linaria,genus,,Animalia,,,,,,,Linaria,Linaria,62YPP,Linaria,Linaria,classification,,,Eukaryota|Animalia|Chordata|Vertebrata|Gnathostomata|Osteichthyes|Tetrapoda|Aves|Passeriformes|Fringillidae|Linaria,,higher_taxon,genus,Catalogue of Life,1,Eukaryota,Animalia,Chordata,Aves,Passeriformes,Fringillidae,Linaria,accepted,classification,62YPP,315834,10.48580/dgykv,https://www.checklistbank.org/dataset/315834,Catalogue of Life 2026-07-17 XR
higher_taxon,,Lonicera,genus,,Plantae,,,,,,,Lonicera,Lonicera,5GFJ,Lonicera,Lonicera,classification,,,Eukaryota|Plantae|Pteridobiotina|Tracheophyta|Magnoliopsida|Dipsacales|Caprifoliaceae|Caprifolioideae|Lonicera,,higher_taxon,genus,Catalogue of Life,1,Eukaryota,Plantae,Tracheophyta,Magnoliopsida,Dipsacales,Caprifoliaceae,Lonicera,accepted,classification,5GFJ,315834,10.48580/dgykv,https://www.checklistbank.org/dataset/315834,Catalogue of Life 2026-07-17 XR
higher_taxon,,Lophiolepis,genus,,Plantae,,,,,,,Lophiolepis,Lophiolepis,KZV4H,Lophiolepis,Lophiolepis,classification,,,Eukaryota|Plantae|Pteridobiotina|Tracheophyta|Magnoliopsida|Asterales|Asteraceae|Carduoideae|Cardueae|Carduinae|Lophiolepis,,higher_taxon,genus,Catalogue of Life,1,Eukaryota,Plantae,Tracheophyta,Magnoliopsida,Asterales,Asteraceae,Lophiolepis,accepted,classification,KZV4H,315834,10.48580/dgykv,https://www.checklistbank.org/dataset/315834,Catalogue of Life 2026-07-17 XR
higher_taxon,,Lophozia,genus,,Plantae,,,,,,,Lophozia,Lophozia,9JL5F,Lophozia,Lophozia,classification,,,Eukaryota|Plantae|Bryobiotina|Marchantiophyta|Jungermanniopsida|Jungermanniidae|Lophoziales|Lophoziaceae|Lophozia,,higher_taxon,genus,Catalogue of Life,1,Eukaryota,Plantae,Marchantiophyta,Jungermanniopsida,Lophoziales,Lophoziaceae,Lophozia,accepted,classification,9JL5F,315834,10.48580/dgykv,https://www.checklistbank.org/dataset/315834,Catalogue of Life 2026-07-17 XR
higher_taxon,,Lotus,genus,,Plantae,,,,,,,Lotus,Lotus,9CL83,Lotus,Lotus,classification,,,Eukaryota|Plantae|Pteridobiotina|Tracheophyta|Magnoliopsida|Fabales|Fabaceae|Lotus,,higher_taxon,genus,Catalogue of Life,1,Eukaryota,Plantae,Tracheophyta,Magnoliopsida,Fabales,Fabaceae,Lotus,accepted,classification,9CL83,315834,10.48580/dgykv,https://www.checklistbank.org/dataset/315834,Catalogue of Life 2026-07-17 XR
higher_taxon,,Luzula,genus,,Plantae,,,,,,,Luzula,Luzula,5HGS,Luzula,Luzula,classification,,,Eukaryota|Plantae|Pteridobiotina|Tracheophyta|Liliopsida|Poales|Juncaceae|Luzula,,higher_taxon,genus,Catalogue of Life,1,Eukaryota,Plantae,Tracheophyta,Liliopsida,Poales,Juncaceae,Luzula,accepted,classification,5HGS,315834,10.48580/dgykv,https://www.checklistbank.org/dataset/315834,Catalogue of Life 2026-07-17 XR
higher_taxon,,Lycaena,genus,,Animalia,,,,,,,Lycaena,Lycaena,9CJ2Q,Lycaena,Lycaena,classification,,,Eukaryota|Animalia|Arthropoda|Hexapoda|Insecta|Lepidoptera|Papilionoidea|Lycaenidae|Lycaeninae|Lycaena,,higher_taxon,genus,Catalogue of Life,2,Eukaryota,Animalia,Arthropoda,Insecta,Lepidoptera,Lycaenidae,Lycaena,accepted,classification,9CJ2Q,315834,10.48580/dgykv,https://www.checklistbank.org/dataset/315834,Catalogue of Life 2026-07-17 XR
higher_taxon,,Lycoperdon,genus,,Fungi,,,,,,,Lycoperdon,Lycoperdon,5HL4,Lycoperdon,Lycoperdon,classification,,,Eukaryota|Fungi|Basidiomycota|Agaricomycetes|Agaricales|Lycoperdaceae|Lycoperdon,,higher_taxon,genus,Catalogue of Life,1,Eukaryota,Fungi,Basidiomycota,Agaricomycetes,Agaricales,Lycoperdaceae,Lycoperdon,accepted,classification,5HL4,315834,10.48580/dgykv,https://www.checklistbank.org/dataset/315834,Catalogue of Life 2026-07-17 XR
higher_taxon,,Macrolepiota,genus,,Fungi,,,,,,,Macrolepiota,Macrolepiota,62Y6D,Macrolepiota,Macrolepiota,classification,,,Eukaryota|Fungi|Basidiomycota|Agaricomycetes|Agaricales|Agaricaceae|Macrolepiota,,higher_taxon,genus,Catalogue of Life,1,Eukaryota,Fungi,Basidiomycota,Agaricomycetes,Agaricales,Agaricaceae,Macrolepiota,accepted,classification,62Y6D,315834,10.48580/dgykv,https://www.checklistbank.org/dataset/315834,Catalogue of Life 2026-07-17 XR
higher_taxon,,Malcolmia,genus,,Plantae,,,,,,,Malcolmia,Malcolmia,C7PY8,Malcolmia,Malcolmia,classification,,,Eukaryota|Plantae|Pteridobiotina|Tracheophyta|Magnoliopsida|Capparales|Brassicaceae|Brassicoideae|Malcolmieae|Malcolmia,,higher_taxon,genus,Catalogue of Life,1,Eukaryota,Plantae,Tracheophyta,Magnoliopsida,Capparales,Brassicaceae,Malcolmia,accepted,classification,C7PY8,315834,10.48580/dgykv,https://www.checklistbank.org/dataset/315834,Catalogue of Life 2026-07-17 XR
higher_taxon,,Mellicta,genus,,Animalia,,,,,,,Mellicta,Mellicta,92F8Y,Mellicta,Mellicta,classification,,,Eukaryota|Animalia|Arthropoda|Hexapoda|Insecta|Lepidoptera|Papilionoidea|Nymphalidae|Nymphalinae|Melitaeini|Mellicta,,higher_taxon,genus,Catalogue of Life,1,Eukaryota,Animalia,Arthropoda,Insecta,Lepidoptera,Nymphalidae,Mellicta,accepted,classification,92F8Y,315834,10.48580/dgykv,https://www.checklistbank.org/dataset/315834,Catalogue of Life 2026-07-17 XR
higher_taxon,,Meloe,genus,,Animalia,,,,,,,Meloe,Meloe,KVJKT,Meloe,Meloe,classification,,,Eukaryota|Animalia|Arthropoda|Hexapoda|Insecta|Coleoptera|Polyphaga|Cucujiformia|Tenebrionoidea|Meloidae|Meloinae|Meloini|Meloe,,higher_taxon,genus,Catalogue of Life,2,Eukaryota,Animalia,Arthropoda,Insecta,Coleoptera,Meloidae,Meloe,accepted,classification,KVJKT,315834,10.48580/dgykv,https://www.checklistbank.org/dataset/315834,Catalogue of Life 2026-07-17 XR
higher_taxon,,Minuartia,genus,,Plantae,,,,,,,Minuartia,Minuartia,CVFPJ,Minuartia,Minuartia,classification,,,Eukaryota|Plantae|Pteridobiotina|Tracheophyta|Magnoliopsida|Caryophyllales|Caryophyllaceae|Sagineae|Minuartia,,higher_taxon,genus,Catalogue of Life,1,Eukaryota,Plantae,Tracheophyta,Magnoliopsida,Caryophyllales,Caryophyllaceae,Minuartia,accepted,classification,CVFPJ,315834,10.48580/dgykv,https://www.checklistbank.org/dataset/315834,Catalogue of Life 2026-07-17 XR
higher_taxon,,Montifringilla,genus,,Animalia,,,,,,,Montifringilla,Montifringilla,63CZ4,Montifringilla,Montifringilla,classification,,,Eukaryota|Animalia|Chordata|Vertebrata|Gnathostomata|Osteichthyes|Tetrapoda|Aves|Passeriformes|Passeridae|Montifringilla,,higher_taxon,genus,Catalogue of Life,1,Eukaryota,Animalia,Chordata,Aves,Passeriformes,Passeridae,Montifringilla,accepted,classification,63CZ4,315834,10.48580/dgykv,https://www.checklistbank.org/dataset/315834,Catalogue of Life 2026-07-17 XR
higher_taxon,,Muscari,genus,,Plantae,,,,,,,Muscari,Muscari,8VZJD,Muscari,Muscari,classification,,,Eukaryota|Plantae|Pteridobiotina|Tracheophyta|Liliopsida|Asparagales|Asparagaceae|Muscari,,higher_taxon,genus,Catalogue of Life,1,Eukaryota,Plantae,Tracheophyta,Liliopsida,Asparagales,Asparagaceae,Muscari,accepted,classification,8VZJD,315834,10.48580/dgykv,https://www.checklistbank.org/dataset/315834,Catalogue of Life 2026-07-17 XR
higher_taxon,,Myosotis,genus,,Plantae,,,,,,,Myosotis,Myosotis,5WFW,Myosotis,Myosotis,classification,,,Eukaryota|Plantae|Pteridobiotina|Tracheophyta|Magnoliopsida|Boraginales|Boraginaceae|Cynoglossoideae|Myosotideae|Myosotis,,higher_taxon,genus,Catalogue of Life,1,Eukaryota,Plantae,Tracheophyta,Magnoliopsida,Boraginales,Boraginaceae,Myosotis,accepted,classification,5WFW,315834,10.48580/dgykv,https://www.checklistbank.org/dataset/315834,Catalogue of Life 2026-07-17 XR
higher_taxon,,Nardus,genus,,Plantae,,,,,,,Nardus,Nardus,8VZL5,Nardus,Nardus,classification,,,Eukaryota|Plantae|Pteridobiotina|Tracheophyta|Liliopsida|Poales|Poaceae|Nardus,,higher_taxon,genus,Catalogue of Life,1,Eukaryota,Plantae,Tracheophyta,Liliopsida,Poales,Poaceae,Nardus,accepted,classification,8VZL5,315834,10.48580/dgykv,https://www.checklistbank.org/dataset/315834,Catalogue of Life 2026-07-17 XR
higher_taxon,,Neoboletus,genus,,Fungi,,,,,,,Neoboletus,Neoboletus,5YTP,Neoboletus,Neoboletus,classification,,,Eukaryota|Fungi|Basidiomycota|Agaricomycetes|Boletales|Boletaceae|Neoboletus,,higher_taxon,genus,Catalogue of Life,1,Eukaryota,Fungi,Basidiomycota,Agaricomycetes,Boletales,Boletaceae,Neoboletus,accepted,classification,5YTP,315834,10.48580/dgykv,https://www.checklistbank.org/dataset/315834,Catalogue of Life 2026-07-17 XR
higher_taxon,,Noccaea,genus,,Plantae,,,,,,,Noccaea,Noccaea,C7WMB,Noccaea,Noccaea,classification,,,Eukaryota|Plantae|Pteridobiotina|Tracheophyta|Magnoliopsida|Capparales|Brassicaceae|Brassicoideae|Coluteocarpeae|Noccaea,,higher_taxon,genus,Catalogue of Life,1,Eukaryota,Plantae,Tracheophyta,Magnoliopsida,Capparales,Brassicaceae,Noccaea,accepted,classification,C7WMB,315834,10.48580/dgykv,https://www.checklistbank.org/dataset/315834,Catalogue of Life 2026-07-17 XR
higher_taxon,,Nucifraga,genus,,Animalia,,,,,,,Nucifraga,Nucifraga,65SH,Nucifraga,Nucifraga,classification,,,Eukaryota|Animalia|Chordata|Vertebrata|Gnathostomata|Osteichthyes|Tetrapoda|Aves|Passeriformes|Corvidae|Nucifraga,,higher_taxon,genus,Catalogue of Life,1,Eukaryota,Animalia,Chordata,Aves,Passeriformes,Corvidae,Nucifraga,accepted,classification,65SH,315834,10.48580/dgykv,https://www.checklistbank.org/dataset/315834,Catalogue of Life 2026-07-17 XR
higher_taxon,,Nymphalis,genus,,Animalia,,,,,,,Nymphalis,Nymphalis,92GWM,Nymphalis,Nymphalis,classification,,,Eukaryota|Animalia|Arthropoda|Hexapoda|Insecta|Lepidoptera|Papilionoidea|Nymphalidae|Nymphalinae|Nymphalini|Nymphalis,,higher_taxon,genus,Catalogue of Life,1,Eukaryota,Animalia,Arthropoda,Insecta,Lepidoptera,Nymphalidae,Nymphalis,accepted,classification,92GWM,315834,10.48580/dgykv,https://www.checklistbank.org/dataset/315834,Catalogue of Life 2026-07-17 XR
higher_taxon,,Oenanthe,genus,,Animalia,,,,,,,Oenanthe,Oenanthe,679P,Oenanthe,Oenanthe,classification,,,Eukaryota|Animalia|Chordata|Vertebrata|Gnathostomata|Osteichthyes|Tetrapoda|Aves|Passeriformes|Muscicapidae|Oenanthe,,higher_taxon,genus,Catalogue of Life,1,Eukaryota,Animalia,Chordata,Aves,Passeriformes,Muscicapidae,Oenanthe,accepted,classification,679P,315834,10.48580/dgykv,https://www.checklistbank.org/dataset/315834,Catalogue of Life 2026-07-17 XR
higher_taxon,,Orobanche,genus,,Plantae,,,,,,,Orobanche,Orobanche,69YK,Orobanche,Orobanche,classification,,,Eukaryota|Plantae|Pteridobiotina|Tracheophyta|Magnoliopsida|Lamiales|Orobanchaceae|Orobancheae|Orobanche,,higher_taxon,genus,Catalogue of Life,1,Eukaryota,Plantae,Tracheophyta,Magnoliopsida,Lamiales,Orobanchaceae,Orobanche,accepted,classification,69YK,315834,10.48580/dgykv,https://www.checklistbank.org/dataset/315834,Catalogue of Life 2026-07-17 XR
higher_taxon,,Oxythyrea,genus,,Animalia,,,,,,,Oxythyrea,Oxythyrea,6BJ8,Oxythyrea,Oxythyrea,classification,,,Eukaryota|Animalia|Arthropoda|Hexapoda|Insecta|Coleoptera|Polyphaga|Staphyliniformia|Scarabaeoidea|Scarabaeidae|Cetoniinae|Cetoniini|Leucocelina|Oxythyrea,,higher_taxon,genus,Catalogue of Life,1,Eukaryota,Animalia,Arthropoda,Insecta,Coleoptera,Scarabaeidae,Oxythyrea,accepted,classification,6BJ8,315834,10.48580/dgykv,https://www.checklistbank.org/dataset/315834,Catalogue of Life 2026-07-17 XR
higher_taxon,,Palaeochrysophanus,genus,,Animalia,,,,,,,Palaeochrysophanus,Palaeochrysophanus,9CLKP,Palaeochrysophanus,Palaeochrysophanus,classification,,,Eukaryota|Animalia|Arthropoda|Hexapoda|Insecta|Lepidoptera|Papilionoidea|Lycaenidae|Palaeochrysophanus,,higher_taxon,genus,Catalogue of Life,1,Eukaryota,Animalia,Arthropoda,Insecta,Lepidoptera,Lycaenidae,Palaeochrysophanus,accepted,classification,9CLKP,315834,10.48580/dgykv,https://www.checklistbank.org/dataset/315834,Catalogue of Life 2026-07-17 XR
higher_taxon,,Palustriella,genus,,Plantae,,,,,,,Palustriella,Palustriella,9JLSN,Palustriella,Palustriella,classification,,,Eukaryota|Plantae|Bryobiotina|Bryophyta|Bryopsida|Bryidae|Hypnanae|Hypnales|Amblystegiaceae|Palustriella,,higher_taxon,genus,Catalogue of Life,1,Eukaryota,Plantae,Bryophyta,Bryopsida,Hypnales,Amblystegiaceae,Palustriella,accepted,classification,9JLSN,315834,10.48580/dgykv,https://www.checklistbank.org/dataset/315834,Catalogue of Life 2026-07-17 XR
higher_taxon,,Panaeolus,genus,,Fungi,,,,,,,Panaeolus,Panaeolus,6D2W,Panaeolus,Panaeolus,classification,,,Eukaryota|Fungi|Basidiomycota|Agaricomycetes|Agaricales|Galeropsidaceae|Panaeolus,,higher_taxon,genus,Catalogue of Life,1,Eukaryota,Fungi,Basidiomycota,Agaricomycetes,Agaricales,Galeropsidaceae,Panaeolus,accepted,classification,6D2W,315834,10.48580/dgykv,https://www.checklistbank.org/dataset/315834,Catalogue of Life 2026-07-17 XR
higher_taxon,,Pararge,genus,,Animalia,,,,,,,Pararge,Pararge,92J5D,Pararge,Pararge,classification,,,Eukaryota|Animalia|Arthropoda|Hexapoda|Insecta|Lepidoptera|Papilionoidea|Nymphalidae|Satyrinae|Elymniini|Pararge,,higher_taxon,genus,Catalogue of Life,1,Eukaryota,Animalia,Arthropoda,Insecta,Lepidoptera,Nymphalidae,Pararge,accepted,classification,92J5D,315834,10.48580/dgykv,https://www.checklistbank.org/dataset/315834,Catalogue of Life 2026-07-17 XR
higher_taxon,,Pedicularis,genus,,Plantae,,,,,,,Pedicularis,Pedicularis,6JYZ,Pedicularis,Pedicularis,classification,,,Eukaryota|Plantae|Pteridobiotina|Tracheophyta|Magnoliopsida|Lamiales|Orobanchaceae|Pedicularideae|Pedicularis,,higher_taxon,genus,Catalogue of Life,2,Eukaryota,Plantae,Tracheophyta,Magnoliopsida,Lamiales,Orobanchaceae,Pedicularis,accepted,classification,6JYZ,315834,10.48580/dgykv,https://www.checklistbank.org/dataset/315834,Catalogue of Life 2026-07-17 XR
higher_taxon,,Periparus,genus,,Animalia,,,,,,,Periparus,Periparus,6LCZ,Periparus,Periparus,classification,,,Eukaryota|Animalia|Chordata|Vertebrata|Gnathostomata|Osteichthyes|Tetrapoda|Aves|Passeriformes|Paridae|Periparus,,higher_taxon,genus,Catalogue of Life,1,Eukaryota,Animalia,Chordata,Aves,Passeriformes,Paridae,Periparus,accepted,classification,6LCZ,315834,10.48580/dgykv,https://www.checklistbank.org/dataset/315834,Catalogue of Life 2026-07-17 XR
higher_taxon,,Pernis,genus,,Animalia,,,,,,,Pernis,Pernis,6LNQ,Pernis,Pernis,classification,,,Eukaryota|Animalia|Chordata|Vertebrata|Gnathostomata|Osteichthyes|Tetrapoda|Aves|Accipitriformes|Accipitridae|Pernis,,higher_taxon,genus,Catalogue of Life,1,Eukaryota,Animalia,Chordata,Aves,Accipitriformes,Accipitridae,Pernis,accepted,classification,6LNQ,315834,10.48580/dgykv,https://www.checklistbank.org/dataset/315834,Catalogue of Life 2026-07-17 XR
higher_taxon,,Philonotis,genus,,Plantae,,,,,,,Philonotis,Philonotis,9JM2Y,Philonotis,Philonotis,classification,,,Eukaryota|Plantae|Bryobiotina|Bryophyta|Bryopsida|Bryidae|Bryanae|Bartramiales|Bartramiaceae|Philonotis,,higher_taxon,genus,Catalogue of Life,2,Eukaryota,Plantae,Bryophyta,Bryopsida,Bartramiales,Bartramiaceae,Philonotis,accepted,classification,9JM2Y,315834,10.48580/dgykv,https://www.checklistbank.org/dataset/315834,Catalogue of Life 2026-07-17 XR
higher_taxon,,Phoenicurus,genus,,Animalia,,,,,,,Phoenicurus,Phoenicurus,63MGF,Phoenicurus,Phoenicurus,classification,,,Eukaryota|Animalia|Chordata|Vertebrata|Gnathostomata|Osteichthyes|Tetrapoda|Aves|Passeriformes|Muscicapidae|Phoenicurus,,higher_taxon,genus,Catalogue of Life,1,Eukaryota,Animalia,Chordata,Aves,Passeriformes,Muscicapidae,Phoenicurus,accepted,classification,63MGF,315834,10.48580/dgykv,https://www.checklistbank.org/dataset/315834,Catalogue of Life 2026-07-17 XR
higher_taxon,,Phylloscopus,genus,,Animalia,,,,,,,Phylloscopus,Phylloscopus,6PRN,Phylloscopus,Phylloscopus,classification,,,Eukaryota|Animalia|Chordata|Vertebrata|Gnathostomata|Osteichthyes|Tetrapoda|Aves|Passeriformes|Phylloscopidae|Phylloscopus,,higher_taxon,genus,Catalogue of Life,2,Eukaryota,Animalia,Chordata,Aves,Passeriformes,Phylloscopidae,Phylloscopus,accepted,classification,6PRN,315834,10.48580/dgykv,https://www.checklistbank.org/dataset/315834,Catalogue of Life 2026-07-17 XR
higher_taxon,,Phyteuma,genus,,Plantae,,,,,,,Phyteuma,Phyteuma,8W2F5,Phyteuma,Phyteuma,classification,,,Eukaryota|Plantae|Pteridobiotina|Tracheophyta|Magnoliopsida|Asterales|Campanulaceae|Campanuloideae|Campanuleae|Phyteuma,,higher_taxon,genus,Catalogue of Life,1,Eukaryota,Plantae,Tracheophyta,Magnoliopsida,Asterales,Campanulaceae,Phyteuma,accepted,classification,8W2F5,315834,10.48580/dgykv,https://www.checklistbank.org/dataset/315834,Catalogue of Life 2026-07-17 XR
higher_taxon,,Pica,genus,,Animalia,,,,,,,Pica,Pica,63MBS,Pica,Pica,classification,,,Eukaryota|Animalia|Chordata|Vertebrata|Gnathostomata|Osteichthyes|Tetrapoda|Aves|Passeriformes|Corvidae|Pica,,higher_taxon,genus,Catalogue of Life,1,Eukaryota,Animalia,Chordata,Aves,Passeriformes,Corvidae,Pica,accepted,classification,63MBS,315834,10.48580/dgykv,https://www.checklistbank.org/dataset/315834,Catalogue of Life 2026-07-17 XR
higher_taxon,,Picea,genus,,Plantae,,,,,,,Picea,Picea,C676Q,Picea,Picea,classification,,,Eukaryota|Plantae|Pteridobiotina|Tracheophyta|Pinopsida|Pinidae|Pinales|Pinaceae|Picea,,higher_taxon,genus,Catalogue of Life,1,Eukaryota,Plantae,Tracheophyta,Pinopsida,Pinales,Pinaceae,Picea,accepted,classification,C676Q,315834,10.48580/dgykv,https://www.checklistbank.org/dataset/315834,Catalogue of Life 2026-07-17 XR
higher_taxon,,Pinguicula,genus,,Plantae,,,,,,,Pinguicula,Pinguicula,6QMW,Pinguicula,Pinguicula,classification,,,Eukaryota|Plantae|Pteridobiotina|Tracheophyta|Magnoliopsida|Lamiales|Lentibulariaceae|Pinguiculoideae|Pinguicula,,higher_taxon,genus,Catalogue of Life,1,Eukaryota,Plantae,Tracheophyta,Magnoliopsida,Lamiales,Lentibulariaceae,Pinguicula,accepted,classification,6QMW,315834,10.48580/dgykv,https://www.checklistbank.org/dataset/315834,Catalogue of Life 2026-07-17 XR
higher_taxon,,Pinus,genus,,Plantae,,,,,,,Pinus,Pinus,C84WJ,Pinus,Pinus,classification,,,Eukaryota|Plantae|Pteridobiotina|Tracheophyta|Pinopsida|Pinidae|Pinales|Pinaceae|Pinus,,higher_taxon,genus,Catalogue of Life,1,Eukaryota,Plantae,Tracheophyta,Pinopsida,Pinales,Pinaceae,Pinus,accepted,classification,C84WJ,315834,10.48580/dgykv,https://www.checklistbank.org/dataset/315834,Catalogue of Life 2026-07-17 XR
higher_taxon,,Plagiomnium,genus,,Plantae,,,,,,,Plagiomnium,Plagiomnium,9JM9Z,Plagiomnium,Plagiomnium,classification,,,Eukaryota|Plantae|Bryobiotina|Bryophyta|Bryopsida|Bryidae|Bryanae|Bryales|Mniaceae|Plagiomnium,,higher_taxon,genus,Catalogue of Life,1,Eukaryota,Plantae,Bryophyta,Bryopsida,Bryales,Mniaceae,Plagiomnium,accepted,classification,9JM9Z,315834,10.48580/dgykv,https://www.checklistbank.org/dataset/315834,Catalogue of Life 2026-07-17 XR
higher_taxon,,Plantago,genus,,Plantae,,,,,,,Plantago,Plantago,6RHN,Plantago,Plantago,classification,,,Eukaryota|Plantae|Pteridobiotina|Tracheophyta|Magnoliopsida|Lamiales|Plantaginaceae|Digitalidoideae|Plantagineae|Plantago,,higher_taxon,genus,Catalogue of Life,1,Eukaryota,Plantae,Tracheophyta,Magnoliopsida,Lamiales,Plantaginaceae,Plantago,accepted,classification,6RHN,315834,10.48580/dgykv,https://www.checklistbank.org/dataset/315834,Catalogue of Life 2026-07-17 XR
higher_taxon,,Plebejus,genus,,Animalia,,,,,,,Plebejus,Plebejus,9CJ39,Plebejus,Plebejus,classification,,,Eukaryota|Animalia|Arthropoda|Hexapoda|Insecta|Lepidoptera|Papilionoidea|Lycaenidae|Polyommatinae|Polyommatini|Plebejus,,higher_taxon,genus,Catalogue of Life,1,Eukaryota,Animalia,Arthropoda,Insecta,Lepidoptera,Lycaenidae,Plebejus,accepted,classification,9CJ39,315834,10.48580/dgykv,https://www.checklistbank.org/dataset/315834,Catalogue of Life 2026-07-17 XR
higher_taxon,,Poecilimon,genus,,Animalia,,,,,,,Poecilimon,Poecilimon,8NXR8,Poecilimon,Poecilimon,classification,,,Eukaryota|Animalia|Arthropoda|Hexapoda|Insecta|Orthoptera|Ensifera|Tettigoniidea|Tettigonioidea|Tettigoniidae|Phaneropterinae|Barbitistini|Poecilimon,,higher_taxon,genus,Catalogue of Life,1,Eukaryota,Animalia,Arthropoda,Insecta,Orthoptera,Tettigoniidae,Poecilimon,accepted,classification,8NXR8,315834,10.48580/dgykv,https://www.checklistbank.org/dataset/315834,Catalogue of Life 2026-07-17 XR
higher_taxon,,Polygala,genus,,Plantae,,,,,,,Polygala,Polygala,63NFF,Polygala,Polygala,classification,,,Eukaryota|Plantae|Pteridobiotina|Tracheophyta|Magnoliopsida|Fabales|Polygalaceae|Polygaleae|Polygala,,higher_taxon,genus,Catalogue of Life,1,Eukaryota,Plantae,Tracheophyta,Magnoliopsida,Fabales,Polygalaceae,Polygala,accepted,classification,63NFF,315834,10.48580/dgykv,https://www.checklistbank.org/dataset/315834,Catalogue of Life 2026-07-17 XR
higher_taxon,,Polygonia,genus,,Animalia,,,,,,,Polygonia,Polygonia,92KD5,Polygonia,Polygonia,classification,,,Eukaryota|Animalia|Arthropoda|Hexapoda|Insecta|Lepidoptera|Papilionoidea|Nymphalidae|Nymphalinae|Nymphalini|Polygonia,,higher_taxon,genus,Catalogue of Life,1,Eukaryota,Animalia,Arthropoda,Insecta,Lepidoptera,Nymphalidae,Polygonia,accepted,classification,92KD5,315834,10.48580/dgykv,https://www.checklistbank.org/dataset/315834,Catalogue of Life 2026-07-17 XR
higher_taxon,,Polyommatus,genus,,Animalia,,,,,,,Polyommatus,Polyommatus,9CLR4,Polyommatus,Polyommatus,classification,,,Eukaryota|Animalia|Arthropoda|Hexapoda|Insecta|Lepidoptera|Papilionoidea|Lycaenidae|Polyommatinae|Polyommatini|Polyommatus,,higher_taxon,genus,Catalogue of Life,1,Eukaryota,Animalia,Arthropoda,Insecta,Lepidoptera,Lycaenidae,Polyommatus,accepted,classification,9CLR4,315834,10.48580/dgykv,https://www.checklistbank.org/dataset/315834,Catalogue of Life 2026-07-17 XR
higher_taxon,,Polysarcus,genus,,Animalia,,,,,,,Polysarcus,Polysarcus,8NXSR,Polysarcus,Polysarcus,classification,,,Eukaryota|Animalia|Arthropoda|Hexapoda|Insecta|Orthoptera|Ensifera|Tettigoniidea|Tettigonioidea|Tettigoniidae|Phaneropterinae|Barbitistini|Polysarcus,,higher_taxon,genus,Catalogue of Life,1,Eukaryota,Animalia,Arthropoda,Insecta,Orthoptera,Tettigoniidae,Polysarcus,accepted,classification,8NXSR,315834,10.48580/dgykv,https://www.checklistbank.org/dataset/315834,Catalogue of Life 2026-07-17 XR
higher_taxon,,Polystichum,genus,,Plantae,,,,,,,Polystichum,Polystichum,63P6K,Polystichum,Polystichum,classification,,,Eukaryota|Plantae|Pteridobiotina|Tracheophyta|Polypodiopsida|Polypodiales|Dryopteridaceae|Dryopteridoideae|Polystichum,,higher_taxon,genus,Catalogue of Life,2,Eukaryota,Plantae,Tracheophyta,Polypodiopsida,Polypodiales,Dryopteridaceae,Polystichum,accepted,classification,63P6K,315834,10.48580/dgykv,https://www.checklistbank.org/dataset/315834,Catalogue of Life 2026-07-17 XR
higher_taxon,,Polytrichum,genus,,Plantae,,,,,,,Polytrichum,Polytrichum,9JMH5,Polytrichum,Polytrichum,classification,,,Eukaryota|Plantae|Bryobiotina|Bryophyta|Polytrichopsida|Polytrichales|Polytrichaceae|Polytrichum,,higher_taxon,genus,Catalogue of Life,1,Eukaryota,Plantae,Bryophyta,Polytrichopsida,Polytrichales,Polytrichaceae,Polytrichum,accepted,classification,9JMH5,315834,10.48580/dgykv,https://www.checklistbank.org/dataset/315834,Catalogue of Life 2026-07-17 XR
higher_taxon,,Primula,genus,,Plantae,,,,,,,Primula,Primula,6VPB,Primula,Primula,classification,,,Eukaryota|Plantae|Pteridobiotina|Tracheophyta|Magnoliopsida|Ericales|Primulaceae|Primuloideae|Primula,,higher_taxon,genus,Catalogue of Life,2,Eukaryota,Plantae,Tracheophyta,Magnoliopsida,Ericales,Primulaceae,Primula,accepted,classification,6VPB,315834,10.48580/dgykv,https://www.checklistbank.org/dataset/315834,Catalogue of Life 2026-07-17 XR
higher_taxon,,Prunella,genus,,Animalia,,,,,,,Prunella,Prunella,6Y6B,Prunella,Prunella,classification,,,Eukaryota|Animalia|Chordata|Vertebrata|Gnathostomata|Osteichthyes|Tetrapoda|Aves|Passeriformes|Prunellidae|Prunella,,higher_taxon,genus,Catalogue of Life,1,Eukaryota,Animalia,Chordata,Aves,Passeriformes,Prunellidae,Prunella,accepted,classification,6Y6B,315834,10.48580/dgykv,https://www.checklistbank.org/dataset/315834,Catalogue of Life 2026-07-17 XR
higher_taxon,,Psammophiliella,genus,,Plantae,,,,,,,Psammophiliella,Psammophiliella,6YC3,Psammophiliella,Psammophiliella,classification,,,Eukaryota|Plantae|Pteridobiotina|Tracheophyta|Magnoliopsida|Caryophyllales|Caryophyllaceae|Caryophylleae|Caryophyllinae|Psammophiliella,,higher_taxon,genus,Catalogue of Life,1,Eukaryota,Plantae,Tracheophyta,Magnoliopsida,Caryophyllales,Caryophyllaceae,Psammophiliella,accepted,classification,6YC3,315834,10.48580/dgykv,https://www.checklistbank.org/dataset/315834,Catalogue of Life 2026-07-17 XR
higher_taxon,,Psilocybe,genus,,Fungi,,,,,,,Psilocybe,Psilocybe,748G,Psilocybe,Psilocybe,classification,,,Eukaryota|Fungi|Basidiomycota|Agaricomycetes|Agaricales|Hymenogastraceae|Psilocybe,,higher_taxon,genus,Catalogue of Life,1,Eukaryota,Fungi,Basidiomycota,Agaricomycetes,Agaricales,Hymenogastraceae,Psilocybe,accepted,classification,748G,315834,10.48580/dgykv,https://www.checklistbank.org/dataset/315834,Catalogue of Life 2026-07-17 XR
higher_taxon,,Psorodonotus,genus,,Animalia,,,,,,,Psorodonotus,Psorodonotus,8NYCH,Psorodonotus,Psorodonotus,classification,,,Eukaryota|Animalia|Arthropoda|Hexapoda|Insecta|Orthoptera|Ensifera|Tettigoniidea|Tettigonioidea|Tettigoniidae|Tettigoniinae|Pholidopterini|Psorodonotus,,higher_taxon,genus,Catalogue of Life,1,Eukaryota,Animalia,Arthropoda,Insecta,Orthoptera,Tettigoniidae,Psorodonotus,accepted,classification,8NYCH,315834,10.48580/dgykv,https://www.checklistbank.org/dataset/315834,Catalogue of Life 2026-07-17 XR
higher_taxon,,Ptilostemon,genus,,Plantae,,,,,,,Ptilostemon,Ptilostemon,753T,Ptilostemon,Ptilostemon,classification,,,Eukaryota|Plantae|Pteridobiotina|Tracheophyta|Magnoliopsida|Asterales|Asteraceae|Carduoideae|Cardueae|Carduinae|Ptilostemon,,higher_taxon,genus,Catalogue of Life,1,Eukaryota,Plantae,Tracheophyta,Magnoliopsida,Asterales,Asteraceae,Ptilostemon,accepted,classification,753T,315834,10.48580/dgykv,https://www.checklistbank.org/dataset/315834,Catalogue of Life 2026-07-17 XR
higher_taxon,,Ptychostomum,genus,,Plantae,,,,,,,Ptychostomum,Ptychostomum,9JMQV,Ptychostomum,Ptychostomum,classification,,,Eukaryota|Plantae|Bryobiotina|Bryophyta|Bryopsida|Bryidae|Bryanae|Bryales|Bryaceae|Ptychostomum,,higher_taxon,genus,Catalogue of Life,3,Eukaryota,Plantae,Bryophyta,Bryopsida,Bryales,Bryaceae,Ptychostomum,accepted,classification,9JMQV,315834,10.48580/dgykv,https://www.checklistbank.org/dataset/315834,Catalogue of Life 2026-07-17 XR
higher_taxon,,Pyrrhula,genus,,Animalia,,,,,,,Pyrrhula,Pyrrhula,767K,Pyrrhula,Pyrrhula,classification,,,Eukaryota|Animalia|Chordata|Vertebrata|Gnathostomata|Osteichthyes|Tetrapoda|Aves|Passeriformes|Fringillidae|Pyrrhula,,higher_taxon,genus,Catalogue of Life,1,Eukaryota,Animalia,Chordata,Aves,Passeriformes,Fringillidae,Pyrrhula,accepted,classification,767K,315834,10.48580/dgykv,https://www.checklistbank.org/dataset/315834,Catalogue of Life 2026-07-17 XR
higher_taxon,,Ramalina,genus,,Fungi,,,,,,,Ramalina,Ramalina,76WK,Ramalina,Ramalina,classification,,,Eukaryota|Fungi|Ascomycota|Lecanoromycetes|Lecanorales|Ramalinaceae|Ramalina,,higher_taxon,genus,Catalogue of Life,1,Eukaryota,Fungi,Ascomycota,Lecanoromycetes,Lecanorales,Ramalinaceae,Ramalina,accepted,classification,76WK,315834,10.48580/dgykv,https://www.checklistbank.org/dataset/315834,Catalogue of Life 2026-07-17 XR
higher_taxon,,Rana,genus,,Animalia,,,,,,,Rana,Rana,642HY,Rana,Rana,classification,,,Eukaryota|Animalia|Chordata|Vertebrata|Gnathostomata|Osteichthyes|Tetrapoda|Amphibia|Anura|Ranidae|Rana,,higher_taxon,genus,Catalogue of Life,1,Eukaryota,Animalia,Chordata,Amphibia,Anura,Ranidae,Rana,accepted,classification,642HY,315834,10.48580/dgykv,https://www.checklistbank.org/dataset/315834,Catalogue of Life 2026-07-17 XR
higher_taxon,,Ranunculus,genus,,Plantae,,,,,,,Ranunculus,Ranunculus,774N,Ranunculus,Ranunculus,classification,,,Eukaryota|Plantae|Pteridobiotina|Tracheophyta|Magnoliopsida|Ranunculales|Ranunculaceae|Ranunculoideae|Ranunculeae|Ranunculus,,higher_taxon,genus,Catalogue of Life,2,Eukaryota,Plantae,Tracheophyta,Magnoliopsida,Ranunculales,Ranunculaceae,Ranunculus,accepted,classification,774N,315834,10.48580/dgykv,https://www.checklistbank.org/dataset/315834,Catalogue of Life 2026-07-17 XR
higher_taxon,,Regulus,genus,,Animalia,,,,,,,Regulus,Regulus,77JH,Regulus,Regulus,classification,,,Eukaryota|Animalia|Chordata|Vertebrata|Gnathostomata|Osteichthyes|Tetrapoda|Aves|Passeriformes|Regulidae|Regulus,,higher_taxon,genus,Catalogue of Life,1,Eukaryota,Animalia,Chordata,Aves,Passeriformes,Regulidae,Regulus,accepted,classification,77JH,315834,10.48580/dgykv,https://www.checklistbank.org/dataset/315834,Catalogue of Life 2026-07-17 XR
higher_taxon,,Rhizocarpon,genus,,Fungi,,,,,,,Rhizocarpon,Rhizocarpon,642BR,Rhizocarpon,Rhizocarpon,classification,,,Eukaryota|Fungi|Ascomycota|Lecanoromycetes|Rhizocarpales|Rhizocarpaceae|Rhizocarpon,,higher_taxon,genus,Catalogue of Life,1,Eukaryota,Fungi,Ascomycota,Lecanoromycetes,Rhizocarpales,Rhizocarpaceae,Rhizocarpon,accepted,classification,642BR,315834,10.48580/dgykv,https://www.checklistbank.org/dataset/315834,Catalogue of Life 2026-07-17 XR
higher_taxon,,Rhizomarasmius,genus,,Fungi,,,,,,,Rhizomarasmius,Rhizomarasmius,78Y7,Rhizomarasmius,Rhizomarasmius,classification,,,Eukaryota|Fungi|Basidiomycota|Agaricomycetes|Agaricales|Physalacriaceae|Rhizomarasmius,,higher_taxon,genus,Catalogue of Life,1,Eukaryota,Fungi,Basidiomycota,Agaricomycetes,Agaricales,Physalacriaceae,Rhizomarasmius,accepted,classification,78Y7,315834,10.48580/dgykv,https://www.checklistbank.org/dataset/315834,Catalogue of Life 2026-07-17 XR
higher_taxon,,Russula,genus,,Fungi,,,,,,,Russula,Russula,7B7X,Russula,Russula,classification,,,Eukaryota|Fungi|Basidiomycota|Agaricomycetes|Russulales|Russulaceae|Russula,,higher_taxon,genus,Catalogue of Life,1,Eukaryota,Fungi,Basidiomycota,Agaricomycetes,Russulales,Russulaceae,Russula,accepted,classification,7B7X,315834,10.48580/dgykv,https://www.checklistbank.org/dataset/315834,Catalogue of Life 2026-07-17 XR
higher_taxon,,Salamandra,genus,,Animalia,,,,,,,Salamandra,Salamandra,7BSB,Salamandra,Salamandra,classification,,,Eukaryota|Animalia|Chordata|Vertebrata|Gnathostomata|Osteichthyes|Tetrapoda|Amphibia|Caudata|Salamandridae|Salamandrinae|Salamandra,,higher_taxon,genus,Catalogue of Life,1,Eukaryota,Animalia,Chordata,Amphibia,Caudata,Salamandridae,Salamandra,accepted,classification,7BSB,315834,10.48580/dgykv,https://www.checklistbank.org/dataset/315834,Catalogue of Life 2026-07-17 XR
higher_taxon,,Salix,genus,,Plantae,,,,,,,Salix,Salix,7BWB,Salix,Salix,classification,,,Eukaryota|Plantae|Pteridobiotina|Tracheophyta|Magnoliopsida|Malpighiales|Salicaceae|Saliceae|Salix,,higher_taxon,genus,Catalogue of Life,3,Eukaryota,Plantae,Tracheophyta,Magnoliopsida,Malpighiales,Salicaceae,Salix,accepted,classification,7BWB,315834,10.48580/dgykv,https://www.checklistbank.org/dataset/315834,Catalogue of Life 2026-07-17 XR
higher_taxon,,Saxicola,genus,,Animalia,,,,,,,Saxicola,Saxicola,7CV9,Saxicola,Saxicola,classification,,,Eukaryota|Animalia|Chordata|Vertebrata|Gnathostomata|Osteichthyes|Tetrapoda|Aves|Passeriformes|Muscicapidae|Saxicola,,higher_taxon,genus,Catalogue of Life,1,Eukaryota,Animalia,Chordata,Aves,Passeriformes,Muscicapidae,Saxicola,accepted,classification,7CV9,315834,10.48580/dgykv,https://www.checklistbank.org/dataset/315834,Catalogue of Life 2026-07-17 XR
higher_taxon,,Saxifraga,genus,,Plantae,,,,,,,Saxifraga,Saxifraga,7CVF,Saxifraga,Saxifraga,classification,,,Eukaryota|Plantae|Pteridobiotina|Tracheophyta|Magnoliopsida|Saxifragales|Saxifragaceae|Saxifrageae|Saxifraga,,higher_taxon,genus,Catalogue of Life,9,Eukaryota,Plantae,Tracheophyta,Magnoliopsida,Saxifragales,Saxifragaceae,Saxifraga,accepted,classification,7CVF,315834,10.48580/dgykv,https://www.checklistbank.org/dataset/315834,Catalogue of Life 2026-07-17 XR
higher_taxon,,Schistidium,genus,,Plantae,,,,,,,Schistidium,Schistidium,9JNBL,Schistidium,Schistidium,classification,,,Eukaryota|Plantae|Bryobiotina|Bryophyta|Bryopsida|Dicranidae|Grimmiales|Grimmiaceae|Schistidium,,higher_taxon,genus,Catalogue of Life,1,Eukaryota,Plantae,Bryophyta,Bryopsida,Grimmiales,Grimmiaceae,Schistidium,accepted,classification,9JNBL,315834,10.48580/dgykv,https://www.checklistbank.org/dataset/315834,Catalogue of Life 2026-07-17 XR
higher_taxon,,Scilla,genus,,Plantae,,,,,,,Scilla,Scilla,8W3G6,Scilla,Scilla,classification,,,Eukaryota|Plantae|Pteridobiotina|Tracheophyta|Liliopsida|Asparagales|Asparagaceae|Scilla,,higher_taxon,genus,Catalogue of Life,1,Eukaryota,Plantae,Tracheophyta,Liliopsida,Asparagales,Asparagaceae,Scilla,accepted,classification,8W3G6,315834,10.48580/dgykv,https://www.checklistbank.org/dataset/315834,Catalogue of Life 2026-07-17 XR
higher_taxon,,Scleranthus,genus,,Plantae,,,,,,,Scleranthus,Scleranthus,63TC2,Scleranthus,Scleranthus,classification,,,Eukaryota|Plantae|Pteridobiotina|Tracheophyta|Magnoliopsida|Caryophyllales|Caryophyllaceae|Sclerantheae|Scleranthus,,higher_taxon,genus,Catalogue of Life,1,Eukaryota,Plantae,Tracheophyta,Magnoliopsida,Caryophyllales,Caryophyllaceae,Scleranthus,accepted,classification,63TC2,315834,10.48580/dgykv,https://www.checklistbank.org/dataset/315834,Catalogue of Life 2026-07-17 XR
higher_taxon,,Scorzonera,genus,,Plantae,,,,,,,Scorzonera,Scorzonera,7PZ7M,Scorzonera,Scorzonera,classification,,,Eukaryota|Plantae|Pteridobiotina|Tracheophyta|Magnoliopsida|Asterales|Asteraceae|Cichorioideae|Cichorieae|Scorzonerinae|Scorzonera,,higher_taxon,genus,Catalogue of Life,1,Eukaryota,Plantae,Tracheophyta,Magnoliopsida,Asterales,Asteraceae,Scorzonera,accepted,classification,7PZ7M,315834,10.48580/dgykv,https://www.checklistbank.org/dataset/315834,Catalogue of Life 2026-07-17 XR
higher_taxon,,Sedum,genus,,Plantae,,,,,,,Sedum,Sedum,7F44,Sedum,Sedum,classification,,,Eukaryota|Plantae|Pteridobiotina|Tracheophyta|Magnoliopsida|Saxifragales|Crassulaceae|Sempervivoideae|Sedeae|Sedum,,higher_taxon,genus,Catalogue of Life,5,Eukaryota,Plantae,Tracheophyta,Magnoliopsida,Saxifragales,Crassulaceae,Sedum,accepted,classification,7F44,315834,10.48580/dgykv,https://www.checklistbank.org/dataset/315834,Catalogue of Life 2026-07-17 XR
higher_taxon,,Sempervivum,genus,,Plantae,,,,,,,Sempervivum,Sempervivum,7FHX,Sempervivum,Sempervivum,classification,,,Eukaryota|Plantae|Pteridobiotina|Tracheophyta|Magnoliopsida|Saxifragales|Crassulaceae|Sempervivoideae|Semperviveae|Sempervivum,,higher_taxon,genus,Catalogue of Life,1,Eukaryota,Plantae,Tracheophyta,Magnoliopsida,Saxifragales,Crassulaceae,Sempervivum,accepted,classification,7FHX,315834,10.48580/dgykv,https://www.checklistbank.org/dataset/315834,Catalogue of Life 2026-07-17 XR
higher_taxon,,Serinus,genus,,Animalia,,,,,,,Serinus,Serinus,644MX,Serinus,Serinus,classification,,,Eukaryota|Animalia|Chordata|Vertebrata|Gnathostomata|Osteichthyes|Tetrapoda|Aves|Passeriformes|Fringillidae|Serinus,,higher_taxon,genus,Catalogue of Life,1,Eukaryota,Animalia,Chordata,Aves,Passeriformes,Fringillidae,Serinus,accepted,classification,644MX,315834,10.48580/dgykv,https://www.checklistbank.org/dataset/315834,Catalogue of Life 2026-07-17 XR
higher_taxon,,Silene,genus,,Plantae,,,,,,,Silene,Silene,644QW,Silene,Silene,classification,,,Eukaryota|Plantae|Pteridobiotina|Tracheophyta|Magnoliopsida|Caryophyllales|Caryophyllaceae|Sileneae|Silene,,higher_taxon,genus,Catalogue of Life,3,Eukaryota,Plantae,Tracheophyta,Magnoliopsida,Caryophyllales,Caryophyllaceae,Silene,accepted,classification,644QW,315834,10.48580/dgykv,https://www.checklistbank.org/dataset/315834,Catalogue of Life 2026-07-17 XR
higher_taxon,,Siona,genus,,Animalia,,,,,,,Siona,Siona,92MVP,Siona,Siona,classification,,,Eukaryota|Animalia|Arthropoda|Hexapoda|Insecta|Lepidoptera|Geometroidea|Geometridae|Ennominae|Siona,,higher_taxon,genus,Catalogue of Life,1,Eukaryota,Animalia,Arthropoda,Insecta,Lepidoptera,Geometridae,Siona,accepted,classification,92MVP,315834,10.48580/dgykv,https://www.checklistbank.org/dataset/315834,Catalogue of Life 2026-07-17 XR
higher_taxon,,Stellaria,genus,,Plantae,,,,,,,Stellaria,Stellaria,4PZ,Stellaria,Stellaria,classification,,,Eukaryota|Plantae|Pteridobiotina|Tracheophyta|Magnoliopsida|Caryophyllales|Caryophyllaceae|Alsineae|Stellaria,,higher_taxon,genus,Catalogue of Life,1,Eukaryota,Plantae,Tracheophyta,Magnoliopsida,Caryophyllales,Caryophyllaceae,Stellaria,accepted,classification,4PZ,315834,10.48580/dgykv,https://www.checklistbank.org/dataset/315834,Catalogue of Life 2026-07-17 XR
higher_taxon,,Stropharia,genus,,Fungi,,,,,,,Stropharia,Stropharia,63TPH,Stropharia,Stropharia,classification,,,Eukaryota|Fungi|Basidiomycota|Agaricomycetes|Agaricales|Strophariaceae|Stropharia,,higher_taxon,genus,Catalogue of Life,1,Eukaryota,Fungi,Basidiomycota,Agaricomycetes,Agaricales,Strophariaceae,Stropharia,accepted,classification,63TPH,315834,10.48580/dgykv,https://www.checklistbank.org/dataset/315834,Catalogue of Life 2026-07-17 XR
higher_taxon,,Syntrichia,genus,,Plantae,,,,,,,Syntrichia,Syntrichia,9JNMB,Syntrichia,Syntrichia,classification,,,Eukaryota|Plantae|Bryobiotina|Bryophyta|Bryopsida|Dicranidae|Pottiales|Pottiaceae|Syntrichia,,higher_taxon,genus,Catalogue of Life,1,Eukaryota,Plantae,Bryophyta,Bryopsida,Pottiales,Pottiaceae,Syntrichia,accepted,classification,9JNMB,315834,10.48580/dgykv,https://www.checklistbank.org/dataset/315834,Catalogue of Life 2026-07-17 XR
higher_taxon,,Testudo,genus,,Animalia,,,,,,,Testudo,Testudo,646YY,Testudo,Testudo,classification,,,Eukaryota|Animalia|Chordata|Vertebrata|Gnathostomata|Osteichthyes|Tetrapoda|Reptilia|Testudines|Cryptodira|Testudinoidea|Testudinidae|Testudo,,higher_taxon,genus,Catalogue of Life,1,Eukaryota,Animalia,Chordata,Reptilia,Testudines,Testudinidae,Testudo,accepted,classification,646YY,315834,10.48580/dgykv,https://www.checklistbank.org/dataset/315834,Catalogue of Life 2026-07-17 XR
higher_taxon,,Thalictrum,genus,,Plantae,,,,,,,Thalictrum,Thalictrum,7V6B,Thalictrum,Thalictrum,classification,,,Eukaryota|Plantae|Pteridobiotina|Tracheophyta|Magnoliopsida|Ranunculales|Ranunculaceae|Thalictroideae|Thalictrum,,higher_taxon,genus,Catalogue of Life,1,Eukaryota,Plantae,Tracheophyta,Magnoliopsida,Ranunculales,Ranunculaceae,Thalictrum,accepted,classification,7V6B,315834,10.48580/dgykv,https://www.checklistbank.org/dataset/315834,Catalogue of Life 2026-07-17 XR
higher_taxon,,Thamnolia,genus,,Fungi,,,,,,,Thamnolia,Thamnolia,7V92,Thamnolia,Thamnolia,classification,,,Eukaryota|Fungi|Ascomycota|Lecanoromycetes|Pertusariales|Icmadophilaceae|Thamnolia,,higher_taxon,genus,Catalogue of Life,1,Eukaryota,Fungi,Ascomycota,Lecanoromycetes,Pertusariales,Icmadophilaceae,Thamnolia,accepted,classification,7V92,315834,10.48580/dgykv,https://www.checklistbank.org/dataset/315834,Catalogue of Life 2026-07-17 XR
higher_taxon,,Thecagaster,genus,,Animalia,,,,,,,Thecagaster,Thecagaster,CKWTV,Thecagaster,Thecagaster,classification,,,Eukaryota|Animalia|Arthropoda|Hexapoda|Insecta|Odonata|Anisoptera|Cordulegastroidea|Cordulegastridae|Thecagaster,,higher_taxon,genus,Catalogue of Life,1,Eukaryota,Animalia,Arthropoda,Insecta,Odonata,Cordulegastridae,Thecagaster,accepted,classification,CKWTV,315834,10.48580/dgykv,https://www.checklistbank.org/dataset/315834,Catalogue of Life 2026-07-17 XR
higher_taxon,,Thesium,genus,,Plantae,,,,,,,Thesium,Thesium,7VVV,Thesium,Thesium,classification,,,Eukaryota|Plantae|Pteridobiotina|Tracheophyta|Magnoliopsida|Santalales|Thesiaceae|Thesium,,higher_taxon,genus,Catalogue of Life,1,Eukaryota,Plantae,Tracheophyta,Magnoliopsida,Santalales,Thesiaceae,Thesium,accepted,classification,7VVV,315834,10.48580/dgykv,https://www.checklistbank.org/dataset/315834,Catalogue of Life 2026-07-17 XR
higher_taxon,,Trifolium,genus,,Plantae,,,,,,,Trifolium,Trifolium,9CM9W,Trifolium,Trifolium,classification,,,Eukaryota|Plantae|Pteridobiotina|Tracheophyta|Magnoliopsida|Fabales|Fabaceae|Trifolium,,higher_taxon,genus,Catalogue of Life,3,Eukaryota,Plantae,Tracheophyta,Magnoliopsida,Fabales,Fabaceae,Trifolium,accepted,classification,9CM9W,315834,10.48580/dgykv,https://www.checklistbank.org/dataset/315834,Catalogue of Life 2026-07-17 XR
higher_taxon,,Trinia,genus,,Plantae,,,,,,,Trinia,Trinia,6484S,Trinia,Trinia,classification,,,Eukaryota|Plantae|Pteridobiotina|Tracheophyta|Magnoliopsida|Apiales|Apiaceae|Apioideae|Selineae|Thecocarpinae|Trinia,,higher_taxon,genus,Catalogue of Life,1,Eukaryota,Plantae,Tracheophyta,Magnoliopsida,Apiales,Apiaceae,Trinia,accepted,classification,6484S,315834,10.48580/dgykv,https://www.checklistbank.org/dataset/315834,Catalogue of Life 2026-07-17 XR
higher_taxon,,Triphosa,genus,,Animalia,,,,,,,Triphosa,Triphosa,92PVR,Triphosa,Triphosa,classification,,,Eukaryota|Animalia|Arthropoda|Hexapoda|Insecta|Lepidoptera|Geometroidea|Geometridae|Larentiinae|Triphosa,,higher_taxon,genus,Catalogue of Life,1,Eukaryota,Animalia,Arthropoda,Insecta,Lepidoptera,Geometridae,Triphosa,accepted,classification,92PVR,315834,10.48580/dgykv,https://www.checklistbank.org/dataset/315834,Catalogue of Life 2026-07-17 XR
higher_taxon,,Trypocopris,genus,,Animalia,,,,,,,Trypocopris,Trypocopris,83BY,Trypocopris,Trypocopris,classification,,,Eukaryota|Animalia|Arthropoda|Hexapoda|Insecta|Coleoptera|Polyphaga|Staphyliniformia|Scarabaeoidea|Geotrupidae|Geotrupinae|Geotrupini|Trypocopris,,higher_taxon,genus,Catalogue of Life,1,Eukaryota,Animalia,Arthropoda,Insecta,Coleoptera,Geotrupidae,Trypocopris,accepted,classification,83BY,315834,10.48580/dgykv,https://www.checklistbank.org/dataset/315834,Catalogue of Life 2026-07-17 XR
higher_taxon,,Tulipa,genus,,Plantae,,,,,,,Tulipa,Tulipa,8W4GT,Tulipa,Tulipa,classification,,,Eukaryota|Plantae|Pteridobiotina|Tracheophyta|Liliopsida|Liliales|Liliaceae|Tulipa,,higher_taxon,genus,Catalogue of Life,1,Eukaryota,Plantae,Tracheophyta,Liliopsida,Liliales,Liliaceae,Tulipa,accepted,classification,8W4GT,315834,10.48580/dgykv,https://www.checklistbank.org/dataset/315834,Catalogue of Life 2026-07-17 XR
higher_taxon,,Turdus,genus,,Animalia,,,,,,,Turdus,Turdus,647VS,Turdus,Turdus,classification,,,Eukaryota|Animalia|Chordata|Vertebrata|Gnathostomata|Osteichthyes|Tetrapoda|Aves|Passeriformes|Turdidae|Turdus,,higher_taxon,genus,Catalogue of Life,3,Eukaryota,Animalia,Chordata,Aves,Passeriformes,Turdidae,Turdus,accepted,classification,647VS,315834,10.48580/dgykv,https://www.checklistbank.org/dataset/315834,Catalogue of Life 2026-07-17 XR
higher_taxon,,Tussilago,genus,,Plantae,,,,,,,Tussilago,Tussilago,83XB,Tussilago,Tussilago,classification,,,Eukaryota|Plantae|Pteridobiotina|Tracheophyta|Magnoliopsida|Asterales|Asteraceae|Asteroideae|Senecioneae|Tussilagininae|Tussilago,,higher_taxon,genus,Catalogue of Life,1,Eukaryota,Plantae,Tracheophyta,Magnoliopsida,Asterales,Asteraceae,Tussilago,accepted,classification,83XB,315834,10.48580/dgykv,https://www.checklistbank.org/dataset/315834,Catalogue of Life 2026-07-17 XR
higher_taxon,,Usnea,genus,,Fungi,,,,,,,Usnea,Usnea,85FL,Usnea,Usnea,classification,,,Eukaryota|Fungi|Ascomycota|Lecanoromycetes|Lecanorales|Parmeliaceae|Usnea,,higher_taxon,genus,Catalogue of Life,1,Eukaryota,Fungi,Ascomycota,Lecanoromycetes,Lecanorales,Parmeliaceae,Usnea,accepted,classification,85FL,315834,10.48580/dgykv,https://www.checklistbank.org/dataset/315834,Catalogue of Life 2026-07-17 XR
higher_taxon,,Vaccinium,genus,,Plantae,,,,,,,Vaccinium,Vaccinium,85LF,Vaccinium,Vaccinium,classification,,,Eukaryota|Plantae|Pteridobiotina|Tracheophyta|Magnoliopsida|Ericales|Ericaceae|Vaccinioideae|Vaccinieae|Vaccinium,,higher_taxon,genus,Catalogue of Life,1,Eukaryota,Plantae,Tracheophyta,Magnoliopsida,Ericales,Ericaceae,Vaccinium,accepted,classification,85LF,315834,10.48580/dgykv,https://www.checklistbank.org/dataset/315834,Catalogue of Life 2026-07-17 XR
higher_taxon,,Vanessa,genus,,Animalia,,,,,,,Vanessa,Vanessa,92Q7V,Vanessa,Vanessa,classification,,,Eukaryota|Animalia|Arthropoda|Hexapoda|Insecta|Lepidoptera|Papilionoidea|Nymphalidae|Nymphalinae|Nymphalini|Vanessa,,higher_taxon,genus,Catalogue of Life,1,Eukaryota,Animalia,Arthropoda,Insecta,Lepidoptera,Nymphalidae,Vanessa,accepted,classification,92Q7V,315834,10.48580/dgykv,https://www.checklistbank.org/dataset/315834,Catalogue of Life 2026-07-17 XR
higher_taxon,,Veratrum,genus,,Plantae,,,,,,,Veratrum,Veratrum,8W4LD,Veratrum,Veratrum,classification,,,Eukaryota|Plantae|Pteridobiotina|Tracheophyta|Liliopsida|Liliales|Melanthiaceae|Veratrum,,higher_taxon,genus,Catalogue of Life,1,Eukaryota,Plantae,Tracheophyta,Liliopsida,Liliales,Melanthiaceae,Veratrum,accepted,classification,8W4LD,315834,10.48580/dgykv,https://www.checklistbank.org/dataset/315834,Catalogue of Life 2026-07-17 XR
higher_taxon,,Veronica,genus,,Plantae,,,,,,,Veronica,Veronica,63VMN,Veronica,Veronica,classification,,,Eukaryota|Plantae|Pteridobiotina|Tracheophyta|Magnoliopsida|Lamiales|Plantaginaceae|Digitalidoideae|Veroniceae|Veronica,,higher_taxon,genus,Catalogue of Life,3,Eukaryota,Plantae,Tracheophyta,Magnoliopsida,Lamiales,Plantaginaceae,Veronica,accepted,classification,63VMN,315834,10.48580/dgykv,https://www.checklistbank.org/dataset/315834,Catalogue of Life 2026-07-17 XR
higher_taxon,,Viola,genus,,Plantae,,,,,,,Viola,Viola,86VM,Viola,Viola,classification,,,Eukaryota|Plantae|Pteridobiotina|Tracheophyta|Magnoliopsida|Malpighiales|Violaceae|Violoideae|Viola,,higher_taxon,genus,Catalogue of Life,3,Eukaryota,Plantae,Tracheophyta,Magnoliopsida,Malpighiales,Violaceae,Viola,accepted,classification,86VM,315834,10.48580/dgykv,https://www.checklistbank.org/dataset/315834,Catalogue of Life 2026-07-17 XR
higher_taxon,,Vipera,genus,,Animalia,,,,,,,Vipera,Vipera,86VT,Vipera,Vipera,classification,,,Eukaryota|Animalia|Chordata|Vertebrata|Gnathostomata|Osteichthyes|Tetrapoda|Reptilia|Squamata|Serpentes|Alethinophidia|Viperidae|Viperinae|Vipera,,higher_taxon,genus,Catalogue of Life,1,Eukaryota,Animalia,Chordata,Reptilia,Squamata,Viperidae,Vipera,accepted,classification,86VT,315834,10.48580/dgykv,https://www.checklistbank.org/dataset/315834,Catalogue of Life 2026-07-17 XR
higher_taxon,,Viscaria,genus,,Plantae,,,,,,,Viscaria,Viscaria,86Z3,Viscaria,Viscaria,classification,,,Eukaryota|Plantae|Pteridobiotina|Tracheophyta|Magnoliopsida|Caryophyllales|Caryophyllaceae|Sileneae|Viscaria,,higher_taxon,genus,Catalogue of Life,1,Eukaryota,Plantae,Tracheophyta,Magnoliopsida,Caryophyllales,Caryophyllaceae,Viscaria,accepted,classification,86Z3,315834,10.48580/dgykv,https://www.checklistbank.org/dataset/315834,Catalogue of Life 2026-07-17 XR
higher_taxon,,Vulpes,genus,,Animalia,,,,,,,Vulpes,Vulpes,87C5,Vulpes,Vulpes,classification,,,Eukaryota|Animalia|Chordata|Vertebrata|Gnathostomata|Osteichthyes|Tetrapoda|Mammalia|Theria|Eutheria|Carnivora|Caniformia|Canidae|Vulpes,,higher_taxon,genus,Catalogue of Life,1,Eukaryota,Animalia,Chordata,Mammalia,Carnivora,Canidae,Vulpes,accepted,classification,87C5,315834,10.48580/dgykv,https://www.checklistbank.org/dataset/315834,Catalogue of Life 2026-07-17 XR
higher_taxon,,Xanthoria,genus,,Fungi,,,,,,,Xanthoria,Xanthoria,88H3,Xanthoria,Xanthoria,classification,,,Eukaryota|Fungi|Ascomycota|Lecanoromycetes|Teloschistales|Teloschistaceae|Xanthoria,,higher_taxon,genus,Catalogue of Life,1,Eukaryota,Fungi,Ascomycota,Lecanoromycetes,Teloschistales,Teloschistaceae,Xanthoria,accepted,classification,88H3,315834,10.48580/dgykv,https://www.checklistbank.org/dataset/315834,Catalogue of Life 2026-07-17 XR
higher_taxon,,Xylocopa,genus,,Animalia,,,,,,,Xylocopa,Xylocopa,89GZ,Xylocopa,Xylocopa,classification,,,Eukaryota|Animalia|Arthropoda|Hexapoda|Insecta|Hymenoptera|Apocrita|Aculeata|Apoidea|Apidae|Xylocopinae|Xylocopini|Xylocopa,,higher_taxon,genus,Catalogue of Life,1,Eukaryota,Animalia,Arthropoda,Insecta,Hymenoptera,Apidae,Xylocopa,accepted,classification,89GZ,315834,10.48580/dgykv,https://www.checklistbank.org/dataset/315834,Catalogue of Life 2026-07-17 XR
higher_taxon,,Zootoca,genus,,Animalia,,,,,,,Zootoca,Zootoca,8B5Y,Zootoca,Zootoca,classification,,,Eukaryota|Animalia|Chordata|Vertebrata|Gnathostomata|Osteichthyes|Tetrapoda|Reptilia|Squamata|Autarchoglossa|Lacertidae|Zootoca,,higher_taxon,genus,Catalogue of Life,1,Eukaryota,Animalia,Chordata,Reptilia,Squamata,Lacertidae,Zootoca,accepted,classification,8B5Y,315834,10.48580/dgykv,https://www.checklistbank.org/dataset/315834,Catalogue of Life 2026-07-17 XR
higher_taxon,,Zygaena,genus,,Animalia,,,,,,,Zygaena,Zygaena,92QVH,Zygaena,Zygaena,classification,,,Eukaryota|Animalia|Arthropoda|Hexapoda|Insecta|Lepidoptera|Zygaenoidea|Zygaenidae|Zygaeninae|Zygaena,,higher_taxon,genus,Catalogue of Life,1,Eukaryota,Animalia,Arthropoda,Insecta,Lepidoptera,Zygaenidae,Zygaena,accepted,classification,92QVH,315834,10.48580/dgykv,https://www.checklistbank.org/dataset/315834,Catalogue of Life 2026-07-17 XR
species,136319,Abies alba,species,silver fir,Plantae,1,12614,http://en.wikipedia.org/wiki/Abies_alba,https://inaturalist-open-data.s3.amazonaws.com/photos/10907663/medium.jpeg,cc-by-sa,"(c) böhringer friedrich, some rights reserved (CC BY-SA)",Abies alba,Abies alba,8K9Y,Abies alba,Abies alba,variant,,,Eukaryota|Plantae|Pteridobiotina|Tracheophyta|Pinopsida|Pinidae|Pinales|Pinaceae|Abies|Abies alba,,species,species,Catalogue of Life,1,Eukaryota,Plantae,Tracheophyta,Pinopsida,Pinales,Pinaceae,Abies,accepted,variant,8K9Y,315834,10.48580/dgykv,https://www.checklistbank.org/dataset/315834,Catalogue of Life 2026-07-17 XR
species,52816,Achillea ageratifolia,species,Greek yarrow,Plantae,5,98,http://en.wikipedia.org/wiki/Achillea_ageratifolia,https://inaturalist-open-data.s3.amazonaws.com/photos/115961350/medium.jpeg,cc-by,"(c) Todd Boland, some rights reserved (CC BY), uploaded by Todd Boland",Achillea ageratifolia,Achillea ageratifolia,B3L5Z,Achillea ageratifolia,Achillea ageratifolia,variant,,,Eukaryota|Plantae|Pteridobiotina|Tracheophyta|Magnoliopsida|Asterales|Asteraceae|Asteroideae|Anthemideae|Matricariinae|Achillea|Achillea ageratifolia,,species,species,Catalogue of Life,1,Eukaryota,Plantae,Tracheophyta,Magnoliopsida,Asterales,Asteraceae,Achillea,accepted,variant,B3L5Z,315834,10.48580/dgykv,https://www.checklistbank.org/dataset/315834,Catalogue of Life 2026-07-17 XR
species,52821,Achillea millefolium,species,common yarrow,Plantae,1,332226,http://en.wikipedia.org/wiki/Achillea_millefolium,https://inaturalist-open-data.s3.amazonaws.com/photos/4902/medium.jpg,cc-by-nc-nd,"(c) Steve Guttman, some rights reserved (CC BY-NC-ND)",Achillea millefolium,Achillea millefolium,97H4,Achillea millefolium,Achillea millefolium,variant,,,Eukaryota|Plantae|Pteridobiotina|Tracheophyta|Magnoliopsida|Asterales|Asteraceae|Asteroideae|Anthemideae|Matricariinae|Achillea|Achillea millefolium,,species,species,Catalogue of Life,1,Eukaryota,Plantae,Tracheophyta,Magnoliopsida,Asterales,Asteraceae,Achillea,accepted,variant,97H4,315834,10.48580/dgykv,https://www.checklistbank.org/dataset/315834,Catalogue of Life 2026-07-17 XR
species,204231,Achillea tomentosa,species,Yellow Milfoil,Plantae,1,495,https://en.wikipedia.org/wiki/Achillea_tomentosa,https://inaturalist-open-data.s3.amazonaws.com/photos/376727556/medium.jpeg,cc-by-nc,"(c) Rodolfo Marliani, some rights reserved (CC BY-NC), uploaded by Rodolfo Marliani",Achillea tomentosa,Achillea tomentosa,97MP,Achillea tomentosa,Achillea tomentosa,variant,,,Eukaryota|Plantae|Pteridobiotina|Tracheophyta|Magnoliopsida|Asterales|Asteraceae|Asteroideae|Anthemideae|Matricariinae|Achillea|Achillea tomentosa,,species,species,Catalogue of Life,1,Eukaryota,Plantae,Tracheophyta,Magnoliopsida,Asterales,Asteraceae,Achillea,accepted,variant,97MP,315834,10.48580/dgykv,https://www.checklistbank.org/dataset/315834,Catalogue of Life 2026-07-17 XR
species,131201,Aconitum napellus,species,Monk's-hood,Plantae,1,8557,http://en.wikipedia.org/wiki/Aconitum_napellus,https://inaturalist-open-data.s3.amazonaws.com/photos/416861673/medium.jpeg,cc-by,"(c) Thomas Ebner, some rights reserved (CC BY), uploaded by Thomas Ebner",Aconitum napellus,Aconitum napellus,9GJ4,Aconitum napellus,Aconitum napellus,variant,,,Eukaryota|Plantae|Pteridobiotina|Tracheophyta|Magnoliopsida|Ranunculales|Ranunculaceae|Ranunculoideae|Aconiteae|Aconitum|Aconitum napellus,,species,species,Catalogue of Life,1,Eukaryota,Plantae,Tracheophyta,Magnoliopsida,Ranunculales,Ranunculaceae,Aconitum,accepted,variant,9GJ4,315834,10.48580/dgykv,https://www.checklistbank.org/dataset/315834,Catalogue of Life 2026-07-17 XR
species,204565,Adelges abietis,species,Pineapple-gall Adelgid,Insecta,1,3771,http://en.wikipedia.org/wiki/Pineapple_gall_adelgid,https://inaturalist-open-data.s3.amazonaws.com/photos/245653/medium.JPG,cc-by-nc,"(c) joannerusso, some rights reserved (CC BY-NC), uploaded by joannerusso",Adelges (Sacchiphantes) abietis,Adelges (Sacchiphantes) abietis,9XKD,Adelges abietis,Adelges (Sacchiphantes) abietis,variant,,,Eukaryota|Animalia|Arthropoda|Hexapoda|Insecta|Hemiptera|Sternorrhyncha|Aphidomorpha|Adelgoidea|Adelgidae|Adelges|Adelges (Sacchiphantes)|Adelges (Sacchiphantes) abietis,,species,species,Catalogue of Life,1,Eukaryota,Animalia,Arthropoda,Insecta,Hemiptera,Adelgidae,Adelges,accepted,variant,9XKD,315834,10.48580/dgykv,https://www.checklistbank.org/dataset/315834,Catalogue of Life 2026-07-17 XR
species,55790,Adoxa moschatellina,species,Moschatel,Plantae,1,9171,http://en.wikipedia.org/wiki/Adoxa_moschatellina,https://static.inaturalist.org/photos/167248408/medium.jpg,,"(c) Nicoară Roxana, all rights reserved, uploaded by Nicoară Roxana",Adoxa moschatellina,Adoxa moschatellina,655WH,Adoxa moschatellina,Adoxa moschatellina,variant,,,Eukaryota|Plantae|Pteridobiotina|Tracheophyta|Magnoliopsida|Dipsacales|Viburnaceae|Adoxoideae|Adoxeae|Adoxa|Adoxa moschatellina,,species,species,Catalogue of Life,1,Eukaryota,Plantae,Tracheophyta,Magnoliopsida,Dipsacales,Viburnaceae,Adoxa,accepted,variant,655WH,315834,10.48580/dgykv,https://www.checklistbank.org/dataset/315834,Catalogue of Life 2026-07-17 XR
species,333243,Adscita statices,species,Green Forester Moth,Insecta,1,7995,http://en.wikipedia.org/wiki/Adscita_statices,https://inaturalist-open-data.s3.amazonaws.com/photos/1014650/medium.jpg,cc-by-sa,"(c) Darius Baužys, some rights reserved (CC BY-SA)",Adscita (Adscita) statices,Adscita (Adscita) statices,93PY6,Adscita statices,Adscita (Adscita) statices,variant,,,Eukaryota|Animalia|Arthropoda|Hexapoda|Insecta|Lepidoptera|Zygaenoidea|Zygaenidae|Procridinae|Procridini|Adscita|Adscita (Adscita)|Adscita (Adscita) statices,,species,species,Catalogue of Life,1,Eukaryota,Animalia,Arthropoda,Insecta,Lepidoptera,Zygaenidae,Adscita,accepted,variant,93PY6,315834,10.48580/dgykv,https://www.checklistbank.org/dataset/315834,Catalogue of Life 2026-07-17 XR
species,7278,Aegithalos caudatus,species,Long-tailed Tit,Aves,1,80207,http://en.wikipedia.org/wiki/Long-tailed_tit,https://inaturalist-open-data.s3.amazonaws.com/photos/115550098/medium.jpg,cc-by-nc,"(c) Luca Boscain, some rights reserved (CC BY-NC), uploaded by Luca Boscain",Aegithalos caudatus,Aegithalos caudatus,64WQQ,Aegithalos caudatus,Aegithalos caudatus,variant,,,Eukaryota|Animalia|Chordata|Vertebrata|Gnathostomata|Osteichthyes|Tetrapoda|Aves|Passeriformes|Aegithalidae|Aegithalos|Aegithalos caudatus,,species,species,Catalogue of Life,1,Eukaryota,Animalia,Chordata,Aves,Passeriformes,Aegithalidae,Aegithalos,accepted,variant,64WQQ,315834,10.48580/dgykv,https://www.checklistbank.org/dataset/315834,Catalogue of Life 2026-07-17 XR
species,486501,Agapanthia kirbyi,species,,Insecta,1,269,http://en.wikipedia.org/wiki/Agapanthia_kirbyi,https://inaturalist-open-data.s3.amazonaws.com/photos/59625416/medium.jpg,cc-by-nc,"(c) chris9900, some rights reserved (CC BY-NC)",Agapanthia (Synthapsia) kirbyi,Agapanthia (Synthapsia) kirbyi,65L8C,Agapanthia kirbyi,Agapanthia (Synthapsia) kirbyi,variant,,,Eukaryota|Animalia|Arthropoda|Hexapoda|Insecta|Coleoptera|Polyphaga|Cucujiformia|Chrysomeloidea|Cerambycidae|Agapanthiinae|Agapanthiini|Agapanthia|Agapanthia (Synthapsia)|Agapanthia (Synthapsia) kirbyi,,species,species,Catalogue of Life,1,Eukaryota,Animalia,Arthropoda,Insecta,Coleoptera,Cerambycidae,Agapanthia,accepted,variant,65L8C,315834,10.48580/dgykv,https://www.checklistbank.org/dataset/315834,Catalogue of Life 2026-07-17 XR
species,133012,Ajuga pyramidalis,species,Pyramidal Bugle,Plantae,1,5230,https://en.wikipedia.org/wiki/Ajuga_pyramidalis,https://inaturalist-open-data.s3.amazonaws.com/photos/74507693/medium.jpeg,cc-by,"(c) Roar Nybø, some rights reserved (CC BY), uploaded by Roar Nybø",Ajuga pyramidalis,Ajuga pyramidalis,BDR4,Ajuga pyramidalis,Ajuga pyramidalis,variant,,,Eukaryota|Plantae|Pteridobiotina|Tracheophyta|Magnoliopsida|Lamiales|Lamiaceae|Ajugoideae|Ajugeae|Ajuginae|Ajuga|Ajuga pyramidalis,,species,species,Catalogue of Life,1,Eukaryota,Plantae,Tracheophyta,Magnoliopsida,Lamiales,Lamiaceae,Ajuga,accepted,variant,BDR4,315834,10.48580/dgykv,https://www.checklistbank.org/dataset/315834,Catalogue of Life 2026-07-17 XR
species,7347,Alauda arvensis,species,Eurasian Skylark,Aves,2,37940,http://en.wikipedia.org/wiki/Eurasian_skylark,https://inaturalist-open-data.s3.amazonaws.com/photos/7408707/medium.jpeg,cc-by,"(c) Ani Sarkisyan, some rights reserved (CC BY), uploaded by Ani Sarkisyan",Alauda arvensis,Alauda arvensis,BFFT,Alauda arvensis,Alauda arvensis,variant,,,Eukaryota|Animalia|Chordata|Vertebrata|Gnathostomata|Osteichthyes|Tetrapoda|Aves|Passeriformes|Alaudidae|Alauda|Alauda arvensis,,species,species,Catalogue of Life,1,Eukaryota,Animalia,Chordata,Aves,Passeriformes,Alaudidae,Alauda,accepted,variant,BFFT,315834,10.48580/dgykv,https://www.checklistbank.org/dataset/315834,Catalogue of Life 2026-07-17 XR
species,62205,Alcea rosea,species,Hollyhock,Plantae,1,30371,http://en.wikipedia.org/wiki/Alcea_rosea,https://static.inaturalist.org/photos/161030578/medium.jpg,,"(c) Konstantinos Kalaentzis, all rights reserved, uploaded by Konstantinos Kalaentzis",Alcea rosea,Alcea rosea,BH8Y,Alcea rosea,Alcea rosea,variant,,,Eukaryota|Plantae|Pteridobiotina|Tracheophyta|Magnoliopsida|Malvales|Malvaceae|Malvoideae|Malveae|Malvinae|Alcea|Alcea rosea,,species,species,Catalogue of Life,1,Eukaryota,Plantae,Tracheophyta,Magnoliopsida,Malvales,Malvaceae,Alcea,accepted,variant,BH8Y,315834,10.48580/dgykv,https://www.checklistbank.org/dataset/315834,Catalogue of Life 2026-07-17 XR
species,48716,Aleuria aurantia,species,orange peel fungus,Fungi,1,14536,http://en.wikipedia.org/wiki/Aleuria_aurantia,https://inaturalist-open-data.s3.amazonaws.com/photos/73851/medium.JPG,cc-by-nc-nd,"(c) sea-kangaroo, some rights reserved (CC BY-NC-ND), uploaded by sea-kangaroo",Aleuria aurantia,Aleuria aurantia,BPNM,Aleuria aurantia,Aleuria aurantia,variant,,,Eukaryota|Fungi|Ascomycota|Pezizomycetes|Pezizales|Pyronemataceae|Aleuria|Aleuria aurantia,,species,species,Catalogue of Life,1,Eukaryota,Fungi,Ascomycota,Pezizomycetes,Pezizales,Pyronemataceae,Aleuria,accepted,variant,BPNM,315834,10.48580/dgykv,https://www.checklistbank.org/dataset/315834,Catalogue of Life 2026-07-17 XR
species,244034,Allium carinatum,species,Keeled Garlic,Plantae,1,2094,http://en.wikipedia.org/wiki/Allium_carinatum,https://static.inaturalist.org/photos/411327464/medium.jpg,,"(c) Peter Bilovitz, all rights reserved, uploaded by Peter Bilovitz",Allium carinatum,Allium carinatum,5TVJJ,Allium carinatum,Allium carinatum,variant,,,Eukaryota|Plantae|Pteridobiotina|Tracheophyta|Liliopsida|Asparagales|Amaryllidaceae|Allium|Allium carinatum,,species,species,Catalogue of Life,1,Eukaryota,Plantae,Tracheophyta,Liliopsida,Asparagales,Amaryllidaceae,Allium,accepted,variant,5TVJJ,315834,10.48580/dgykv,https://www.checklistbank.org/dataset/315834,Catalogue of Life 2026-07-17 XR
species,48715,Amanita muscaria,species,Fly Agaric,Fungi,2,154728,http://en.wikipedia.org/wiki/Amanita_muscaria,https://inaturalist-open-data.s3.amazonaws.com/photos/111494893/medium.jpg,cc-by-nc,"(c) Federico Calledda, some rights reserved (CC BY-NC), uploaded by Federico Calledda",Amanita muscaria,Amanita muscaria,5TYZ9,Amanita muscaria,Amanita muscaria,variant,,,Eukaryota|Fungi|Basidiomycota|Agaricomycetes|Agaricales|Amanitaceae|Amanita|Amanita muscaria,,species,species,Catalogue of Life,1,Eukaryota,Fungi,Basidiomycota,Agaricomycetes,Agaricales,Amanitaceae,Amanita,accepted,variant,5TYZ9,315834,10.48580/dgykv,https://www.checklistbank.org/dataset/315834,Catalogue of Life 2026-07-17 XR
species,75430,Anchusa officinalis,species,common alkanet,Plantae,1,19930,http://en.wikipedia.org/wiki/Anchusa_officinalis,https://inaturalist-open-data.s3.amazonaws.com/photos/80878006/medium.jpg,cc-by-nc,"(c) Lina Paškevičiūtė, some rights reserved (CC BY-NC), uploaded by Lina Paškevičiūtė",Anchusa officinalis,Anchusa officinalis,DLZL,Anchusa officinalis,Anchusa officinalis,variant,,,Eukaryota|Plantae|Pteridobiotina|Tracheophyta|Magnoliopsida|Boraginales|Boraginaceae|Boraginoideae|Boragineae|Boragininae|Anchusa|Anchusa officinalis,,species,species,Catalogue of Life,1,Eukaryota,Plantae,Tracheophyta,Magnoliopsida,Boraginales,Boraginaceae,Anchusa,accepted,variant,DLZL,315834,10.48580/dgykv,https://www.checklistbank.org/dataset/315834,Catalogue of Life 2026-07-17 XR
species,842344,Androsace hedreantha,species,,Plantae,3,8,,https://static.inaturalist.org/photos/111598326/medium.jpeg,,"(c) Marko Doboš, all rights reserved, uploaded by Marko Doboš",Androsace hedreantha,Androsace hedreantha,,Androsace hedreantha,Androsace hedreantha,unresolved,,,,No exact Catalogue of Life match in the expected kingdom,species,species,iNaturalist fallback,1,,,,,,,,,unresolved,,315834,10.48580/dgykv,https://www.checklistbank.org/dataset/315834,Catalogue of Life 2026-07-17 XR
species,881556,Anemonastrum narcissiflorum,species,Narcissus-flowered Anemone,Plantae,3,3093,https://en.wikipedia.org/wiki/Anemonastrum_narcissiflorum,https://inaturalist-open-data.s3.amazonaws.com/photos/518471485/medium.jpg,cc-by-nc,"(c) Li Jianong, some rights reserved (CC BY-NC), uploaded by Li Jianong",Anemonastrum narcissiflorum,Anemonastrum narcissiflorum,DX4R,Anemonastrum narcissiflorum,Anemonastrum narcissiflorum,variant,,,Eukaryota|Plantae|Pteridobiotina|Tracheophyta|Magnoliopsida|Ranunculales|Ranunculaceae|Ranunculoideae|Anemoneae|Anemonastrum|Anemonastrum narcissiflorum,,species,species,Catalogue of Life,1,Eukaryota,Plantae,Tracheophyta,Magnoliopsida,Ranunculales,Ranunculaceae,Anemonastrum,accepted,variant,DX4R,315834,10.48580/dgykv,https://www.checklistbank.org/dataset/315834,Catalogue of Life 2026-07-17 XR
species,950603,Anemonoides nemorosa,species,wood anemone,Plantae,1,88512,https://en.wikipedia.org/wiki/Anemone_nemorosa,https://inaturalist-open-data.s3.amazonaws.com/photos/732011/medium.jpg,cc-by-nc-sa,"(c) Anne SORBES, some rights reserved (CC BY-NC-SA), uploaded by Anne SORBES",Anemone nemorosa,Anemone nemorosa,67343,Anemonoides nemorosa,Anemone nemorosa,variant,,,Eukaryota|Plantae|Pteridobiotina|Tracheophyta|Magnoliopsida|Ranunculales|Ranunculaceae|Ranunculoideae|Anemoneae|Anemone|Anemone nemorosa,,species,species,Catalogue of Life,1,Eukaryota,Plantae,Tracheophyta,Magnoliopsida,Ranunculales,Ranunculaceae,Anemone,synonym,variant,67343,315834,10.48580/dgykv,https://www.checklistbank.org/dataset/315834,Catalogue of Life 2026-07-17 XR
species,13729,Anthus pratensis,species,Meadow Pipit,Aves,1,34773,http://en.wikipedia.org/wiki/Meadow_pipit,https://inaturalist-open-data.s3.amazonaws.com/photos/187679983/medium.jpg,cc-by-nc,"(c) Valia Pavlou, some rights reserved (CC BY-NC), uploaded by Valia Pavlou",Anthus pratensis,Anthus pratensis,67KF6,Anthus pratensis,Anthus pratensis,variant,,,Eukaryota|Animalia|Chordata|Vertebrata|Gnathostomata|Osteichthyes|Tetrapoda|Aves|Passeriformes|Motacillidae|Anthus|Anthus pratensis,,species,species,Catalogue of Life,1,Eukaryota,Animalia,Chordata,Aves,Passeriformes,Motacillidae,Anthus,accepted,variant,67KF6,315834,10.48580/dgykv,https://www.checklistbank.org/dataset/315834,Catalogue of Life 2026-07-17 XR
species,13713,Anthus spinoletta,species,Water Pipit,Aves,2,12118,http://en.wikipedia.org/wiki/Water_pipit,https://inaturalist-open-data.s3.amazonaws.com/photos/3225661/medium.jpg,cc-by-nc,"(c) Paul Cools, some rights reserved (CC BY-NC), uploaded by Paul Cools",Anthus spinoletta,Anthus spinoletta,5VKDZ,Anthus spinoletta,Anthus spinoletta,variant,,,Eukaryota|Animalia|Chordata|Vertebrata|Gnathostomata|Osteichthyes|Tetrapoda|Aves|Passeriformes|Motacillidae|Anthus|Anthus spinoletta,,species,species,Catalogue of Life,1,Eukaryota,Animalia,Chordata,Aves,Passeriformes,Motacillidae,Anthus,accepted,variant,5VKDZ,315834,10.48580/dgykv,https://www.checklistbank.org/dataset/315834,Catalogue of Life 2026-07-17 XR
species,209629,Anthyllis montana,species,Mountain Kidney-vetch,Plantae,1,1835,http://en.wikipedia.org/wiki/Anthyllis_montana,https://inaturalist-open-data.s3.amazonaws.com/photos/136370254/medium.jpg,cc-by-nc,"(c) mmcm, some rights reserved (CC BY-NC)",Anthyllis montana,Anthyllis montana,67K7C,Anthyllis montana,Anthyllis montana,variant,,,Eukaryota|Plantae|Pteridobiotina|Tracheophyta|Magnoliopsida|Fabales|Fabaceae|Anthyllis|Anthyllis montana,,species,species,Catalogue of Life,1,Eukaryota,Plantae,Tracheophyta,Magnoliopsida,Fabales,Fabaceae,Anthyllis,accepted,variant,67K7C,315834,10.48580/dgykv,https://www.checklistbank.org/dataset/315834,Catalogue of Life 2026-07-17 XR
species,483340,Aplocera praeformata,species,Purple Treble-bar,Insecta,1,1565,http://en.wikipedia.org/wiki/Aplocera_praeformata,https://inaturalist-open-data.s3.amazonaws.com/photos/46093575/medium.jpg,cc-by-nc,"(c) Paolo Mazzei, some rights reserved (CC BY-NC), uploaded by Paolo Mazzei",Aplocera praeformata,Aplocera praeformata,FP6K,Aplocera praeformata,Aplocera praeformata,variant,,,Eukaryota|Animalia|Arthropoda|Hexapoda|Insecta|Lepidoptera|Geometroidea|Geometridae|Larentiinae|Aplocera|Aplocera praeformata,,species,species,Catalogue of Life,1,Eukaryota,Animalia,Arthropoda,Insecta,Lepidoptera,Geometridae,Aplocera,accepted,variant,FP6K,315834,10.48580/dgykv,https://www.checklistbank.org/dataset/315834,Catalogue of Life 2026-07-17 XR
species,158472,Arabis alpina,species,Alpine Rock-cress,Plantae,2,4399,http://en.wikipedia.org/wiki/Arabis_alpina,https://inaturalist-open-data.s3.amazonaws.com/photos/358675279/medium.jpeg,cc-by-nc,"(c) Guido Tellini Florenzano, some rights reserved (CC BY-NC), uploaded by Guido Tellini Florenzano",Arabis alpina,Arabis alpina,G27R,Arabis alpina,Arabis alpina,variant,,,Eukaryota|Plantae|Pteridobiotina|Tracheophyta|Magnoliopsida|Capparales|Brassicaceae|Brassicoideae|Arabideae|Arabis|Arabis alpina,,species,species,Catalogue of Life,1,Eukaryota,Plantae,Tracheophyta,Magnoliopsida,Capparales,Brassicaceae,Arabis,accepted,variant,G27R,315834,10.48580/dgykv,https://www.checklistbank.org/dataset/315834,Catalogue of Life 2026-07-17 XR
species,334303,Arabis collina,species,Rosy Cress,Plantae,1,218,,https://inaturalist-open-data.s3.amazonaws.com/photos/1150165/medium.jpg,cc-by-nc-sa,"(c) Amadej Trnkoczy, some rights reserved (CC BY-NC-SA)",Arabis collina,Arabis collina,5W2GJ,Arabis collina,Arabis collina,variant,,,Eukaryota|Plantae|Pteridobiotina|Tracheophyta|Magnoliopsida|Capparales|Brassicaceae|Brassicoideae|Arabideae|Arabis|Arabis collina,,species,species,Catalogue of Life,1,Eukaryota,Plantae,Tracheophyta,Magnoliopsida,Capparales,Brassicaceae,Arabis,accepted,variant,5W2GJ,315834,10.48580/dgykv,https://www.checklistbank.org/dataset/315834,Catalogue of Life 2026-07-17 XR
species,121782,Araneus quadratus,species,Four-spot Orbweaver,Arachnida,1,10821,http://en.wikipedia.org/wiki/Araneus_quadratus,https://inaturalist-open-data.s3.amazonaws.com/photos/10503092/medium.jpeg,cc-by-nc,"(c) Jakob Fahr, some rights reserved (CC BY-NC), uploaded by Jakob Fahr",Araneus quadratus,Araneus quadratus,G5KC,Araneus quadratus,Araneus quadratus,variant,,,Eukaryota|Animalia|Arthropoda|Chelicerata|Arachnida|Araneae|Araneidae|Araneus|Araneus quadratus,,species,species,Catalogue of Life,1,Eukaryota,Animalia,Arthropoda,Arachnida,Araneae,Araneidae,Araneus,accepted,variant,G5KC,315834,10.48580/dgykv,https://www.checklistbank.org/dataset/315834,Catalogue of Life 2026-07-17 XR
species,192381,Armillaria ostoyae,species,Honey Mushroom,Fungi,1,11887,http://en.wikipedia.org/wiki/Armillaria_ostoyae,https://inaturalist-open-data.s3.amazonaws.com/photos/4694601/medium.jpg,cc-by-nc,"(c) Marco Floriani, some rights reserved (CC BY-NC), uploaded by Marco Floriani",Armillaria ostoyae,Armillaria ostoyae,5W4S7,Armillaria ostoyae,Armillaria ostoyae,variant,,,Eukaryota|Fungi|Basidiomycota|Agaricomycetes|Agaricales|Physalacriaceae|Armillaria|Armillaria ostoyae,,species,species,Catalogue of Life,1,Eukaryota,Fungi,Basidiomycota,Agaricomycetes,Agaricales,Physalacriaceae,Armillaria,accepted,variant,5W4S7,315834,10.48580/dgykv,https://www.checklistbank.org/dataset/315834,Catalogue of Life 2026-07-17 XR
species,75611,Asplenium viride,species,green spleenwort,Plantae,1,6222,https://en.wikipedia.org/wiki/Asplenium_viride,https://inaturalist-open-data.s3.amazonaws.com/photos/21288890/medium.jpeg,cc-by-nc,"(c) wallyjenkins, some rights reserved (CC BY-NC), uploaded by wallyjenkins",Asplenium viride,Asplenium viride,HLSC,Asplenium viride,Asplenium viride,variant,,,Eukaryota|Plantae|Pteridobiotina|Tracheophyta|Polypodiopsida|Polypodiales|Aspleniaceae|Asplenium|Asplenium viride,,species,species,Catalogue of Life,1,Eukaryota,Plantae,Tracheophyta,Polypodiopsida,Polypodiales,Aspleniaceae,Asplenium,accepted,variant,HLSC,315834,10.48580/dgykv,https://www.checklistbank.org/dataset/315834,Catalogue of Life 2026-07-17 XR
species,334738,Astragalus vesicarius,species,Inflated Milk-vetch,Plantae,1,532,,https://inaturalist-open-data.s3.amazonaws.com/photos/67624959/medium.jpg,cc-by,"(c) Roman, some rights reserved (CC BY), uploaded by Roman",Astragalus vesicarius,Astragalus vesicarius,J37C,Astragalus vesicarius,Astragalus vesicarius,variant,,,Eukaryota|Plantae|Pteridobiotina|Tracheophyta|Magnoliopsida|Fabales|Fabaceae|Astragalus|Astragalus vesicarius,,species,species,Catalogue of Life,1,Eukaryota,Plantae,Tracheophyta,Magnoliopsida,Fabales,Fabaceae,Astragalus,accepted,variant,J37C,315834,10.48580/dgykv,https://www.checklistbank.org/dataset/315834,Catalogue of Life 2026-07-17 XR
species,1335424,Campanula pichleri,species,,Plantae,1,45,,https://inaturalist-open-data.s3.amazonaws.com/photos/44737841/medium.jpeg,cc-by-nc,"(c) Jakob Fahr, some rights reserved (CC BY-NC), uploaded by Jakob Fahr",Asyneuma pichleri,Asyneuma pichleri,J749,Campanula pichleri,Asyneuma pichleri,variant,,,Eukaryota|Plantae|Pteridobiotina|Tracheophyta|Magnoliopsida|Asterales|Campanulaceae|Campanuloideae|Campanuleae|Asyneuma|Asyneuma pichleri,,species,species,Catalogue of Life,1,Eukaryota,Plantae,Tracheophyta,Magnoliopsida,Asterales,Campanulaceae,Asyneuma,synonym,variant,J749,315834,10.48580/dgykv,https://www.checklistbank.org/dataset/315834,Catalogue of Life 2026-07-17 XR
species,130545,Bistorta vivipara,species,alpine bistort,Plantae,1,13641,http://en.wikipedia.org/wiki/Persicaria_vivipara,https://inaturalist-open-data.s3.amazonaws.com/photos/311092329/medium.jpeg,cc-by-nc,"(c) trowbric, some rights reserved (CC BY-NC), uploaded by trowbric",Bistorta vivipara,Bistorta vivipara,LX7C,Bistorta vivipara,Bistorta vivipara,variant,,,Eukaryota|Plantae|Pteridobiotina|Tracheophyta|Magnoliopsida|Caryophyllales|Polygonaceae|Polygonoideae|Persicarieae|Bistorta|Bistorta vivipara,,species,species,Catalogue of Life,1,Eukaryota,Plantae,Tracheophyta,Magnoliopsida,Caryophyllales,Polygonaceae,Bistorta,accepted,variant,LX7C,315834,10.48580/dgykv,https://www.checklistbank.org/dataset/315834,Catalogue of Life 2026-07-17 XR
species,507134,Blitum bonus-henricus,species,Good King Henry,Plantae,1,3109,https://en.wikipedia.org/wiki/Blitum_bonus-henricus,https://inaturalist-open-data.s3.amazonaws.com/photos/403566303/medium.jpeg,cc-by-nc,"(c) piedmontgrowing, some rights reserved (CC BY-NC), uploaded by piedmontgrowing",Blitum bonus-henricus,Blitum bonus-henricus,M72K,Blitum bonus-henricus,Blitum bonus-henricus,variant,,,Eukaryota|Plantae|Pteridobiotina|Tracheophyta|Magnoliopsida|Caryophyllales|Amaranthaceae|Chenopodioideae|Anserineae|Blitum|Blitum bonus-henricus,,species,species,Catalogue of Life,1,Eukaryota,Plantae,Tracheophyta,Magnoliopsida,Caryophyllales,Amaranthaceae,Blitum,accepted,variant,M72K,315834,10.48580/dgykv,https://www.checklistbank.org/dataset/315834,Catalogue of Life 2026-07-17 XR
species,48701,Boletus edulis,species,King Bolete,Fungi,1,33632,http://en.wikipedia.org/wiki/Boletus_edulis,https://inaturalist-open-data.s3.amazonaws.com/photos/328303120/medium.jpg,cc-by-nc,"(c) wp-polzin, some rights reserved (CC BY-NC)",Boletus edulis,Boletus edulis,MCH9,Boletus edulis,Boletus edulis,variant,,,Eukaryota|Fungi|Basidiomycota|Agaricomycetes|Boletales|Boletaceae|Boletus|Boletus edulis,,species,species,Catalogue of Life,1,Eukaryota,Fungi,Basidiomycota,Agaricomycetes,Boletales,Boletaceae,Boletus,accepted,variant,MCH9,315834,10.48580/dgykv,https://www.checklistbank.org/dataset/315834,Catalogue of Life 2026-07-17 XR
species,556621,Bombina variegata,species,Yellow-bellied Toad,Amphibia,1,13519,http://en.wikipedia.org/wiki/Yellow-bellied_toad,https://static.inaturalist.org/photos/632139986/medium.jpg,,"(c) Daniel Phillips, all rights reserved, uploaded by Daniel Phillips",Bombina variegata,Bombina variegata,5WNNK,Bombina variegata,Bombina variegata,variant,,,Eukaryota|Animalia|Chordata|Vertebrata|Gnathostomata|Osteichthyes|Tetrapoda|Amphibia|Anura|Bombinatoridae|Bombina|Bombina variegata,,species,species,Catalogue of Life,1,Eukaryota,Animalia,Chordata,Amphibia,Anura,Bombinatoridae,Bombina,accepted,variant,5WNNK,315834,10.48580/dgykv,https://www.checklistbank.org/dataset/315834,Catalogue of Life 2026-07-17 XR
species,61427,Botrychium lunaria,species,common moonwort,Plantae,2,5348,http://en.wikipedia.org/wiki/Botrychium_lunaria,https://inaturalist-open-data.s3.amazonaws.com/photos/60642443/medium.jpg,cc-by-nc,"(c) Vladimir Bryukhov, some rights reserved (CC BY-NC), uploaded by Vladimir Bryukhov",Botrychium lunaria,Botrychium lunaria,MPJ7,Botrychium lunaria,Botrychium lunaria,variant,,,Eukaryota|Plantae|Pteridobiotina|Tracheophyta|Polypodiopsida|Ophioglossales|Ophioglossaceae|Botrychioideae|Botrychium|Botrychium lunaria,,species,species,Catalogue of Life,1,Eukaryota,Plantae,Tracheophyta,Polypodiopsida,Ophioglossales,Ophioglossaceae,Botrychium,accepted,variant,MPJ7,315834,10.48580/dgykv,https://www.checklistbank.org/dataset/315834,Catalogue of Life 2026-07-17 XR
species,204472,Buteo buteo,species,Common Buzzard,Aves,1,161702,http://en.wikipedia.org/wiki/Common_buzzard,https://inaturalist-open-data.s3.amazonaws.com/photos/192398523/medium.jpeg,cc-by-nc,"(c) rociomar, some rights reserved (CC BY-NC)",Buteo buteo,Buteo buteo,NYV7,Buteo buteo,Buteo buteo,variant,,,Eukaryota|Animalia|Chordata|Vertebrata|Gnathostomata|Osteichthyes|Tetrapoda|Aves|Accipitriformes|Accipitridae|Buteo|Buteo buteo,,species,species,Catalogue of Life,1,Eukaryota,Animalia,Chordata,Aves,Accipitriformes,Accipitridae,Buteo,accepted,variant,NYV7,315834,10.48580/dgykv,https://www.checklistbank.org/dataset/315834,Catalogue of Life 2026-07-17 XR
species,56224,Caltha palustris,species,marsh marigold,Plantae,1,94434,https://en.wikipedia.org/wiki/Caltha_palustris,https://inaturalist-open-data.s3.amazonaws.com/photos/324010734/medium.jpeg,cc-by-nc,"(c) eeyipes, some rights reserved (CC BY-NC)",Caltha palustris,Caltha palustris,Q4PM,Caltha palustris,Caltha palustris,variant,,,Eukaryota|Plantae|Pteridobiotina|Tracheophyta|Magnoliopsida|Ranunculales|Ranunculaceae|Ranunculoideae|Helleboreae|Caltha|Caltha palustris,,species,species,Catalogue of Life,1,Eukaryota,Plantae,Tracheophyta,Magnoliopsida,Ranunculales,Ranunculaceae,Caltha,accepted,variant,Q4PM,315834,10.48580/dgykv,https://www.checklistbank.org/dataset/315834,Catalogue of Life 2026-07-17 XR
species,366188,Calyptra thalictri,species,Vampire Moth,Insecta,1,381,http://en.wikipedia.org/wiki/Calyptra_thalictri,https://inaturalist-open-data.s3.amazonaws.com/photos/251145255/medium.jpg,cc-by-nc,"(c) cossus, some rights reserved (CC BY-NC)",Calyptra thalictri,Calyptra thalictri,Q75M,Calyptra thalictri,Calyptra thalictri,variant,,,Eukaryota|Animalia|Arthropoda|Hexapoda|Insecta|Lepidoptera|Noctuoidea|Erebidae|Calpinae|Calyptra|Calyptra thalictri,,species,species,Catalogue of Life,1,Eukaryota,Animalia,Arthropoda,Insecta,Lepidoptera,Erebidae,Calyptra,accepted,variant,Q75M,315834,10.48580/dgykv,https://www.checklistbank.org/dataset/315834,Catalogue of Life 2026-07-17 XR
species,803953,Campanula orbelica,species,,Plantae,1,41,,https://inaturalist-open-data.s3.amazonaws.com/photos/2709194/medium.jpg,cc-by-nc,"(c) alderash, some rights reserved (CC BY-NC), uploaded by alderash",Campanula orbelica,Campanula orbelica,QBNH,Campanula orbelica,Campanula orbelica,variant,,,Eukaryota|Plantae|Pteridobiotina|Tracheophyta|Magnoliopsida|Asterales|Campanulaceae|Campanuloideae|Campanuleae|Campanula|Campanula orbelica,,species,species,Catalogue of Life,1,Eukaryota,Plantae,Tracheophyta,Magnoliopsida,Asterales,Campanulaceae,Campanula,accepted,variant,QBNH,315834,10.48580/dgykv,https://www.checklistbank.org/dataset/315834,Catalogue of Life 2026-07-17 XR
species,159763,Campanula patula,species,Spreading Bellflower,Plantae,1,30662,https://en.wikipedia.org/wiki/Campanula_patula,https://inaturalist-open-data.s3.amazonaws.com/photos/13275284/medium.jpg,cc-by-nc-sa,"(c) Juha Haataja, some rights reserved (CC BY-NC-SA)",Campanula patula,Campanula patula,QBPG,Campanula patula,Campanula patula,variant,,,Eukaryota|Plantae|Pteridobiotina|Tracheophyta|Magnoliopsida|Asterales|Campanulaceae|Campanuloideae|Campanuleae|Campanula|Campanula patula,,species,species,Catalogue of Life,1,Eukaryota,Plantae,Tracheophyta,Magnoliopsida,Asterales,Campanulaceae,Campanula,accepted,variant,QBPG,315834,10.48580/dgykv,https://www.checklistbank.org/dataset/315834,Catalogue of Life 2026-07-17 XR
species,338086,Camponotus ligniperda,species,Brown-black Carpenter Ant,Insecta,1,6286,https://en.wikipedia.org/wiki/Camponotus_ligniperda,https://inaturalist-open-data.s3.amazonaws.com/photos/123006730/medium.jpg,cc-by-nc,"(c) Quentin Gaillard, some rights reserved (CC BY-NC), uploaded by Quentin Gaillard",Camponotus (Camponotus) ligniperda,Camponotus (Camponotus) ligniperda,VMT36,Camponotus ligniperda,Camponotus (Camponotus) ligniperda,variant,,,Eukaryota|Animalia|Arthropoda|Hexapoda|Insecta|Hymenoptera|Apocrita|Aculeata|Formicoidea|Formicidae|Formicinae|Camponotini|Camponotus|Camponotus (Camponotus)|Camponotus (Camponotus) ligniperda,,species,species,Catalogue of Life,1,Eukaryota,Animalia,Arthropoda,Insecta,Hymenoptera,Formicidae,Camponotus,accepted,variant,VMT36,315834,10.48580/dgykv,https://www.checklistbank.org/dataset/315834,Catalogue of Life 2026-07-17 XR
species,159776,Campylium stellatum,species,Yellow Starry Fen Moss,Plantae,1,801,https://en.wikipedia.org/wiki/Campylium_stellatum,https://inaturalist-open-data.s3.amazonaws.com/photos/430372332/medium.jpeg,cc-by-nc,"(c) A Emmerson, some rights reserved (CC BY-NC), uploaded by A Emmerson",Campylium stellatum,Campylium stellatum,9L66D,Campylium stellatum,Campylium stellatum,variant,,,Eukaryota|Plantae|Bryobiotina|Bryophyta|Bryopsida|Bryidae|Hypnanae|Hypnales|Amblystegiaceae|Campylium|Campylium stellatum,,species,species,Catalogue of Life,1,Eukaryota,Plantae,Bryophyta,Bryopsida,Hypnales,Amblystegiaceae,Campylium,accepted,variant,9L66D,315834,10.48580/dgykv,https://www.checklistbank.org/dataset/315834,Catalogue of Life 2026-07-17 XR
species,96735,Carabus intricatus,species,Blue Ground Beetle,Insecta,1,5712,https://en.wikipedia.org/wiki/Carabus_intricatus,https://static.inaturalist.org/photos/285184975/medium.jpg,,"(c) Olivier Clerc, all rights reserved, uploaded by Olivier Clerc",Carabus (Chaetocarabus) intricatus,Carabus (Chaetocarabus) intricatus,5WYRC,Carabus intricatus,Carabus (Chaetocarabus) intricatus,variant,,,Eukaryota|Animalia|Arthropoda|Hexapoda|Insecta|Coleoptera|Adephaga|Carabidae|Carabinae|Carabini|Carabina|Carabus|Carabus (Chaetocarabus)|Carabus (Chaetocarabus) intricatus,,species,species,Catalogue of Life,1,Eukaryota,Animalia,Arthropoda,Insecta,Coleoptera,Carabidae,Carabus,accepted,variant,5WYRC,315834,10.48580/dgykv,https://www.checklistbank.org/dataset/315834,Catalogue of Life 2026-07-17 XR
species,742835,Carabus croaticus,species,,Insecta,1,29,,https://inaturalist-open-data.s3.amazonaws.com/photos/331222423/medium.jpg,cc-by-nc,"(c) Zdeněk Hanč, some rights reserved (CC BY-NC), uploaded by Zdeněk Hanč",Carabus (Megodontus) croaticus,Carabus (Megodontus) croaticus,68Z6L,Carabus croaticus,Carabus (Megodontus) croaticus,variant,,,Eukaryota|Animalia|Arthropoda|Hexapoda|Insecta|Coleoptera|Adephaga|Carabidae|Carabinae|Carabini|Carabina|Carabus|Carabus (Megodontus)|Carabus (Megodontus) croaticus,,species,species,Catalogue of Life,1,Eukaryota,Animalia,Arthropoda,Insecta,Coleoptera,Carabidae,Carabus,accepted,variant,68Z6L,315834,10.48580/dgykv,https://www.checklistbank.org/dataset/315834,Catalogue of Life 2026-07-17 XR
species,515433,Cardamine glauca,species,,Plantae,1,41,,https://inaturalist-open-data.s3.amazonaws.com/photos/34964129/medium.jpeg,cc-by-nc,"(c) Luciano Arcorace, some rights reserved (CC BY-NC), uploaded by Luciano Arcorace",Cardamine glauca,Cardamine glauca,5WZMR,Cardamine glauca,Cardamine glauca,variant,,,Eukaryota|Plantae|Pteridobiotina|Tracheophyta|Magnoliopsida|Capparales|Brassicaceae|Brassicoideae|Cardamineae|Cardamine|Cardamine glauca,,species,species,Catalogue of Life,1,Eukaryota,Plantae,Tracheophyta,Magnoliopsida,Capparales,Brassicaceae,Cardamine,accepted,variant,5WZMR,315834,10.48580/dgykv,https://www.checklistbank.org/dataset/315834,Catalogue of Life 2026-07-17 XR
species,129287,Carex ferruginea,species,Rust-coloured Sedge,Plantae,1,182,https://en.wikipedia.org/wiki/Carex_ferruginea,https://inaturalist-open-data.s3.amazonaws.com/photos/82631618/medium.jpeg,cc-by,"(c) Étienne Léveillé-Bourret, some rights reserved (CC BY), uploaded by Étienne Léveillé-Bourret",Carex ferruginea,Carex ferruginea,R989,Carex ferruginea,Carex ferruginea,variant,,,Eukaryota|Plantae|Pteridobiotina|Tracheophyta|Liliopsida|Poales|Cyperaceae|Carex|Carex ferruginea,,species,species,Catalogue of Life,1,Eukaryota,Plantae,Tracheophyta,Liliopsida,Poales,Cyperaceae,Carex,accepted,variant,R989,315834,10.48580/dgykv,https://www.checklistbank.org/dataset/315834,Catalogue of Life 2026-07-17 XR
species,56299,Carlina acaulis,species,Silver Thistle,Plantae,3,12537,http://en.wikipedia.org/wiki/Carlina_acaulis,https://inaturalist-open-data.s3.amazonaws.com/photos/5200445/medium.jpg,cc-by-sa,"(c) Udo Schmidt, some rights reserved (CC BY-SA)",Carlina acaulis,Carlina acaulis,5XC3H,Carlina acaulis,Carlina acaulis,variant,,,Eukaryota|Plantae|Pteridobiotina|Tracheophyta|Magnoliopsida|Asterales|Asteraceae|Carduoideae|Cardueae|Carlininae|Carlina|Carlina acaulis,,species,species,Catalogue of Life,1,Eukaryota,Plantae,Tracheophyta,Magnoliopsida,Asterales,Asteraceae,Carlina,accepted,variant,5XC3H,315834,10.48580/dgykv,https://www.checklistbank.org/dataset/315834,Catalogue of Life 2026-07-17 XR
species,56236,Centaurium erythraea,species,Common centaury,Plantae,1,29419,http://en.wikipedia.org/wiki/Centaurium_erythraea,https://inaturalist-open-data.s3.amazonaws.com/photos/606419153/medium.jpg,cc-by-nc-sa,"(c) Hans Hillewaert, some rights reserved (CC BY-NC-SA), uploaded by Hans Hillewaert",Centaurium erythraea,Centaurium erythraea,69GFC,Centaurium erythraea,Centaurium erythraea,variant,,,Eukaryota|Plantae|Pteridobiotina|Tracheophyta|Magnoliopsida|Gentianales|Gentianaceae|Chironieae|Chironiinae|Centaurium|Centaurium erythraea,,species,species,Catalogue of Life,1,Eukaryota,Plantae,Tracheophyta,Magnoliopsida,Gentianales,Gentianaceae,Centaurium,accepted,variant,69GFC,315834,10.48580/dgykv,https://www.checklistbank.org/dataset/315834,Catalogue of Life 2026-07-17 XR
species,144185,Cerastium alpinum,species,Alpine Mouse-ear,Plantae,1,3239,http://en.wikipedia.org/wiki/Cerastium_alpinum,https://inaturalist-open-data.s3.amazonaws.com/photos/1148569/medium.jpg,cc-by-nc,"(c) Kari Pihlaviita, some rights reserved (CC BY-NC)",Cerastium alpinum,Cerastium alpinum,SK2M,Cerastium alpinum,Cerastium alpinum,variant,,,Eukaryota|Plantae|Pteridobiotina|Tracheophyta|Magnoliopsida|Caryophyllales|Caryophyllaceae|Alsineae|Cerastium|Cerastium alpinum,,species,species,Catalogue of Life,1,Eukaryota,Plantae,Tracheophyta,Magnoliopsida,Caryophyllales,Caryophyllaceae,Cerastium,accepted,variant,SK2M,315834,10.48580/dgykv,https://www.checklistbank.org/dataset/315834,Catalogue of Life 2026-07-17 XR
species,564969,Chamaenerion angustifolium,species,fireweed,Plantae,3,164370,https://en.wikipedia.org/wiki/Chamaenerion_angustifolium,https://inaturalist-open-data.s3.amazonaws.com/photos/619007051/medium.jpg,cc-by-nc,"(c) Jørgen Møller, alcuni diritti riservati (CC BY-NC), caricata da Jørgen Møller",Chamaenerion angustifolium,Chamaenerion angustifolium,7NFK8,Chamaenerion angustifolium,Chamaenerion angustifolium,variant,,,Eukaryota|Plantae|Pteridobiotina|Tracheophyta|Magnoliopsida|Myrtales|Onagraceae|Onagroideae|Epilobieae|Chamaenerion|Chamaenerion angustifolium,,species,species,Catalogue of Life,1,Eukaryota,Plantae,Tracheophyta,Magnoliopsida,Myrtales,Onagraceae,Chamaenerion,accepted,variant,7NFK8,315834,10.48580/dgykv,https://www.checklistbank.org/dataset/315834,Catalogue of Life 2026-07-17 XR
species,777116,Chamaesphecia empiformis,species,cypress spurge clearwing,Insecta,1,549,https://en.wikipedia.org/wiki/Chamaesphecia_empiformis,https://inaturalist-open-data.s3.amazonaws.com/photos/200991145/medium.jpg,cc-by-nc,"(c) Giuseppe Molinari, some rights reserved (CC BY-NC), uploaded by Giuseppe Molinari",Chamaesphecia (Chamaesphecia) empiformis,Chamaesphecia (Chamaesphecia) empiformis,93X2Y,Chamaesphecia empiformis,Chamaesphecia (Chamaesphecia) empiformis,variant,,,Eukaryota|Animalia|Arthropoda|Hexapoda|Insecta|Lepidoptera|Cossoidea|Sesiidae|Sesiinae|Synanthedonini|Chamaesphecia|Chamaesphecia (Chamaesphecia)|Chamaesphecia (Chamaesphecia) empiformis,,species,species,Catalogue of Life,1,Eukaryota,Animalia,Arthropoda,Insecta,Lepidoptera,Sesiidae,Chamaesphecia,accepted,variant,93X2Y,315834,10.48580/dgykv,https://www.checklistbank.org/dataset/315834,Catalogue of Life 2026-07-17 XR
species,717938,Chrysolina limbata,species,,Insecta,1,270,,https://static.inaturalist.org/photos/148825826/medium.jpg,,"(c) fauna_mirifica, all rights reserved, uploaded by fauna_mirifica",Chrysolina limbata,Chrysolina limbata,MRT86,Chrysolina limbata,Chrysolina limbata,variant,,,Eukaryota|Animalia|Arthropoda|Hexapoda|Insecta|Coleoptera|Polyphaga|Cucujiformia|Chrysomeloidea|Chrysomelidae|Chrysomelinae|Chrysomelini|Chrysolina|Chrysolina limbata,,species,species,Catalogue of Life,1,Eukaryota,Animalia,Arthropoda,Insecta,Coleoptera,Chrysomelidae,Chrysolina,accepted,variant,MRT86,315834,10.48580/dgykv,https://www.checklistbank.org/dataset/315834,Catalogue of Life 2026-07-17 XR
species,130143,Cicindela campestris,species,Green Tiger Beetle,Insecta,1,18098,http://en.wikipedia.org/wiki/Cicindela_campestris,https://inaturalist-open-data.s3.amazonaws.com/photos/33233620/medium.jpg,cc-by-nc-nd,"(c) Glenn Costello, some rights reserved (CC BY-NC-ND), uploaded by Glenn Costello",Cicindela (Cicindela) campestris,Cicindela (Cicindela) campestris,V88V,Cicindela campestris,Cicindela (Cicindela) campestris,variant,,,Eukaryota|Animalia|Arthropoda|Hexapoda|Insecta|Coleoptera|Adephaga|Carabidae|Cicindelinae|Cicindelini|Cicindelina|Cicindela|Cicindela (Cicindela)|Cicindela (Cicindela) campestris,,species,species,Catalogue of Life,1,Eukaryota,Animalia,Arthropoda,Insecta,Coleoptera,Carabidae,Cicindela,accepted,variant,V88V,315834,10.48580/dgykv,https://www.checklistbank.org/dataset/315834,Catalogue of Life 2026-07-17 XR
species,160697,Clematis vitalba,species,Old man's beard,Plantae,1,49849,http://en.wikipedia.org/wiki/Clematis_vitalba,https://inaturalist-open-data.s3.amazonaws.com/photos/218591388/medium.jpeg,cc-by,"(c) Alexis Tinker-Tsavalas, some rights reserved (CC BY), uploaded by Alexis Tinker-Tsavalas",Clematis vitalba,Clematis vitalba,VYJ3,Clematis vitalba,Clematis vitalba,variant,,,Eukaryota|Plantae|Pteridobiotina|Tracheophyta|Magnoliopsida|Ranunculales|Ranunculaceae|Ranunculoideae|Anemoneae|Clematis|Clematis vitalba,,species,species,Catalogue of Life,1,Eukaryota,Plantae,Tracheophyta,Magnoliopsida,Ranunculales,Ranunculaceae,Clematis,accepted,variant,VYJ3,315834,10.48580/dgykv,https://www.checklistbank.org/dataset/315834,Catalogue of Life 2026-07-17 XR
species,327227,Clinopodium alpinum,species,Rock Thyme,Plantae,3,6521,https://en.wikipedia.org/wiki/Clinopodium_alpinum,https://static.inaturalist.org/photos/93728178/medium.jpg,,"(c) Thomas Eicher, all rights reserved, uploaded by Thomas Eicher",Clinopodium alpinum,Clinopodium alpinum,W6NN,Clinopodium alpinum,Clinopodium alpinum,variant,,,Eukaryota|Plantae|Pteridobiotina|Tracheophyta|Magnoliopsida|Lamiales|Lamiaceae|Nepetoideae|Mentheae|Menthinae|Clinopodium|Clinopodium alpinum,,species,species,Catalogue of Life,1,Eukaryota,Plantae,Tracheophyta,Magnoliopsida,Lamiales,Lamiaceae,Clinopodium,accepted,variant,W6NN,315834,10.48580/dgykv,https://www.checklistbank.org/dataset/315834,Catalogue of Life 2026-07-17 XR
species,132997,Boloria euphrosyne,species,Pearl-bordered Fritillary,Insecta,3,9232,http://en.wikipedia.org/wiki/Pearl-bordered_fritillary,https://inaturalist-open-data.s3.amazonaws.com/photos/4002503/medium.jpg,cc-by-nc-sa,"(c) Anne SORBES, some rights reserved (CC BY-NC-SA)",Clossiana euphrosyne,Clossiana euphrosyne,5ZDHF,Boloria euphrosyne,Clossiana euphrosyne,variant,,,Eukaryota|Animalia|Arthropoda|Hexapoda|Insecta|Lepidoptera|Papilionoidea|Nymphalidae|Heliconiinae|Heliconiini|Clossiana|Clossiana euphrosyne,,species,species,Catalogue of Life,1,Eukaryota,Animalia,Arthropoda,Insecta,Lepidoptera,Nymphalidae,Clossiana,synonym,variant,5ZDHF,315834,10.48580/dgykv,https://www.checklistbank.org/dataset/315834,Catalogue of Life 2026-07-17 XR
species,51702,Coccinella septempunctata,species,Seven-spotted Lady Beetle,Insecta,2,301899,http://en.wikipedia.org/wiki/Coccinella_septempunctata,https://inaturalist-open-data.s3.amazonaws.com/photos/267168450/medium.jpg,cc-by-nc,"(c) Thomas Shahan, some rights reserved (CC BY-NC), uploaded by Thomas Shahan",Coccinella septempunctata,Coccinella septempunctata,N2HSP,Coccinella septempunctata,Coccinella septempunctata,variant,,,Eukaryota|Animalia|Arthropoda|Hexapoda|Insecta|Coleoptera|Polyphaga|Cucujiformia|Coccinelloidea|Coccinellidae|Coccinellinae|Coccinellini|Coccinella|Coccinella septempunctata,,species,species,Catalogue of Life,1,Eukaryota,Animalia,Arthropoda,Insecta,Coleoptera,Coccinellidae,Coccinella,accepted,variant,N2HSP,315834,10.48580/dgykv,https://www.checklistbank.org/dataset/315834,Catalogue of Life 2026-07-17 XR
species,52589,Coenonympha pamphilus,species,Small Heath,Insecta,2,65959,http://en.wikipedia.org/wiki/Small_heath_(butterfly),https://static.inaturalist.org/photos/189092456/medium.jpeg,,"(c) ruimvs, all rights reserved, uploaded by ruimvs",Coenonympha pamphilus,Coenonympha pamphilus,5ZJCN,Coenonympha pamphilus,Coenonympha pamphilus,variant,,,Eukaryota|Animalia|Arthropoda|Hexapoda|Insecta|Lepidoptera|Papilionoidea|Nymphalidae|Satyrinae|Satyrini|Coenonympha|Coenonympha pamphilus,,species,species,Catalogue of Life,1,Eukaryota,Animalia,Arthropoda,Insecta,Lepidoptera,Nymphalidae,Coenonympha,accepted,variant,5ZJCN,315834,10.48580/dgykv,https://www.checklistbank.org/dataset/315834,Catalogue of Life 2026-07-17 XR
species,284831,Combretum indicum,species,Rangoon Creeper,Plantae,1,9770,https://en.wikipedia.org/wiki/Combretum_indicum,https://inaturalist-open-data.s3.amazonaws.com/photos/912077/medium.JPG,cc-by-nc-nd,"(c) Sunnetchan, some rights reserved (CC BY-NC-ND), uploaded by Sunnetchan",Combretum indicum,Combretum indicum,9K27M,Combretum indicum,Combretum indicum,variant,,,Eukaryota|Plantae|Pteridobiotina|Tracheophyta|Magnoliopsida|Myrtales|Combretaceae|Combretoideae|Combreteae|Combretinae|Combretum|Combretum indicum,,species,species,Catalogue of Life,1,Eukaryota,Plantae,Tracheophyta,Magnoliopsida,Myrtales,Combretaceae,Combretum,accepted,variant,9K27M,315834,10.48580/dgykv,https://www.checklistbank.org/dataset/315834,Catalogue of Life 2026-07-17 XR
species,56318,Coprinellus micaceus,species,mica cap,Fungi,1,56486,http://en.wikipedia.org/wiki/Coprinellus_micaceus,https://static.inaturalist.org/photos/200982305/medium.jpg,,"(c) Autumn, all rights reserved, uploaded by Autumn",Coprinellus micaceus,Coprinellus micaceus,Y557,Coprinellus micaceus,Coprinellus micaceus,variant,,,Eukaryota|Fungi|Basidiomycota|Agaricomycetes|Agaricales|Psathyrellaceae|Coprinellus|Coprinellus micaceus,,species,species,Catalogue of Life,1,Eukaryota,Fungi,Basidiomycota,Agaricomycetes,Agaricales,Psathyrellaceae,Coprinellus,accepted,variant,Y557,315834,10.48580/dgykv,https://www.checklistbank.org/dataset/315834,Catalogue of Life 2026-07-17 XR
species,26904,Coronella austriaca,species,Smooth Snake,Reptilia,2,12346,http://en.wikipedia.org/wiki/Coronella_austriaca,https://inaturalist-open-data.s3.amazonaws.com/photos/47609662/medium.jpg,cc-by-nc,"(c) Daniel Branch, some rights reserved (CC BY-NC), uploaded by Daniel Branch",Coronella austriaca,Coronella austriaca,YH2R,Coronella austriaca,Coronella austriaca,variant,,,Eukaryota|Animalia|Chordata|Vertebrata|Gnathostomata|Osteichthyes|Tetrapoda|Reptilia|Squamata|Serpentes|Alethinophidia|Colubridae|Colubrinae|Coronella|Coronella austriaca,,species,species,Catalogue of Life,1,Eukaryota,Animalia,Chordata,Reptilia,Squamata,Colubridae,Coronella,accepted,variant,YH2R,315834,10.48580/dgykv,https://www.checklistbank.org/dataset/315834,Catalogue of Life 2026-07-17 XR
species,144757,Corvus cornix,species,Hooded Crow,Aves,1,142081,http://en.wikipedia.org/wiki/Hooded_crow,https://inaturalist-open-data.s3.amazonaws.com/photos/114176979/medium.jpg,cc-by-sa,"(c) hedera.baltica, some rights reserved (CC BY-SA)",Corvus cornix,Corvus cornix,YNHH,Corvus cornix,Corvus cornix,variant,,,Eukaryota|Animalia|Chordata|Vertebrata|Gnathostomata|Osteichthyes|Tetrapoda|Aves|Passeriformes|Corvidae|Corvus|Corvus cornix,,species,species,Catalogue of Life,1,Eukaryota,Animalia,Chordata,Aves,Passeriformes,Corvidae,Corvus,accepted,variant,YNHH,315834,10.48580/dgykv,https://www.checklistbank.org/dataset/315834,Catalogue of Life 2026-07-17 XR
species,346044,Crocus scardicus,species,,Plantae,9,32,https://en.wikipedia.org/wiki/Crocus_scardicus,https://static.inaturalist.org/photos/110954885/medium.jpeg,,"(c) Marko Doboš, all rights reserved, uploaded by Marko Doboš",Crocus scardicus,Crocus scardicus,ZL2W,Crocus scardicus,Crocus scardicus,variant,,,Eukaryota|Plantae|Pteridobiotina|Tracheophyta|Liliopsida|Asparagales|Iridaceae|Crocus|Crocus scardicus,,species,species,Catalogue of Life,1,Eukaryota,Plantae,Tracheophyta,Liliopsida,Asparagales,Iridaceae,Crocus,accepted,variant,ZL2W,315834,10.48580/dgykv,https://www.checklistbank.org/dataset/315834,Catalogue of Life 2026-07-17 XR
species,346041,Crocus veluchensis,species,,Plantae,4,261,https://en.wikipedia.org/wiki/Crocus_veluchensis,https://static.inaturalist.org/photos/9518750/medium.jpg,,"(c) Taewoo Kim, all rights reserved",Crocus veluchensis,Crocus veluchensis,ZL4H,Crocus veluchensis,Crocus veluchensis,variant,,,Eukaryota|Plantae|Pteridobiotina|Tracheophyta|Liliopsida|Asparagales|Iridaceae|Crocus|Crocus veluchensis,,species,species,Catalogue of Life,1,Eukaryota,Plantae,Tracheophyta,Liliopsida,Asparagales,Iridaceae,Crocus,accepted,variant,ZL4H,315834,10.48580/dgykv,https://www.checklistbank.org/dataset/315834,Catalogue of Life 2026-07-17 XR
species,1289484,Curruca curruca,species,Lesser Whitethroat,Aves,1,17827,https://en.wikipedia.org/wiki/Lesser_whitethroat,https://inaturalist-open-data.s3.amazonaws.com/photos/198608809/medium.jpg,cc-by-nc,"(c) Евгений Гурьевских, some rights reserved (CC BY-NC), uploaded by Евгений Гурьевских",Curruca curruca,Curruca curruca,DDBMF,Curruca curruca,Curruca curruca,variant,,,Eukaryota|Animalia|Chordata|Vertebrata|Gnathostomata|Osteichthyes|Tetrapoda|Aves|Passeriformes|Sylviidae|Curruca|Curruca curruca,,species,species,Catalogue of Life,1,Eukaryota,Animalia,Chordata,Aves,Passeriformes,Sylviidae,Curruca,accepted,variant,DDBMF,315834,10.48580/dgykv,https://www.checklistbank.org/dataset/315834,Catalogue of Life 2026-07-17 XR
species,62439,Cyaniris semiargus,species,Mazarine Blue,Insecta,2,13172,http://en.wikipedia.org/wiki/Polyommatus_semiargus,https://inaturalist-open-data.s3.amazonaws.com/photos/9680962/medium.jpeg,cc-by-sa,"(c) purperlibel, some rights reserved (CC BY-SA), uploaded by purperlibel",Cyaniris semiargus,Cyaniris semiargus,32NGW,Cyaniris semiargus,Cyaniris semiargus,variant,,,Eukaryota|Animalia|Arthropoda|Hexapoda|Insecta|Lepidoptera|Papilionoidea|Lycaenidae|Polyommatinae|Polyommatini|Cyaniris|Cyaniris semiargus,,species,species,Catalogue of Life,1,Eukaryota,Animalia,Arthropoda,Insecta,Lepidoptera,Lycaenidae,Cyaniris,accepted,variant,32NGW,315834,10.48580/dgykv,https://www.checklistbank.org/dataset/315834,Catalogue of Life 2026-07-17 XR
species,144849,Cyanistes caeruleus,species,Eurasian Blue Tit,Aves,1,163566,http://en.wikipedia.org/wiki/Eurasian_blue_tit,https://inaturalist-open-data.s3.amazonaws.com/photos/41677354/medium.jpeg,cc-by-nc,"(c) rorygardner79, some rights reserved (CC BY-NC)",Cyanistes caeruleus,Cyanistes caeruleus,32NH2,Cyanistes caeruleus,Cyanistes caeruleus,variant,,,Eukaryota|Animalia|Chordata|Vertebrata|Gnathostomata|Osteichthyes|Tetrapoda|Aves|Passeriformes|Paridae|Cyanistes|Cyanistes caeruleus,,species,species,Catalogue of Life,1,Eukaryota,Animalia,Chordata,Aves,Passeriformes,Paridae,Cyanistes,accepted,variant,32NH2,315834,10.48580/dgykv,https://www.checklistbank.org/dataset/315834,Catalogue of Life 2026-07-17 XR
species,337956,Cystoderma amianthinum,species,Earthy Powdercap,Fungi,1,4947,http://en.wikipedia.org/wiki/Cystoderma_amianthinum,https://inaturalist-open-data.s3.amazonaws.com/photos/13067326/medium.jpeg,cc-by-sa,"(c) mycowalt, some rights reserved (CC BY-SA), uploaded by mycowalt",Cystoderma amianthinum,Cystoderma amianthinum,6BY6D,Cystoderma amianthinum,Cystoderma amianthinum,variant,,,Eukaryota|Fungi|Basidiomycota|Agaricomycetes|Agaricales|Agaricaceae|Cystoderma|Cystoderma amianthinum,,species,species,Catalogue of Life,1,Eukaryota,Fungi,Basidiomycota,Agaricomycetes,Agaricales,Agaricaceae,Cystoderma,accepted,variant,6BY6D,315834,10.48580/dgykv,https://www.checklistbank.org/dataset/315834,Catalogue of Life 2026-07-17 XR
species,58755,Cystopteris fragilis,species,brittle bladderfern,Plantae,1,23154,http://en.wikipedia.org/wiki/Cystopteris_fragilis,https://inaturalist-open-data.s3.amazonaws.com/photos/76902942/medium.jpg,cc-by-nc,"(c) Muriel Bendel, some rights reserved (CC BY-NC), uploaded by Muriel Bendel",Cystopteris fragilis,Cystopteris fragilis,33PZC,Cystopteris fragilis,Cystopteris fragilis,variant,,,Eukaryota|Plantae|Pteridobiotina|Tracheophyta|Polypodiopsida|Polypodiales|Cystopteridaceae|Cystopteris|Cystopteris fragilis,,species,species,Catalogue of Life,1,Eukaryota,Plantae,Tracheophyta,Polypodiopsida,Polypodiales,Cystopteridaceae,Cystopteris,accepted,variant,33PZC,315834,10.48580/dgykv,https://www.checklistbank.org/dataset/315834,Catalogue of Life 2026-07-17 XR
species,436179,Dactylorhiza cordigera,species,,Plantae,2,233,,https://inaturalist-open-data.s3.amazonaws.com/photos/1966811/medium.jpg,cc-by-nc,"(c) Paul Cools, some rights reserved (CC BY-NC), uploaded by Paul Cools",Dactylorhiza majalis subsp. cordigera,Dactylorhiza majalis subsp. cordigera,7YHFF,Dactylorhiza cordigera,Dactylorhiza majalis subsp. cordigera,variant,,,Eukaryota|Plantae|Pteridobiotina|Tracheophyta|Liliopsida|Asparagales|Orchidaceae|Dactylorhiza|Dactylorhiza majalis|Dactylorhiza majalis subsp. cordigera,,species,subspecies,Catalogue of Life,1,Eukaryota,Plantae,Tracheophyta,Liliopsida,Asparagales,Orchidaceae,Dactylorhiza,synonym,variant,7YHFF,315834,10.48580/dgykv,https://www.checklistbank.org/dataset/315834,Catalogue of Life 2026-07-17 XR
species,60885,Dactylorhiza sambucina,species,Elder-flowered Orchid,Plantae,9,12064,https://en.wikipedia.org/wiki/Dactylorhiza_sambucina,https://inaturalist-open-data.s3.amazonaws.com/photos/140277/medium.jpg,cc-by-nc-nd,"(c) Emilio, some rights reserved (CC BY-NC-ND)",Dactylorhiza sambucina,Dactylorhiza sambucina,33WMV,Dactylorhiza sambucina,Dactylorhiza sambucina,variant,,,Eukaryota|Plantae|Pteridobiotina|Tracheophyta|Liliopsida|Asparagales|Orchidaceae|Dactylorhiza|Dactylorhiza sambucina,,species,species,Catalogue of Life,1,Eukaryota,Plantae,Tracheophyta,Liliopsida,Asparagales,Orchidaceae,Dactylorhiza,accepted,variant,33WMV,315834,10.48580/dgykv,https://www.checklistbank.org/dataset/315834,Catalogue of Life 2026-07-17 XR
species,133034,Daphne mezereum,species,Mezereon,Plantae,2,28320,http://en.wikipedia.org/wiki/Daphne_mezereum,https://inaturalist-open-data.s3.amazonaws.com/photos/76021443/medium.jpeg,cc-by-nc,"(c) Lola Smirnova, some rights reserved (CC BY-NC), uploaded by Lola Smirnova",Daphne mezereum,Daphne mezereum,344W3,Daphne mezereum,Daphne mezereum,variant,,,Eukaryota|Plantae|Pteridobiotina|Tracheophyta|Magnoliopsida|Malvales|Thymelaeaceae|Thymelaeoideae|Daphne|Daphne mezereum,,species,species,Catalogue of Life,1,Eukaryota,Plantae,Tracheophyta,Magnoliopsida,Malvales,Thymelaeaceae,Daphne,accepted,variant,344W3,315834,10.48580/dgykv,https://www.checklistbank.org/dataset/315834,Catalogue of Life 2026-07-17 XR
species,64705,Delichon urbicum,species,Western House Martin,Aves,1,37160,http://en.wikipedia.org/wiki/Common_house_martin,https://inaturalist-open-data.s3.amazonaws.com/photos/370662370/medium.jpg,cc-by-nc-nd,"(c) Thomas Landgren, some rights reserved (CC BY-NC-ND)",Delichon urbicum,Delichon urbicum,34GHX,Delichon urbicum,Delichon urbicum,variant,,,Eukaryota|Animalia|Chordata|Vertebrata|Gnathostomata|Osteichthyes|Tetrapoda|Aves|Passeriformes|Hirundinidae|Delichon|Delichon urbicum,,species,species,Catalogue of Life,1,Eukaryota,Animalia,Chordata,Aves,Passeriformes,Hirundinidae,Delichon,accepted,variant,34GHX,315834,10.48580/dgykv,https://www.checklistbank.org/dataset/315834,Catalogue of Life 2026-07-17 XR
species,327167,Dicranocephalus agilis,species,Portland Spurgebug,Insecta,1,1786,,https://static.inaturalist.org/photos/45009019/medium.jpg,,"(c) Konstantinos Kalaentzis, all rights reserved, uploaded by Konstantinos Kalaentzis",Dicranocephalus agilis,Dicranocephalus agilis,35R7W,Dicranocephalus agilis,Dicranocephalus agilis,variant,,,Eukaryota|Animalia|Arthropoda|Hexapoda|Insecta|Hemiptera|Heteroptera|Pentatomomorpha|Coreoidea|Stenocephalidae|Dicranocephalus|Dicranocephalus agilis,,species,species,Catalogue of Life,1,Eukaryota,Animalia,Arthropoda,Insecta,Hemiptera,Stenocephalidae,Dicranocephalus,accepted,variant,35R7W,315834,10.48580/dgykv,https://www.checklistbank.org/dataset/315834,Catalogue of Life 2026-07-17 XR
species,1092831,Dorcadion ljubetense,species,,Insecta,1,20,https://en.wikipedia.org/wiki/Dorcadion_ljubetense,https://inaturalist-open-data.s3.amazonaws.com/photos/376717558/medium.jpeg,cc-by-nc,"(c) Martin Rejzek, some rights reserved (CC BY-NC), uploaded by Martin Rejzek",Dorcadion (Cribridorcadion) ljubetense,Dorcadion (Cribridorcadion) ljubetense,6DGRW,Dorcadion ljubetense,Dorcadion (Cribridorcadion) ljubetense,variant,,,Eukaryota|Animalia|Arthropoda|Hexapoda|Insecta|Coleoptera|Polyphaga|Cucujiformia|Chrysomeloidea|Cerambycidae|Lamiinae|Dorcadionini|Dorcadion|Dorcadion (Cribridorcadion)|Dorcadion (Cribridorcadion) ljubetense,,species,species,Catalogue of Life,1,Eukaryota,Animalia,Arthropoda,Insecta,Coleoptera,Cerambycidae,Dorcadion,accepted,variant,6DGRW,315834,10.48580/dgykv,https://www.checklistbank.org/dataset/315834,Catalogue of Life 2026-07-17 XR
species,334189,Doronicum columnae,species,Eastern Leopard's-bane,Plantae,1,1069,,https://inaturalist-open-data.s3.amazonaws.com/photos/119466594/medium.jpeg,cc-by-nc,"(c) Thomas Wrbka, some rights reserved (CC BY-NC), uploaded by Thomas Wrbka",Doronicum columnae,Doronicum columnae,37DTY,Doronicum columnae,Doronicum columnae,variant,,,Eukaryota|Plantae|Pteridobiotina|Tracheophyta|Magnoliopsida|Asterales|Asteraceae|Asteroideae|Doroniceae|Doronicum|Doronicum columnae,,species,species,Catalogue of Life,1,Eukaryota,Plantae,Tracheophyta,Magnoliopsida,Asterales,Asteraceae,Doronicum,accepted,variant,37DTY,315834,10.48580/dgykv,https://www.checklistbank.org/dataset/315834,Catalogue of Life 2026-07-17 XR
species,515685,Draba korabensis,species,,Plantae,1,2,,https://static.inaturalist.org/photos/111597398/medium.jpeg,,"(c) Marko Doboš, all rights reserved, uploaded by Marko Doboš",Draba korabensis,Draba korabensis,37J7T,Draba korabensis,Draba korabensis,variant,,,Eukaryota|Plantae|Pteridobiotina|Tracheophyta|Magnoliopsida|Capparales|Brassicaceae|Brassicoideae|Arabideae|Draba|Draba korabensis,,species,species,Catalogue of Life,1,Eukaryota,Plantae,Tracheophyta,Magnoliopsida,Capparales,Brassicaceae,Draba,accepted,variant,37J7T,315834,10.48580/dgykv,https://www.checklistbank.org/dataset/315834,Catalogue of Life 2026-07-17 XR
species,515661,Draba lasiocarpa,species,Woolly-fruited Whitlow-grass,Plantae,1,203,,https://inaturalist-open-data.s3.amazonaws.com/photos/34637322/medium.jpeg,cc-by-nc,"(c) sanca13, some rights reserved (CC BY-NC)",Draba lasiocarpa,Draba lasiocarpa,37J8D,Draba lasiocarpa,Draba lasiocarpa,variant,,,Eukaryota|Plantae|Pteridobiotina|Tracheophyta|Magnoliopsida|Capparales|Brassicaceae|Brassicoideae|Arabideae|Draba|Draba lasiocarpa,,species,species,Catalogue of Life,1,Eukaryota,Plantae,Tracheophyta,Magnoliopsida,Capparales,Brassicaceae,Draba,accepted,variant,37J8D,315834,10.48580/dgykv,https://www.checklistbank.org/dataset/315834,Catalogue of Life 2026-07-17 XR
species,162087,Drepanocladus sendtneri,species,,Plantae,1,10,,https://inaturalist-open-data.s3.amazonaws.com/photos/288118603/medium.jpg,cc-by-nc,"(c) michael-lueth, some rights reserved (CC BY-NC)",Drepanocladus sendtneri,Drepanocladus sendtneri,VJRJG,Drepanocladus sendtneri,Drepanocladus sendtneri,variant,,,Eukaryota|Plantae|Bryobiotina|Bryophyta|Bryopsida|Bryidae|Hypnanae|Hypnales|Amblystegiaceae|Drepanocladus|Drepanocladus sendtneri,,species,species,Catalogue of Life,1,Eukaryota,Plantae,Bryophyta,Bryopsida,Hypnales,Amblystegiaceae,Drepanocladus,accepted,variant,VJRJG,315834,10.48580/dgykv,https://www.checklistbank.org/dataset/315834,Catalogue of Life 2026-07-17 XR
species,83541,Dryas octopetala,species,Eight-petal Mountain-Avens,Plantae,8,13884,http://en.wikipedia.org/wiki/Dryas_octopetala,https://inaturalist-open-data.s3.amazonaws.com/photos/65287013/medium.jpg,cc-by,"(c) William Stephens, some rights reserved (CC BY), uploaded by William Stephens",Dryas octopetala,Dryas octopetala,37TXV,Dryas octopetala,Dryas octopetala,variant,,,Eukaryota|Plantae|Pteridobiotina|Tracheophyta|Magnoliopsida|Rosales|Rosaceae|Dryadoideae|Dryas|Dryas octopetala,,species,species,Catalogue of Life,1,Eukaryota,Plantae,Tracheophyta,Magnoliopsida,Rosales,Rosaceae,Dryas,accepted,variant,37TXV,315834,10.48580/dgykv,https://www.checklistbank.org/dataset/315834,Catalogue of Life 2026-07-17 XR
species,333622,Edraianthus graminifolius,species,,Plantae,2,485,,https://inaturalist-open-data.s3.amazonaws.com/photos/77074778/medium.jpeg,cc-by-nc,"(c) Stefano Doglio, some rights reserved (CC BY-NC), uploaded by Stefano Doglio",Edraianthus graminifolius,Edraianthus graminifolius,8WBBS,Edraianthus graminifolius,Edraianthus graminifolius,variant,,,Eukaryota|Plantae|Pteridobiotina|Tracheophyta|Magnoliopsida|Asterales|Campanulaceae|Campanuloideae|Campanuleae|Edraianthus|Edraianthus graminifolius,,species,species,Catalogue of Life,1,Eukaryota,Plantae,Tracheophyta,Magnoliopsida,Asterales,Campanulaceae,Edraianthus,accepted,variant,8WBBS,315834,10.48580/dgykv,https://www.checklistbank.org/dataset/315834,Catalogue of Life 2026-07-17 XR
species,9195,Emberiza citrinella,species,Yellowhammer,Aves,3,58299,http://en.wikipedia.org/wiki/Yellowhammer,https://inaturalist-open-data.s3.amazonaws.com/photos/115890496/medium.jpg,cc-by-nc-sa,"(c) Pekka Malinen, some rights reserved (CC BY-NC-SA), uploaded by Pekka Malinen",Emberiza citrinella,Emberiza citrinella,39FSZ,Emberiza citrinella,Emberiza citrinella,variant,,,Eukaryota|Animalia|Chordata|Vertebrata|Gnathostomata|Osteichthyes|Tetrapoda|Aves|Passeriformes|Emberizidae|Emberiza|Emberiza citrinella,,species,species,Catalogue of Life,1,Eukaryota,Animalia,Chordata,Aves,Passeriformes,Emberizidae,Emberiza,accepted,variant,39FSZ,315834,10.48580/dgykv,https://www.checklistbank.org/dataset/315834,Catalogue of Life 2026-07-17 XR
species,461295,Encalypta streptocarpa,species,Spiral Extinguisher-moss,Plantae,1,2537,https://en.wikipedia.org/wiki/Encalypta_streptocarpa,https://inaturalist-open-data.s3.amazonaws.com/photos/181810759/medium.jpeg,cc-by-nc,"(c) Stefan Gey, some rights reserved (CC BY-NC), uploaded by Stefan Gey",Encalypta streptocarpa,Encalypta streptocarpa,39MSJ,Encalypta streptocarpa,Encalypta streptocarpa,variant,,,Eukaryota|Plantae|Bryobiotina|Bryophyta|Bryopsida|Funariidae|Encalyptales|Encalyptaceae|Encalypta|Encalypta streptocarpa,,species,species,Catalogue of Life,1,Eukaryota,Plantae,Bryophyta,Bryopsida,Encalyptales,Encalyptaceae,Encalypta,accepted,variant,39MSJ,315834,10.48580/dgykv,https://www.checklistbank.org/dataset/315834,Catalogue of Life 2026-07-17 XR
species,100282,Erebia epiphron,species,Mountain Ringlet,Insecta,1,1317,http://en.wikipedia.org/wiki/Small_mountain_ringlet,https://static.inaturalist.org/photos/152004578/medium.jpg,,"(c) Wayne Tucker, all rights reserved, uploaded by Wayne Tucker",Erebia epiphron,Erebia epiphron,6GDBK,Erebia epiphron,Erebia epiphron,variant,,,Eukaryota|Animalia|Arthropoda|Hexapoda|Insecta|Lepidoptera|Papilionoidea|Nymphalidae|Satyrinae|Satyrini|Erebia|Erebia epiphron,,species,species,Catalogue of Life,1,Eukaryota,Animalia,Arthropoda,Insecta,Lepidoptera,Nymphalidae,Erebia,accepted,variant,6GDBK,315834,10.48580/dgykv,https://www.checklistbank.org/dataset/315834,Catalogue of Life 2026-07-17 XR
species,333774,Erebia medusa,species,Woodland Ringlet,Insecta,1,4577,http://en.wikipedia.org/wiki/Erebia_medusa,https://static.inaturalist.org/photos/87854508/medium.jpg,,"(c) Michele De Rocco, all rights reserved, uploaded by Michele De Rocco",Erebia medusa,Erebia medusa,6GDF8,Erebia medusa,Erebia medusa,variant,,,Eukaryota|Animalia|Arthropoda|Hexapoda|Insecta|Lepidoptera|Papilionoidea|Nymphalidae|Satyrinae|Satyrini|Erebia|Erebia medusa,,species,species,Catalogue of Life,1,Eukaryota,Animalia,Arthropoda,Insecta,Lepidoptera,Nymphalidae,Erebia,accepted,variant,6GDF8,315834,10.48580/dgykv,https://www.checklistbank.org/dataset/315834,Catalogue of Life 2026-07-17 XR
species,484100,Erebia ottomana,species,Ottoman Brassy Ringlet,Insecta,1,188,https://en.wikipedia.org/wiki/Erebia_ottomana,https://inaturalist-open-data.s3.amazonaws.com/photos/10429972/medium.jpeg,cc-by-nc,"(c) Chris van Swaay, some rights reserved (CC BY-NC), uploaded by Chris van Swaay",Erebia tyndarus,Erebia tyndarus,6GCZS,Erebia ottomana,Erebia tyndarus,variant,,,Eukaryota|Animalia|Arthropoda|Hexapoda|Insecta|Lepidoptera|Papilionoidea|Nymphalidae|Satyrinae|Satyrini|Erebia|Erebia tyndarus,,species,species,Catalogue of Life,1,Eukaryota,Animalia,Arthropoda,Insecta,Lepidoptera,Nymphalidae,Erebia,synonym,variant,6GCZS,315834,10.48580/dgykv,https://www.checklistbank.org/dataset/315834,Catalogue of Life 2026-07-17 XR
species,202770,Eresus kollari,species,Ladybird Spider,Arachnida,1,1973,http://en.wikipedia.org/wiki/Eresus_kollari,https://inaturalist-open-data.s3.amazonaws.com/photos/257420/medium.jpg,cc-by-sa,"(c) Fritz Geller-Grimm, some rights reserved (CC BY-SA)",Eresus kollari,Eresus kollari,6GH6Y,Eresus kollari,Eresus kollari,variant,,,Eukaryota|Animalia|Arthropoda|Chelicerata|Arachnida|Araneae|Eresidae|Eresus|Eresus kollari,,species,species,Catalogue of Life,1,Eukaryota,Animalia,Arthropoda,Arachnida,Araneae,Eresidae,Eresus,accepted,variant,6GH6Y,315834,10.48580/dgykv,https://www.checklistbank.org/dataset/315834,Catalogue of Life 2026-07-17 XR
species,464285,Erica spiculifolia,species,Eastern Heath,Plantae,4,278,https://en.wikipedia.org/wiki/Erica_spiculifolia,https://inaturalist-open-data.s3.amazonaws.com/photos/45308840/medium.jpg,cc-by-nc,"(c) egusheva, some rights reserved (CC BY-NC), uploaded by egusheva",Erica spiculifolia,Erica spiculifolia,6GLFG,Erica spiculifolia,Erica spiculifolia,variant,,,Eukaryota|Plantae|Pteridobiotina|Tracheophyta|Magnoliopsida|Ericales|Ericaceae|Ericoideae|Ericeae|Erica|Erica spiculifolia,,species,species,Catalogue of Life,1,Eukaryota,Plantae,Tracheophyta,Magnoliopsida,Ericales,Ericaceae,Erica,accepted,variant,6GLFG,315834,10.48580/dgykv,https://www.checklistbank.org/dataset/315834,Catalogue of Life 2026-07-17 XR
species,55766,Euphorbia cyparissias,species,cypress spurge,Plantae,3,58128,http://en.wikipedia.org/wiki/Euphorbia_cyparissias,https://inaturalist-open-data.s3.amazonaws.com/photos/283012730/medium.jpeg,cc-by-nc,"(c) Norbert Lanzanasto, some rights reserved (CC BY-NC), uploaded by Norbert Lanzanasto",Euphorbia cyparissias,Euphorbia cyparissias,3CNHH,Euphorbia cyparissias,Euphorbia cyparissias,variant,,,Eukaryota|Plantae|Pteridobiotina|Tracheophyta|Magnoliopsida|Malpighiales|Euphorbiaceae|Euphorbioideae|Euphorbieae|Euphorbiinae|Euphorbia|Euphorbia cyparissias,,species,species,Catalogue of Life,1,Eukaryota,Plantae,Tracheophyta,Magnoliopsida,Malpighiales,Euphorbiaceae,Euphorbia,accepted,variant,3CNHH,315834,10.48580/dgykv,https://www.checklistbank.org/dataset/315834,Catalogue of Life 2026-07-17 XR
species,162820,Euphorbia epithymoides,species,Cushion Spurge,Plantae,1,3432,http://en.wikipedia.org/wiki/Euphorbia_epithymoides,https://inaturalist-open-data.s3.amazonaws.com/photos/67308613/medium.jpg,cc-by-nc,"(c) Michal Ducháček, some rights reserved (CC BY-NC), uploaded by Michal Ducháček",Euphorbia epithymoides,Euphorbia epithymoides,3CNQJ,Euphorbia epithymoides,Euphorbia epithymoides,variant,,,Eukaryota|Plantae|Pteridobiotina|Tracheophyta|Magnoliopsida|Malpighiales|Euphorbiaceae|Euphorbioideae|Euphorbieae|Euphorbiinae|Euphorbia|Euphorbia epithymoides,,species,species,Catalogue of Life,1,Eukaryota,Plantae,Tracheophyta,Magnoliopsida,Malpighiales,Euphorbiaceae,Euphorbia,accepted,variant,3CNQJ,315834,10.48580/dgykv,https://www.checklistbank.org/dataset/315834,Catalogue of Life 2026-07-17 XR
species,401781,Euphorbia stricta,species,Upright Spurge,Plantae,1,1981,,https://inaturalist-open-data.s3.amazonaws.com/photos/205375356/medium.jpeg,cc-by-nc,"(c) Zoom, some rights reserved (CC BY-NC), uploaded by Zoom",Euphorbia stricta,Euphorbia stricta,6HB44,Euphorbia stricta,Euphorbia stricta,variant,,,Eukaryota|Plantae|Pteridobiotina|Tracheophyta|Magnoliopsida|Malpighiales|Euphorbiaceae|Euphorbioideae|Euphorbieae|Euphorbiinae|Euphorbia|Euphorbia stricta,,species,species,Catalogue of Life,1,Eukaryota,Plantae,Tracheophyta,Magnoliopsida,Malpighiales,Euphorbiaceae,Euphorbia,accepted,variant,6HB44,315834,10.48580/dgykv,https://www.checklistbank.org/dataset/315834,Catalogue of Life 2026-07-17 XR
species,54227,Fagus sylvatica,species,European beech,Plantae,1,85960,http://en.wikipedia.org/wiki/Fagus_sylvatica,https://static.inaturalist.org/photos/199420434/medium.jpg,,"(c) Ross Carlin, all rights reserved, uploaded by Ross Carlin",Fagus sylvatica,Fagus sylvatica,3DSK5,Fagus sylvatica,Fagus sylvatica,variant,,,Eukaryota|Plantae|Pteridobiotina|Tracheophyta|Magnoliopsida|Fagales|Fagaceae|Fagoideae|Fagus|Fagus sylvatica,,species,species,Catalogue of Life,1,Eukaryota,Plantae,Tracheophyta,Magnoliopsida,Fagales,Fagaceae,Fagus,accepted,variant,3DSK5,315834,10.48580/dgykv,https://www.checklistbank.org/dataset/315834,Catalogue of Life 2026-07-17 XR
species,472766,Falco tinnunculus,species,Eurasian Kestrel,Aves,1,138899,http://en.wikipedia.org/wiki/Common_kestrel,https://inaturalist-open-data.s3.amazonaws.com/photos/598044895/medium.jpg,cc-by-nc,"(c) Manuel Raab, some rights reserved (CC BY-NC), uploaded by Manuel Raab",Falco tinnunculus,Falco tinnunculus,3DTGW,Falco tinnunculus,Falco tinnunculus,variant,,,Eukaryota|Animalia|Chordata|Vertebrata|Gnathostomata|Osteichthyes|Tetrapoda|Aves|Falconiformes|Falconidae|Falconinae|Falco|Falco tinnunculus,,species,species,Catalogue of Life,1,Eukaryota,Animalia,Chordata,Aves,Falconiformes,Falconidae,Falco,accepted,variant,3DTGW,315834,10.48580/dgykv,https://www.checklistbank.org/dataset/315834,Catalogue of Life 2026-07-17 XR
species,1098280,Fomitopsis pinicola,species,Red-banded Polypore,Fungi,1,42745,https://en.wikipedia.org/wiki/Fomitopsis_pinicola,https://inaturalist-open-data.s3.amazonaws.com/photos/4274437/medium.jpg,cc-by-nc,"(c) Kari Pihlaviita, some rights reserved (CC BY-NC), uploaded by Kari Pihlaviita",Fomitopsis pinicola,Fomitopsis pinicola,6JCCY,Fomitopsis pinicola,Fomitopsis pinicola,variant,,,Eukaryota|Fungi|Basidiomycota|Agaricomycetes|Polyporales|Fomitopsidaceae|Fomitopsis|Fomitopsis pinicola,,species,species,Catalogue of Life,1,Eukaryota,Fungi,Basidiomycota,Agaricomycetes,Polyporales,Fomitopsidaceae,Fomitopsis,accepted,variant,6JCCY,315834,10.48580/dgykv,https://www.checklistbank.org/dataset/315834,Catalogue of Life 2026-07-17 XR
species,50298,Fragaria vesca,species,woodland strawberry,Plantae,1,105290,http://en.wikipedia.org/wiki/Fragaria_vesca,https://inaturalist-open-data.s3.amazonaws.com/photos/134106423/medium.jpg,cc-by-nc,"(c) Алексей Афонин, some rights reserved (CC BY-NC), uploaded by Алексей Афонин",Fragaria vesca,Fragaria vesca,6JK5R,Fragaria vesca,Fragaria vesca,variant,,,Eukaryota|Plantae|Pteridobiotina|Tracheophyta|Magnoliopsida|Rosales|Rosaceae|Rosoideae|Potentilleae|Fragariinae|Fragaria|Fragaria vesca,,species,species,Catalogue of Life,1,Eukaryota,Plantae,Tracheophyta,Magnoliopsida,Rosales,Rosaceae,Fragaria,accepted,variant,6JK5R,315834,10.48580/dgykv,https://www.checklistbank.org/dataset/315834,Catalogue of Life 2026-07-17 XR
species,10070,Fringilla coelebs,species,Common Chaffinch,Aves,1,205209,http://en.wikipedia.org/wiki/Common_chaffinch,https://inaturalist-open-data.s3.amazonaws.com/photos/151143058/medium.jpg,cc-by-nc,"(c) Jonny Andrews, some rights reserved (CC BY-NC), uploaded by Jonny Andrews",Fringilla coelebs,Fringilla coelebs,6JPSJ,Fringilla coelebs,Fringilla coelebs,variant,,,Eukaryota|Animalia|Chordata|Vertebrata|Gnathostomata|Osteichthyes|Tetrapoda|Aves|Passeriformes|Fringillidae|Fringilla|Fringilla coelebs,,species,species,Catalogue of Life,1,Eukaryota,Animalia,Chordata,Aves,Passeriformes,Fringillidae,Fringilla,accepted,variant,6JPSJ,315834,10.48580/dgykv,https://www.checklistbank.org/dataset/315834,Catalogue of Life 2026-07-17 XR
species,55483,Fuligo septica,species,Dog Vomit Slime Mold,Protozoa,1,86826,http://en.wikipedia.org/wiki/Fuligo_septica,https://inaturalist-open-data.s3.amazonaws.com/photos/13604/medium.jpg,cc-by-nc-nd,"(c) Sergey Yeliseev, some rights reserved (CC BY-NC-ND)",Fuligo septica,Fuligo septica,6JRVD,Fuligo septica,Fuligo septica,ambiguous,,,Eukaryota|Protozoa|Mycetozoa|Myxomycetes|Physarales|Physaraceae|Fuligo|Fuligo septica,,species,species,Catalogue of Life,1,Eukaryota,Protozoa,Mycetozoa,Myxomycetes,Physarales,Physaraceae,Fuligo,synonym,ambiguous,6JRVD,315834,10.48580/dgykv,https://www.checklistbank.org/dataset/315834,Catalogue of Life 2026-07-17 XR
species,204322,Gagea fragifera,species,yellow star-of-Bethlehem,Plantae,1,1118,http://en.wikipedia.org/wiki/Gagea_liotardii,https://inaturalist-open-data.s3.amazonaws.com/photos/385133264/medium.jpeg,cc-by-nc,"(c) mikkotiusanen, some rights reserved (CC BY-NC)",Gagea fragifera,Gagea fragifera,6JW6Y,Gagea fragifera,Gagea fragifera,variant,,,Eukaryota|Plantae|Pteridobiotina|Tracheophyta|Liliopsida|Liliales|Liliaceae|Gagea|Gagea fragifera,,species,species,Catalogue of Life,1,Eukaryota,Plantae,Tracheophyta,Liliopsida,Liliales,Liliaceae,Gagea,accepted,variant,6JW6Y,315834,10.48580/dgykv,https://www.checklistbank.org/dataset/315834,Catalogue of Life 2026-07-17 XR
species,154735,Galerina marginata,species,Funeral Bell,Fungi,1,25037,http://en.wikipedia.org/wiki/Galerina_marginata,https://static.inaturalist.org/photos/188934/medium.jpg,,"(c) Fluff Berger, all rights reserved",Galerina marginata,Galerina marginata,3F4GN,Galerina marginata,Galerina marginata,variant,,,Eukaryota|Fungi|Basidiomycota|Agaricomycetes|Agaricales|Hymenogastraceae|Galerina|Galerina marginata,,species,species,Catalogue of Life,1,Eukaryota,Fungi,Basidiomycota,Agaricomycetes,Agaricales,Hymenogastraceae,Galerina,accepted,variant,3F4GN,315834,10.48580/dgykv,https://www.checklistbank.org/dataset/315834,Catalogue of Life 2026-07-17 XR
species,472368,Galium anisophyllon,species,Alpine bedstraw,Plantae,1,2209,http://en.wikipedia.org/wiki/Galium_anisophyllon,https://inaturalist-open-data.s3.amazonaws.com/photos/2282882/medium.jpg,cc-by-sa,"(c) Udo Schmidt, some rights reserved (CC BY-SA)",Galium anisophyllon,Galium anisophyllon,3F5B2,Galium anisophyllon,Galium anisophyllon,variant,,,Eukaryota|Plantae|Pteridobiotina|Tracheophyta|Magnoliopsida|Gentianales|Rubiaceae|Rubioideae|Rubieae|Galiinae|Galium|Galium anisophyllon,,species,species,Catalogue of Life,1,Eukaryota,Plantae,Tracheophyta,Magnoliopsida,Gentianales,Rubiaceae,Galium,accepted,variant,3F5B2,315834,10.48580/dgykv,https://www.checklistbank.org/dataset/315834,Catalogue of Life 2026-07-17 XR
species,448092,Gentiana utriculosa,species,Bladder Gentian,Plantae,3,1302,https://en.wikipedia.org/wiki/Gentiana_utriculosa,https://inaturalist-open-data.s3.amazonaws.com/photos/24325812/medium.jpg,cc-by-nc,"(c) Jakob Fahr, some rights reserved (CC BY-NC), uploaded by Jakob Fahr",Gentiana utriculosa,Gentiana utriculosa,6KC5D,Gentiana utriculosa,Gentiana utriculosa,variant,,,Eukaryota|Plantae|Pteridobiotina|Tracheophyta|Magnoliopsida|Gentianales|Gentianaceae|Gentianeae|Gentianinae|Gentiana|Gentiana utriculosa,,species,species,Catalogue of Life,1,Eukaryota,Plantae,Tracheophyta,Magnoliopsida,Gentianales,Gentianaceae,Gentiana,accepted,variant,6KC5D,315834,10.48580/dgykv,https://www.checklistbank.org/dataset/315834,Catalogue of Life 2026-07-17 XR
species,132603,Gentiana verna,species,spring gentian,Plantae,9,14332,http://en.wikipedia.org/wiki/Gentiana_verna,https://inaturalist-open-data.s3.amazonaws.com/photos/52656295/medium.jpg,cc-by-sa,"(c) xulescu_g, some rights reserved (CC BY-SA)",Gentiana verna,Gentiana verna,3FMZS,Gentiana verna,Gentiana verna,variant,,,Eukaryota|Plantae|Pteridobiotina|Tracheophyta|Magnoliopsida|Gentianales|Gentianaceae|Gentianeae|Gentianinae|Gentiana|Gentiana verna,,species,species,Catalogue of Life,1,Eukaryota,Plantae,Tracheophyta,Magnoliopsida,Gentianales,Gentianaceae,Gentiana,accepted,variant,3FMZS,315834,10.48580/dgykv,https://www.checklistbank.org/dataset/315834,Catalogue of Life 2026-07-17 XR
species,245736,Gentianella campestris,species,field gentian,Plantae,1,4313,http://en.wikipedia.org/wiki/Gentianella_campestris,https://inaturalist-open-data.s3.amazonaws.com/photos/444575855/medium.jpeg,cc-by,"(c) Wolfgang Jauch, some rights reserved (CC BY), uploaded by Wolfgang Jauch",Gentianella campestris,Gentianella campestris,3FN69,Gentianella campestris,Gentianella campestris,variant,,,Eukaryota|Plantae|Pteridobiotina|Tracheophyta|Magnoliopsida|Gentianales|Gentianaceae|Gentianeae|Swertiinae|Gentianella|Gentianella campestris,,species,species,Catalogue of Life,1,Eukaryota,Plantae,Tracheophyta,Magnoliopsida,Gentianales,Gentianaceae,Gentianella,accepted,variant,3FN69,315834,10.48580/dgykv,https://www.checklistbank.org/dataset/315834,Catalogue of Life 2026-07-17 XR
species,486925,Geranium aristatum,species,,Plantae,1,17,https://en.wikipedia.org/wiki/Geranium_aristatum,https://inaturalist-open-data.s3.amazonaws.com/photos/300222244/medium.jpeg,cc-by-nc,"(c) Jakob Fahr, some rights reserved (CC BY-NC), uploaded by Jakob Fahr",Geranium aristatum,Geranium aristatum,6KCG4,Geranium aristatum,Geranium aristatum,variant,,,Eukaryota|Plantae|Pteridobiotina|Tracheophyta|Magnoliopsida|Geraniales|Geraniaceae|Geranium|Geranium aristatum,,species,species,Catalogue of Life,1,Eukaryota,Plantae,Tracheophyta,Magnoliopsida,Geraniales,Geraniaceae,Geranium,accepted,variant,6KCG4,315834,10.48580/dgykv,https://www.checklistbank.org/dataset/315834,Catalogue of Life 2026-07-17 XR
species,77259,Geranium pyrenaicum,species,Hedgerow Crane's-bill,Plantae,1,24886,https://en.wikipedia.org/wiki/Geranium_pyrenaicum,https://inaturalist-open-data.s3.amazonaws.com/photos/386399097/medium.jpg,cc-by-nc,"(c) biomel, some rights reserved (CC BY-NC)",Geranium pyrenaicum,Geranium pyrenaicum,3FV3V,Geranium pyrenaicum,Geranium pyrenaicum,variant,,,Eukaryota|Plantae|Pteridobiotina|Tracheophyta|Magnoliopsida|Geraniales|Geraniaceae|Geranium|Geranium pyrenaicum,,species,species,Catalogue of Life,1,Eukaryota,Plantae,Tracheophyta,Magnoliopsida,Geraniales,Geraniaceae,Geranium,accepted,variant,3FV3V,315834,10.48580/dgykv,https://www.checklistbank.org/dataset/315834,Catalogue of Life 2026-07-17 XR
species,486918,Geranium subcaulescens,species,Grey Crane's-bill,Plantae,12,165,http://en.wikipedia.org/wiki/Geranium_subcaulescens,https://inaturalist-open-data.s3.amazonaws.com/photos/300221409/medium.jpeg,cc-by-nc,"(c) Jakob Fahr, some rights reserved (CC BY-NC), uploaded by Jakob Fahr",Geranium subcaulescens,Geranium subcaulescens,3FV88,Geranium subcaulescens,Geranium subcaulescens,variant,,,Eukaryota|Plantae|Pteridobiotina|Tracheophyta|Magnoliopsida|Geraniales|Geraniaceae|Geranium|Geranium subcaulescens,,species,species,Catalogue of Life,1,Eukaryota,Plantae,Tracheophyta,Magnoliopsida,Geraniales,Geraniaceae,Geranium,accepted,variant,3FV88,315834,10.48580/dgykv,https://www.checklistbank.org/dataset/315834,Catalogue of Life 2026-07-17 XR
species,85429,Geranium sylvaticum,species,wood crane's-bill,Plantae,1,32541,https://en.wikipedia.org/wiki/Geranium_sylvaticum,https://static.inaturalist.org/photos/62573011/medium.jpg,,"(c) Leonard Worthington, all rights reserved, uploaded by Leonard Worthington",Geranium sylvaticum,Geranium sylvaticum,3FV8Q,Geranium sylvaticum,Geranium sylvaticum,variant,,,Eukaryota|Plantae|Pteridobiotina|Tracheophyta|Magnoliopsida|Geraniales|Geraniaceae|Geranium|Geranium sylvaticum,,species,species,Catalogue of Life,1,Eukaryota,Plantae,Tracheophyta,Magnoliopsida,Geraniales,Geraniaceae,Geranium,accepted,variant,3FV8Q,315834,10.48580/dgykv,https://www.checklistbank.org/dataset/315834,Catalogue of Life 2026-07-17 XR
species,464936,Geum coccineum,species,Scarlet Avens,Plantae,6,1287,http://en.wikipedia.org/wiki/Geum_coccineum,https://static.inaturalist.org/photos/28785629/medium.jpeg,,"(c) blancadog, all rights reserved, uploaded by blancadog",Geum coccineum,Geum coccineum,3FY9K,Geum coccineum,Geum coccineum,variant,,,Eukaryota|Plantae|Pteridobiotina|Tracheophyta|Magnoliopsida|Rosales|Rosaceae|Rosoideae|Colurieae|Geum|Geum coccineum,,species,species,Catalogue of Life,1,Eukaryota,Plantae,Tracheophyta,Magnoliopsida,Rosales,Rosaceae,Geum,accepted,variant,3FY9K,315834,10.48580/dgykv,https://www.checklistbank.org/dataset/315834,Catalogue of Life 2026-07-17 XR
species,130537,Geum montanum,species,Alpine avens,Plantae,7,4881,http://en.wikipedia.org/wiki/Geum_montanum,https://inaturalist-open-data.s3.amazonaws.com/photos/73328334/medium.jpg,cc-by-nc,"(c) René Stalder, some rights reserved (CC BY-NC), uploaded by René Stalder",Geum montanum,Geum montanum,3FYBZ,Geum montanum,Geum montanum,variant,,,Eukaryota|Plantae|Pteridobiotina|Tracheophyta|Magnoliopsida|Rosales|Rosaceae|Rosoideae|Colurieae|Geum|Geum montanum,,species,species,Catalogue of Life,1,Eukaryota,Plantae,Tracheophyta,Magnoliopsida,Rosales,Rosaceae,Geum,accepted,variant,3FYBZ,315834,10.48580/dgykv,https://www.checklistbank.org/dataset/315834,Catalogue of Life 2026-07-17 XR
species,510020,Grimmia alpestris,species,,Plantae,1,50,,https://inaturalist-open-data.s3.amazonaws.com/photos/95216266/medium.jpeg,cc-by-nc,"(c) martina_poeltl, some rights reserved (CC BY-NC), uploaded by martina_poeltl",Grimmia alpestris,Grimmia alpestris,6KSPM,Grimmia alpestris,Grimmia alpestris,variant,,,Eukaryota|Plantae|Bryobiotina|Bryophyta|Bryopsida|Dicranidae|Grimmiales|Grimmiaceae|Grimmia|Grimmia alpestris,,species,species,Catalogue of Life,1,Eukaryota,Plantae,Bryophyta,Bryopsida,Grimmiales,Grimmiaceae,Grimmia,accepted,variant,6KSPM,315834,10.48580/dgykv,https://www.checklistbank.org/dataset/315834,Catalogue of Life 2026-07-17 XR
species,123506,Grimmia laevigata,species,Grimmia Dry Rock Moss,Plantae,1,9207,,https://inaturalist-open-data.s3.amazonaws.com/photos/402410421/medium.jpg,cc-by-nc,"(c) Warren Tomlinson, some rights reserved (CC BY-NC), uploaded by Warren Tomlinson",Grimmia laevigata,Grimmia laevigata,6KSQQ,Grimmia laevigata,Grimmia laevigata,variant,,,Eukaryota|Plantae|Bryobiotina|Bryophyta|Bryopsida|Dicranidae|Grimmiales|Grimmiaceae|Grimmia|Grimmia laevigata,,species,species,Catalogue of Life,1,Eukaryota,Plantae,Bryophyta,Bryopsida,Grimmiales,Grimmiaceae,Grimmia,accepted,variant,6KSQQ,315834,10.48580/dgykv,https://www.checklistbank.org/dataset/315834,Catalogue of Life 2026-07-17 XR
species,461415,Grimmia tergestina,species,,Plantae,1,51,,https://inaturalist-open-data.s3.amazonaws.com/photos/76720815/medium.jpg,cc-by-nc,"(c) Stefan Gey, some rights reserved (CC BY-NC), uploaded by Stefan Gey",Grimmia tergestina,Grimmia tergestina,9K7NY,Grimmia tergestina,Grimmia tergestina,ambiguous,,,Eukaryota|Plantae|Bryobiotina|Bryophyta|Bryopsida|Dicranidae|Grimmiales|Grimmiaceae|Grimmia|Grimmia tergestina,,species,species,Catalogue of Life,1,Eukaryota,Plantae,Bryophyta,Bryopsida,Grimmiales,Grimmiaceae,Grimmia,accepted,ambiguous,9K7NY,315834,10.48580/dgykv,https://www.checklistbank.org/dataset/315834,Catalogue of Life 2026-07-17 XR
species,71248,Gryllus campestris,species,European Field Cricket,Insecta,1,19949,http://en.wikipedia.org/wiki/Gryllus_campestris,https://inaturalist-open-data.s3.amazonaws.com/photos/157317382/medium.jpg,cc-by-nc,"(c) Ryszard, some rights reserved (CC BY-NC)",Gryllus (Gryllus) campestris,Gryllus (Gryllus) campestris,6KTPJ,Gryllus campestris,Gryllus (Gryllus) campestris,variant,,,Eukaryota|Animalia|Arthropoda|Hexapoda|Insecta|Orthoptera|Ensifera|Gryllidea|Grylloidea|Gryllidae|Gryllinae|Gryllini|Gryllina|Gryllus|Gryllus (Gryllus)|Gryllus (Gryllus) campestris,,species,species,Catalogue of Life,1,Eukaryota,Animalia,Arthropoda,Insecta,Orthoptera,Gryllidae,Gryllus,accepted,variant,6KTPJ,315834,10.48580/dgykv,https://www.checklistbank.org/dataset/315834,Catalogue of Life 2026-07-17 XR
species,131610,Gymnadenia conopsea,species,Fragrant Orchid,Plantae,2,27241,https://en.wikipedia.org/wiki/Gymnadenia_conopsea,https://static.inaturalist.org/photos/29080208/medium.jpg,,"(c) František Bednár, all rights reserved, uploaded by František Bednár",Gymnadenia conopsea,Gymnadenia conopsea,3HP3H,Gymnadenia conopsea,Gymnadenia conopsea,variant,,,Eukaryota|Plantae|Pteridobiotina|Tracheophyta|Liliopsida|Asparagales|Orchidaceae|Gymnadenia|Gymnadenia conopsea,,species,species,Catalogue of Life,1,Eukaryota,Plantae,Tracheophyta,Liliopsida,Asparagales,Orchidaceae,Gymnadenia,accepted,variant,3HP3H,315834,10.48580/dgykv,https://www.checklistbank.org/dataset/315834,Catalogue of Life 2026-07-17 XR
species,84278,Helianthemum nummularium,species,Common Rock-rose,Plantae,2,19333,https://en.wikipedia.org/wiki/Helianthemum_nummularium,https://inaturalist-open-data.s3.amazonaws.com/photos/648954510/medium.jpg,cc-by-sa,"(c) Gilles San Martin, some rights reserved (CC BY-SA), uploaded by Gilles San Martin",Helianthemum nummularium,Helianthemum nummularium,6LHN7,Helianthemum nummularium,Helianthemum nummularium,variant,,,Eukaryota|Plantae|Pteridobiotina|Tracheophyta|Magnoliopsida|Malvales|Cistaceae|Cistoideae|Helianthemum|Helianthemum nummularium,,species,species,Catalogue of Life,1,Eukaryota,Plantae,Tracheophyta,Magnoliopsida,Malvales,Cistaceae,Helianthemum,accepted,variant,6LHN7,315834,10.48580/dgykv,https://www.checklistbank.org/dataset/315834,Catalogue of Life 2026-07-17 XR
species,63538,Hygrophoropsis aurantiaca,species,False Chanterelle,Fungi,1,22987,http://en.wikipedia.org/wiki/Hygrophoropsis_aurantiaca,https://inaturalist-open-data.s3.amazonaws.com/photos/237942491/medium.jpeg,cc-by-nc,"(c) Matthieu Morin, some rights reserved (CC BY-NC), uploaded by Matthieu Morin",Hygrophoropsis aurantiaca,Hygrophoropsis aurantiaca,3NBTS,Hygrophoropsis aurantiaca,Hygrophoropsis aurantiaca,variant,,,Eukaryota|Fungi|Basidiomycota|Agaricomycetes|Boletales|Hygrophoropsidaceae|Hygrophoropsis|Hygrophoropsis aurantiaca,,species,species,Catalogue of Life,1,Eukaryota,Fungi,Basidiomycota,Agaricomycetes,Boletales,Hygrophoropsidaceae,Hygrophoropsis,accepted,variant,3NBTS,315834,10.48580/dgykv,https://www.checklistbank.org/dataset/315834,Catalogue of Life 2026-07-17 XR
species,70071,Hyles euphorbiae,species,Leafy Spurge Hawkmoth,Insecta,1,14741,http://en.wikipedia.org/wiki/Hyles_euphorbiae,https://inaturalist-open-data.s3.amazonaws.com/photos/53711652/medium.jpg,cc-by-nc,"(c) Luca Boscain, some rights reserved (CC BY-NC), uploaded by Luca Boscain",Hyles euphorbiae,Hyles euphorbiae,3NF4P,Hyles euphorbiae,Hyles euphorbiae,ambiguous,,,Eukaryota|Animalia|Arthropoda|Hexapoda|Insecta|Lepidoptera|Bombycoidea|Sphingidae|Macroglossinae|Macroglossini|Hyles|Hyles euphorbiae,,species,species,Catalogue of Life,1,Eukaryota,Animalia,Arthropoda,Insecta,Lepidoptera,Sphingidae,Hyles,accepted,ambiguous,3NF4P,315834,10.48580/dgykv,https://www.checklistbank.org/dataset/315834,Catalogue of Life 2026-07-17 XR
species,526561,Hypericum barbatum,species,,Plantae,2,31,http://en.wikipedia.org/wiki/Hypericum_barbatum,https://inaturalist-open-data.s3.amazonaws.com/photos/12206569/medium.jpeg,cc-by,"(c) Kostas Zontanos, some rights reserved (CC BY), uploaded by Kostas Zontanos",Hypericum barbatum,Hypericum barbatum,3NPCD,Hypericum barbatum,Hypericum barbatum,variant,,,Eukaryota|Plantae|Pteridobiotina|Tracheophyta|Magnoliopsida|Malpighiales|Hypericaceae|Hypericeae|Hypericum|Hypericum barbatum,,species,species,Catalogue of Life,1,Eukaryota,Plantae,Tracheophyta,Magnoliopsida,Malpighiales,Hypericaceae,Hypericum,accepted,variant,3NPCD,315834,10.48580/dgykv,https://www.checklistbank.org/dataset/315834,Catalogue of Life 2026-07-17 XR
species,56077,Hypericum perforatum,species,Common St. John's Wort,Plantae,1,132834,http://en.wikipedia.org/wiki/Hypericum_perforatum,https://inaturalist-open-data.s3.amazonaws.com/photos/283622526/medium.jpg,cc-by-nc,"(c) akolter, some rights reserved (CC BY-NC)",Hypericum perforatum,Hypericum perforatum,3NPZ3,Hypericum perforatum,Hypericum perforatum,variant,,,Eukaryota|Plantae|Pteridobiotina|Tracheophyta|Magnoliopsida|Malpighiales|Hypericaceae|Hypericeae|Hypericum|Hypericum perforatum,,species,species,Catalogue of Life,1,Eukaryota,Plantae,Tracheophyta,Magnoliopsida,Malpighiales,Hypericaceae,Hypericum,accepted,variant,3NPZ3,315834,10.48580/dgykv,https://www.checklistbank.org/dataset/315834,Catalogue of Life 2026-07-17 XR
species,334899,Hypericum richeri,species,,Plantae,3,991,,https://static.inaturalist.org/photos/29224376/medium.jpeg,,"(c) Thomas Silberfeld, all rights reserved, uploaded by Thomas Silberfeld",Hypericum richeri,Hypericum richeri,3NQ4D,Hypericum richeri,Hypericum richeri,variant,,,Eukaryota|Plantae|Pteridobiotina|Tracheophyta|Magnoliopsida|Malpighiales|Hypericaceae|Hypericeae|Hypericum|Hypericum richeri,,species,species,Catalogue of Life,1,Eukaryota,Plantae,Tracheophyta,Magnoliopsida,Malpighiales,Hypericaceae,Hypericum,accepted,variant,3NQ4D,315834,10.48580/dgykv,https://www.checklistbank.org/dataset/315834,Catalogue of Life 2026-07-17 XR
species,62766,Issoria lathonia,species,Queen of Spain Fritillary,Insecta,2,35041,http://en.wikipedia.org/wiki/Queen_of_Spain_fritillary,https://inaturalist-open-data.s3.amazonaws.com/photos/1481669/medium.jpg,cc-by-nc-sa,"(c) Marcello Consolo, some rights reserved (CC BY-NC-SA)",Issoria lathonia,Issoria lathonia,3QD32,Issoria lathonia,Issoria lathonia,variant,,,Eukaryota|Animalia|Arthropoda|Hexapoda|Insecta|Lepidoptera|Papilionoidea|Nymphalidae|Heliconiinae|Heliconiini|Issoria|Issoria lathonia,,species,species,Catalogue of Life,1,Eukaryota,Animalia,Arthropoda,Insecta,Lepidoptera,Nymphalidae,Issoria,accepted,variant,3QD32,315834,10.48580/dgykv,https://www.checklistbank.org/dataset/315834,Catalogue of Life 2026-07-17 XR
species,464284,Jasione orbiculata,species,,Plantae,2,52,,https://inaturalist-open-data.s3.amazonaws.com/photos/1790044/medium.JPG,cc-by-nc,"(c) Jakob Fahr, some rights reserved (CC BY-NC), uploaded by Jakob Fahr",Jasione orbiculata,Jasione orbiculata,6NCYT,Jasione orbiculata,Jasione orbiculata,variant,,,Eukaryota|Plantae|Pteridobiotina|Tracheophyta|Magnoliopsida|Asterales|Campanulaceae|Campanuloideae|Campanuleae|Jasione|Jasione orbiculata,,species,species,Catalogue of Life,1,Eukaryota,Plantae,Tracheophyta,Magnoliopsida,Asterales,Campanulaceae,Jasione,accepted,variant,6NCYT,315834,10.48580/dgykv,https://www.checklistbank.org/dataset/315834,Catalogue of Life 2026-07-17 XR
species,956944,Sempervivum heuffelii,species,,Plantae,1,394,,https://inaturalist-open-data.s3.amazonaws.com/photos/46809509/medium.jpeg,cc-by-nc,"(c) Slobodan Zecevic, some rights reserved (CC BY-NC), uploaded by Slobodan Zecevic",Jovibarba heuffelii,Jovibarba heuffelii,VLN62,Sempervivum heuffelii,Jovibarba heuffelii,variant,,,Eukaryota|Plantae|Pteridobiotina|Tracheophyta|Magnoliopsida|Saxifragales|Crassulaceae|Sempervivoideae|Semperviveae|Jovibarba|Jovibarba heuffelii,,species,species,Catalogue of Life,1,Eukaryota,Plantae,Tracheophyta,Magnoliopsida,Saxifragales,Crassulaceae,Jovibarba,synonym,variant,VLN62,315834,10.48580/dgykv,https://www.checklistbank.org/dataset/315834,Catalogue of Life 2026-07-17 XR
species,58725,Juniperus communis,species,common juniper,Plantae,2,85420,http://en.wikipedia.org/wiki/Juniperus_communis,https://inaturalist-open-data.s3.amazonaws.com/photos/61660329/medium.jpg,cc-by-nc,"(c) FreckLes, some rights reserved (CC BY-NC), uploaded by FreckLes",Juniperus communis,Juniperus communis,6NGH4,Juniperus communis,Juniperus communis,variant,,,Eukaryota|Plantae|Pteridobiotina|Tracheophyta|Pinopsida|Cupressidae|Cupressales|Cupressaceae|Juniperus|Juniperus communis,,species,species,Catalogue of Life,1,Eukaryota,Plantae,Tracheophyta,Pinopsida,Cupressales,Cupressaceae,Juniperus,accepted,variant,6NGH4,315834,10.48580/dgykv,https://www.checklistbank.org/dataset/315834,Catalogue of Life 2026-07-17 XR
species,155197,Lactarius deliciosus,species,saffron milkcap,Fungi,1,12640,http://en.wikipedia.org/wiki/Lactarius_deliciosus,https://inaturalist-open-data.s3.amazonaws.com/photos/235753421/medium.jpeg,cc-by-nc,"(c) timendez, some rights reserved (CC BY-NC), uploaded by timendez",Lactarius deliciosus,Lactarius deliciosus,3RRS8,Lactarius deliciosus,Lactarius deliciosus,variant,,,Eukaryota|Fungi|Basidiomycota|Agaricomycetes|Russulales|Russulaceae|Lactarius|Lactarius deliciosus,,species,species,Catalogue of Life,1,Eukaryota,Fungi,Basidiomycota,Agaricomycetes,Russulales,Russulaceae,Lactarius,accepted,variant,3RRS8,315834,10.48580/dgykv,https://www.checklistbank.org/dataset/315834,Catalogue of Life 2026-07-17 XR
species,351304,Lactarius salmonicolor,species,Salmon milkcap,Fungi,1,1265,https://en.wikipedia.org/wiki/Lactarius_salmonicolor,https://inaturalist-open-data.s3.amazonaws.com/photos/109848229/medium.jpg,cc-by-nc,"(c) Federico Calledda, some rights reserved (CC BY-NC), uploaded by Federico Calledda",Lactarius salmonicolor,Lactarius salmonicolor,3RS8B,Lactarius salmonicolor,Lactarius salmonicolor,variant,,,Eukaryota|Fungi|Basidiomycota|Agaricomycetes|Russulales|Russulaceae|Lactarius|Lactarius salmonicolor,,species,species,Catalogue of Life,1,Eukaryota,Fungi,Basidiomycota,Agaricomycetes,Russulales,Russulaceae,Lactarius,accepted,variant,3RS8B,315834,10.48580/dgykv,https://www.checklistbank.org/dataset/315834,Catalogue of Life 2026-07-17 XR
species,56582,Lasiocampa quercus,species,Oak Eggar,Insecta,2,26808,http://en.wikipedia.org/wiki/Lasiocampa_quercus,https://inaturalist-open-data.s3.amazonaws.com/photos/29068332/medium.jpg,cc-by-nc,"(c) Andrey Ponomarev, some rights reserved (CC BY-NC), uploaded by Andrey Ponomarev",Lasiocampa quercus,Lasiocampa quercus,3SD5X,Lasiocampa quercus,Lasiocampa quercus,variant,,,Eukaryota|Animalia|Arthropoda|Hexapoda|Insecta|Lepidoptera|Lasiocampoidea|Lasiocampidae|Lasiocampinae|Lasiocampa|Lasiocampa quercus,,species,species,Catalogue of Life,1,Eukaryota,Animalia,Arthropoda,Insecta,Lepidoptera,Lasiocampidae,Lasiocampa,accepted,variant,3SD5X,315834,10.48580/dgykv,https://www.checklistbank.org/dataset/315834,Catalogue of Life 2026-07-17 XR
species,1525548,Collybia nuda,species,Blewit,Fungi,1,30510,https://en.wikipedia.org/wiki/Collybia_nuda,https://inaturalist-open-data.s3.amazonaws.com/photos/57891023/medium.jpeg,cc-by,"(c) Alan Rockefeller, some rights reserved (CC BY), uploaded by Alan Rockefeller",Lepista nuda,Lepista nuda,3TFST,Collybia nuda,Lepista nuda,variant,,,Eukaryota|Fungi|Basidiomycota|Agaricomycetes|Agaricales|Tricholomataceae|Lepista|Lepista nuda,,species,species,Catalogue of Life,1,Eukaryota,Fungi,Basidiomycota,Agaricomycetes,Agaricales,Tricholomataceae,Lepista,synonym,variant,3TFST,315834,10.48580/dgykv,https://www.checklistbank.org/dataset/315834,Catalogue of Life 2026-07-17 XR
species,468881,Leucania comma,species,Shoulder-striped Wainscot,Insecta,1,1805,http://en.wikipedia.org/wiki/Shoulder-striped_wainscot,https://static.inaturalist.org/photos/8446295/medium.jpg,,"(c) Tig, all rights reserved, uploaded by Tig",Leucania (Leucania) comma,Leucania (Leucania) comma,723SL,Leucania comma,Leucania (Leucania) comma,variant,,,Eukaryota|Animalia|Arthropoda|Hexapoda|Insecta|Lepidoptera|Noctuoidea|Noctuidae|Noctuinae|Leucaniini|Leucania|Leucania (Leucania)|Leucania (Leucania) comma,,species,species,Catalogue of Life,1,Eukaryota,Animalia,Arthropoda,Insecta,Lepidoptera,Noctuidae,Leucania,accepted,variant,723SL,315834,10.48580/dgykv,https://www.checklistbank.org/dataset/315834,Catalogue of Life 2026-07-17 XR
species,567068,Leucocortinarius bulbiger,species,white webcap,Fungi,1,478,https://en.wikipedia.org/wiki/Leucocortinarius,https://inaturalist-open-data.s3.amazonaws.com/photos/175407232/medium.jpg,cc-by-nc,"(c) Nicolò Oppicelli, some rights reserved (CC BY-NC), uploaded by Nicolò Oppicelli",Leucocortinarius bulbiger,Leucocortinarius bulbiger,6Q583,Leucocortinarius bulbiger,Leucocortinarius bulbiger,variant,,,Eukaryota|Fungi|Basidiomycota|Agaricomycetes|Agaricales|Tricholomataceae|Leucocortinarius|Leucocortinarius bulbiger,,species,species,Catalogue of Life,1,Eukaryota,Fungi,Basidiomycota,Agaricomycetes,Agaricales,Tricholomataceae,Leucocortinarius,accepted,variant,6Q583,315834,10.48580/dgykv,https://www.checklistbank.org/dataset/315834,Catalogue of Life 2026-07-17 XR
species,563098,Libellula depressa,species,Broad-bodied Chaser,Insecta,1,25326,http://en.wikipedia.org/wiki/Libellula_depressa,https://inaturalist-open-data.s3.amazonaws.com/photos/16473/medium.jpg,cc-by,"(c) Thomas Bresson, some rights reserved (CC BY)",Libellula depressa,Libellula depressa,6PWQF,Libellula depressa,Libellula depressa,variant,,,Eukaryota|Animalia|Arthropoda|Hexapoda|Insecta|Odonata|Anisoptera|Libelluloidea|Libellulidae|Libellula|Libellula depressa,,species,species,Catalogue of Life,1,Eukaryota,Animalia,Arthropoda,Insecta,Odonata,Libellulidae,Libellula,accepted,variant,6PWQF,315834,10.48580/dgykv,https://www.checklistbank.org/dataset/315834,Catalogue of Life 2026-07-17 XR
species,482294,Lilium albanicum,species,Albanian Lily,Plantae,1,84,https://en.wikipedia.org/wiki/Lilium_albanicum,https://inaturalist-open-data.s3.amazonaws.com/photos/562467054/medium.jpg,cc-by-nc,"(c) Tomasz Piotr Kozlowski, some rights reserved (CC BY-NC), uploaded by Tomasz Piotr Kozlowski",Lilium albanicum,Lilium albanicum,6PYMW,Lilium albanicum,Lilium albanicum,variant,,,Eukaryota|Plantae|Pteridobiotina|Tracheophyta|Liliopsida|Liliales|Liliaceae|Lilium|Lilium albanicum,,species,species,Catalogue of Life,1,Eukaryota,Plantae,Tracheophyta,Liliopsida,Liliales,Liliaceae,Lilium,accepted,variant,6PYMW,315834,10.48580/dgykv,https://www.checklistbank.org/dataset/315834,Catalogue of Life 2026-07-17 XR
species,143291,Limax cinereoniger,species,Ash-black Slug,Mollusca,1,17039,http://en.wikipedia.org/wiki/Limax_cinereoniger,https://inaturalist-open-data.s3.amazonaws.com/photos/25747216/medium.jpg,cc-by-nc,"(c) Nikolai Vladimirov, some rights reserved (CC BY-NC), uploaded by Nikolai Vladimirov",Limax cinereoniger,Limax cinereoniger,72BCD,Limax cinereoniger,Limax cinereoniger,variant,,,Eukaryota|Animalia|Mollusca|Gastropoda|Heterobranchia|Euthyneura|Tectipleura|Eupulmonata|Limacoidei|Limacoidea|Limacidae|Limacinae|Limax|Limax cinereoniger,,species,species,Catalogue of Life,1,Eukaryota,Animalia,Mollusca,Gastropoda,,Limacidae,Limax,accepted,variant,72BCD,315834,10.48580/dgykv,https://www.checklistbank.org/dataset/315834,Catalogue of Life 2026-07-17 XR
species,558634,Linaria cannabina,species,Eurasian Linnet,Aves,1,59379,https://en.wikipedia.org/wiki/Common_linnet,https://inaturalist-open-data.s3.amazonaws.com/photos/447125732/medium.jpg,cc-by-nc,"(c) Samuel Beyertt, some rights reserved (CC BY-NC), uploaded by Samuel Beyertt",Linaria cannabina,Linaria cannabina,72F75,Linaria cannabina,Linaria cannabina,variant,,,Eukaryota|Animalia|Chordata|Vertebrata|Gnathostomata|Osteichthyes|Tetrapoda|Aves|Passeriformes|Fringillidae|Linaria|Linaria cannabina,,species,species,Catalogue of Life,1,Eukaryota,Animalia,Chordata,Aves,Passeriformes,Fringillidae,Linaria,accepted,variant,72F75,315834,10.48580/dgykv,https://www.checklistbank.org/dataset/315834,Catalogue of Life 2026-07-17 XR
species,124548,Lonicera xylosteum,species,Fly Honeysuckle,Plantae,1,32608,https://en.wikipedia.org/wiki/Lonicera_xylosteum,https://inaturalist-open-data.s3.amazonaws.com/photos/10145765/medium.jpeg,cc-by-nc,"(c) Rob Routledge, some rights reserved (CC BY-NC), uploaded by Rob Routledge",Lonicera xylosteum,Lonicera xylosteum,3VZJR,Lonicera xylosteum,Lonicera xylosteum,variant,,,Eukaryota|Plantae|Pteridobiotina|Tracheophyta|Magnoliopsida|Dipsacales|Caprifoliaceae|Caprifolioideae|Lonicera|Lonicera xylosteum,,species,species,Catalogue of Life,1,Eukaryota,Plantae,Tracheophyta,Magnoliopsida,Dipsacales,Caprifoliaceae,Lonicera,accepted,variant,3VZJR,315834,10.48580/dgykv,https://www.checklistbank.org/dataset/315834,Catalogue of Life 2026-07-17 XR
species,1501832,Lophiolepis eriophora,species,Woolly Thistle,Plantae,3,6630,https://en.wikipedia.org/wiki/Cirsium_eriophorum,https://inaturalist-open-data.s3.amazonaws.com/photos/11193395/medium.jpeg,cc-by,"(c) Kostas Zontanos, some rights reserved (CC BY), uploaded by Kostas Zontanos",Lophiolepis eriophora,Lophiolepis eriophora,B2Z47,Lophiolepis eriophora,Lophiolepis eriophora,variant,,,Eukaryota|Plantae|Pteridobiotina|Tracheophyta|Magnoliopsida|Asterales|Asteraceae|Carduoideae|Cardueae|Carduinae|Lophiolepis|Lophiolepis eriophora,,species,species,Catalogue of Life,1,Eukaryota,Plantae,Tracheophyta,Magnoliopsida,Asterales,Asteraceae,Lophiolepis,accepted,variant,B2Z47,315834,10.48580/dgykv,https://www.checklistbank.org/dataset/315834,Catalogue of Life 2026-07-17 XR
species,164811,Lophozia wenzelii,species,Wenzel's Notchwort,Plantae,1,35,https://en.wikipedia.org/wiki/Lophozia_wenzelii,https://inaturalist-open-data.s3.amazonaws.com/photos/359767308/medium.jpg,cc-by-nc,"(c) michael-lueth, some rights reserved (CC BY-NC)",Lophozia wenzelii,Lophozia wenzelii,3W4TH,Lophozia wenzelii,Lophozia wenzelii,variant,,,Eukaryota|Plantae|Bryobiotina|Marchantiophyta|Jungermanniopsida|Jungermanniidae|Lophoziales|Lophoziaceae|Lophozia|Lophozia wenzelii,,species,species,Catalogue of Life,1,Eukaryota,Plantae,Marchantiophyta,Jungermanniopsida,Lophoziales,Lophoziaceae,Lophozia,accepted,variant,3W4TH,315834,10.48580/dgykv,https://www.checklistbank.org/dataset/315834,Catalogue of Life 2026-07-17 XR
species,47435,Lotus corniculatus,species,bird's-foot trefoil,Plantae,1,156851,http://en.wikipedia.org/wiki/Lotus_corniculatus,https://inaturalist-open-data.s3.amazonaws.com/photos/10133360/medium.jpg,cc-by-sa,"(c) Andreas Rockstein, some rights reserved (CC BY-SA)",Lotus corniculatus,Lotus corniculatus,3W7ZK,Lotus corniculatus,Lotus corniculatus,variant,,,Eukaryota|Plantae|Pteridobiotina|Tracheophyta|Magnoliopsida|Fabales|Fabaceae|Lotus|Lotus corniculatus,,species,species,Catalogue of Life,1,Eukaryota,Plantae,Tracheophyta,Magnoliopsida,Fabales,Fabaceae,Lotus,accepted,variant,3W7ZK,315834,10.48580/dgykv,https://www.checklistbank.org/dataset/315834,Catalogue of Life 2026-07-17 XR
species,77899,Luzula spicata,species,Spiked Woodrush,Plantae,2,1090,http://en.wikipedia.org/wiki/Luzula_spicata,https://inaturalist-open-data.s3.amazonaws.com/photos/313498140/medium.jpeg,cc-by-nc,"(c) Věra Kafková, some rights reserved (CC BY-NC), uploaded by Věra Kafková",Luzula spicata,Luzula spicata,3WHK7,Luzula spicata,Luzula spicata,variant,,,Eukaryota|Plantae|Pteridobiotina|Tracheophyta|Liliopsida|Poales|Juncaceae|Luzula|Luzula spicata,,species,species,Catalogue of Life,1,Eukaryota,Plantae,Tracheophyta,Liliopsida,Poales,Juncaceae,Luzula,accepted,variant,3WHK7,315834,10.48580/dgykv,https://www.checklistbank.org/dataset/315834,Catalogue of Life 2026-07-17 XR
species,55655,Lycaena phlaeas,species,Small Copper,Insecta,1,74370,http://en.wikipedia.org/wiki/Lycaena_phlaeas,https://inaturalist-open-data.s3.amazonaws.com/photos/9450/medium.jpg,cc-by-nc,"(c) scarabaeus_58, some rights reserved (CC BY-NC)",Lycaena phlaeas,Lycaena phlaeas,3WJ52,Lycaena phlaeas,Lycaena phlaeas,variant,,,Eukaryota|Animalia|Arthropoda|Hexapoda|Insecta|Lepidoptera|Papilionoidea|Lycaenidae|Lycaeninae|Lycaena|Lycaena phlaeas,,species,species,Catalogue of Life,1,Eukaryota,Animalia,Arthropoda,Insecta,Lepidoptera,Lycaenidae,Lycaena,accepted,variant,3WJ52,315834,10.48580/dgykv,https://www.checklistbank.org/dataset/315834,Catalogue of Life 2026-07-17 XR
species,154654,Lycaena tityrus,species,Sooty Copper,Insecta,1,20568,http://en.wikipedia.org/wiki/Lycaena_tityrus,https://inaturalist-open-data.s3.amazonaws.com/photos/339026/medium.jpg,cc-by-nc-sa,"(c) Jose Delgar, some rights reserved (CC BY-NC-SA)",Lycaena tityrus,Lycaena tityrus,CBBVV,Lycaena tityrus,Lycaena tityrus,variant,,,Eukaryota|Animalia|Arthropoda|Hexapoda|Insecta|Lepidoptera|Papilionoidea|Lycaenidae|Lycaeninae|Lycaena|Lycaena tityrus,,species,species,Catalogue of Life,1,Eukaryota,Animalia,Arthropoda,Insecta,Lepidoptera,Lycaenidae,Lycaena,accepted,variant,CBBVV,315834,10.48580/dgykv,https://www.checklistbank.org/dataset/315834,Catalogue of Life 2026-07-17 XR
species,48443,Lycoperdon perlatum,species,common puffball,Fungi,1,55963,https://en.wikipedia.org/wiki/Lycoperdon_perlatum,https://inaturalist-open-data.s3.amazonaws.com/photos/237728653/medium.jpg,cc-by-nc,"(c) Stephan Pflume, some rights reserved (CC BY-NC), uploaded by Stephan Pflume",Lycoperdon perlatum,Lycoperdon perlatum,3WLKC,Lycoperdon perlatum,Lycoperdon perlatum,variant,,,Eukaryota|Fungi|Basidiomycota|Agaricomycetes|Agaricales|Lycoperdaceae|Lycoperdon|Lycoperdon perlatum,,species,species,Catalogue of Life,1,Eukaryota,Fungi,Basidiomycota,Agaricomycetes,Agaricales,Lycoperdaceae,Lycoperdon,accepted,variant,3WLKC,315834,10.48580/dgykv,https://www.checklistbank.org/dataset/315834,Catalogue of Life 2026-07-17 XR
species,180365,Lycoperdon utriforme,species,Mosaic puffball,Fungi,1,5990,,https://inaturalist-open-data.s3.amazonaws.com/photos/10409995/medium.jpeg,cc-by-nc,"(c) Pablo de la Fuente Brun, some rights reserved (CC BY-NC), uploaded by Pablo de la Fuente Brun",Lycoperdon utriforme,Lycoperdon utriforme,3WLN7,Lycoperdon utriforme,Lycoperdon utriforme,variant,,,Eukaryota|Fungi|Basidiomycota|Agaricomycetes|Agaricales|Agaricaceae|Lycoperdon|Lycoperdon utriforme,,species,species,Catalogue of Life,1,Eukaryota,Fungi,Basidiomycota,Agaricomycetes,Agaricales,Agaricaceae,Lycoperdon,accepted,variant,3WLN7,315834,10.48580/dgykv,https://www.checklistbank.org/dataset/315834,Catalogue of Life 2026-07-17 XR
species,63401,Macrolepiota procera,species,Parasol,Fungi,1,32792,http://en.wikipedia.org/wiki/Macrolepiota_procera,https://inaturalist-open-data.s3.amazonaws.com/photos/440636205/medium.jpeg,cc-by,"(c) Lucian Clanet, some rights reserved (CC BY), uploaded by Lucian Clanet",Macrolepiota procera,Macrolepiota procera,3X5NV,Macrolepiota procera,Macrolepiota procera,variant,,,Eukaryota|Fungi|Basidiomycota|Agaricomycetes|Agaricales|Agaricaceae|Macrolepiota|Macrolepiota procera,,species,species,Catalogue of Life,1,Eukaryota,Fungi,Basidiomycota,Agaricomycetes,Agaricales,Agaricaceae,Macrolepiota,accepted,variant,3X5NV,315834,10.48580/dgykv,https://www.checklistbank.org/dataset/315834,Catalogue of Life 2026-07-17 XR
species,165098,Malcolmia maritima,species,Virginia Stock,Plantae,2,1108,http://en.wikipedia.org/wiki/Malcolmia_maritima,https://inaturalist-open-data.s3.amazonaws.com/photos/16146662/medium.jpeg,cc-by-nc,"(c) Jakob Fahr, some rights reserved (CC BY-NC), uploaded by Jakob Fahr",Malcolmia maritima,Malcolmia maritima,3XMH7,Malcolmia maritima,Malcolmia maritima,variant,,,Eukaryota|Plantae|Pteridobiotina|Tracheophyta|Magnoliopsida|Capparales|Brassicaceae|Brassicoideae|Malcolmieae|Malcolmia|Malcolmia maritima,,species,species,Catalogue of Life,1,Eukaryota,Plantae,Tracheophyta,Magnoliopsida,Capparales,Brassicaceae,Malcolmia,accepted,variant,3XMH7,315834,10.48580/dgykv,https://www.checklistbank.org/dataset/315834,Catalogue of Life 2026-07-17 XR
species,132875,Melitaea athalia,species,Heath Fritillary,Insecta,1,17022,http://en.wikipedia.org/wiki/Heath_fritillary,https://inaturalist-open-data.s3.amazonaws.com/photos/733810/medium.jpg,cc-by-nc-sa,"(c) Anne SORBES, some rights reserved (CC BY-NC-SA), uploaded by Anne SORBES",Mellicta athalia,Mellicta athalia,3ZL64,Melitaea athalia,Mellicta athalia,variant,,,Eukaryota|Animalia|Arthropoda|Hexapoda|Insecta|Lepidoptera|Papilionoidea|Nymphalidae|Nymphalinae|Melitaeini|Mellicta|Mellicta athalia,,species,species,Catalogue of Life,1,Eukaryota,Animalia,Arthropoda,Insecta,Lepidoptera,Nymphalidae,Mellicta,ambiguous synonym,variant,3ZL64,315834,10.48580/dgykv,https://www.checklistbank.org/dataset/315834,Catalogue of Life 2026-07-17 XR
species,498889,Meloe brevicollis,species,Short-necked Oil Beetle,Insecta,1,398,http://en.wikipedia.org/wiki/Meloe_brevicollis,https://inaturalist-open-data.s3.amazonaws.com/photos/12568247/medium.jpg,cc-by-nc,"(c) Nikolai Vladimirov, some rights reserved (CC BY-NC), uploaded by Nikolai Vladimirov",Meloe brevicollis,Meloe brevicollis,QHHF7,Meloe brevicollis,Meloe brevicollis,variant,,,Eukaryota|Animalia|Arthropoda|Hexapoda|Insecta|Coleoptera|Polyphaga|Cucujiformia|Tenebrionoidea|Meloidae|Meloinae|Meloini|Meloe|Meloe brevicollis,,species,species,Catalogue of Life,1,Eukaryota,Animalia,Arthropoda,Insecta,Coleoptera,Meloidae,Meloe,accepted,variant,QHHF7,315834,10.48580/dgykv,https://www.checklistbank.org/dataset/315834,Catalogue of Life 2026-07-17 XR
species,82109,Meloe proscarabaeus,species,Black Oil Beetle,Insecta,1,16057,http://en.wikipedia.org/wiki/Meloe_proscarabaeus,https://inaturalist-open-data.s3.amazonaws.com/photos/81688574/medium.jpg,cc-by,"(c) 
Soproni János, some rights reserved (CC BY)",Meloe proscarabaeus,Meloe proscarabaeus,QHHJ6,Meloe proscarabaeus,Meloe proscarabaeus,variant,,,Eukaryota|Animalia|Arthropoda|Hexapoda|Insecta|Coleoptera|Polyphaga|Cucujiformia|Tenebrionoidea|Meloidae|Meloinae|Meloini|Meloe|Meloe proscarabaeus,,species,species,Catalogue of Life,1,Eukaryota,Animalia,Arthropoda,Insecta,Coleoptera,Meloidae,Meloe,accepted,variant,QHHJ6,315834,10.48580/dgykv,https://www.checklistbank.org/dataset/315834,Catalogue of Life 2026-07-17 XR
species,323003,Minuartia recurva,species,Curved Sandwort,Plantae,1,581,https://en.wikipedia.org/wiki/Minuartia_recurva,https://inaturalist-open-data.s3.amazonaws.com/photos/410521/medium.jpg,cc-by-nc,"(c) 103917170835602529469, some rights reserved (CC BY-NC), uploaded by 103917170835602529469",Minuartia recurva,Minuartia recurva,73LX8,Minuartia recurva,Minuartia recurva,variant,,,Eukaryota|Plantae|Pteridobiotina|Tracheophyta|Magnoliopsida|Caryophyllales|Caryophyllaceae|Sagineae|Minuartia|Minuartia recurva,,species,species,Catalogue of Life,1,Eukaryota,Plantae,Tracheophyta,Magnoliopsida,Caryophyllales,Caryophyllaceae,Minuartia,accepted,variant,73LX8,315834,10.48580/dgykv,https://www.checklistbank.org/dataset/315834,Catalogue of Life 2026-07-17 XR
species,204544,Montifringilla nivalis,species,White-winged Snowfinch,Aves,1,2919,http://en.wikipedia.org/wiki/White-winged_snowfinch,https://inaturalist-open-data.s3.amazonaws.com/photos/27975599/medium.jpg,cc-by-nc-nd,"(c) Jessica Peruzzo, some rights reserved (CC BY-NC-ND), uploaded by Jessica Peruzzo",Montifringilla nivalis,Montifringilla nivalis,44B99,Montifringilla nivalis,Montifringilla nivalis,variant,,,Eukaryota|Animalia|Chordata|Vertebrata|Gnathostomata|Osteichthyes|Tetrapoda|Aves|Passeriformes|Passeridae|Montifringilla|Montifringilla nivalis,,species,species,Catalogue of Life,1,Eukaryota,Animalia,Chordata,Aves,Passeriformes,Passeridae,Montifringilla,accepted,variant,44B99,315834,10.48580/dgykv,https://www.checklistbank.org/dataset/315834,Catalogue of Life 2026-07-17 XR
species,56134,Muscari botryoides,species,common grape hyacinth,Plantae,2,14037,http://en.wikipedia.org/wiki/Muscari_botryoides,https://static.inaturalist.org/photos/361793181/medium.jpg,,"(c) johnbotany, all rights reserved, uploaded by johnbotany",Muscari botryoides,Muscari botryoides,44PWX,Muscari botryoides,Muscari botryoides,variant,,,Eukaryota|Plantae|Pteridobiotina|Tracheophyta|Liliopsida|Asparagales|Asparagaceae|Muscari|Muscari botryoides,,species,species,Catalogue of Life,1,Eukaryota,Plantae,Tracheophyta,Liliopsida,Asparagales,Asparagaceae,Muscari,accepted,variant,44PWX,315834,10.48580/dgykv,https://www.checklistbank.org/dataset/315834,Catalogue of Life 2026-07-17 XR
species,83081,Myosotis alpestris,species,Alpine forget-me-not,Plantae,3,6472,http://en.wikipedia.org/wiki/Myosotis_alpestris,https://inaturalist-open-data.s3.amazonaws.com/photos/294736757/medium.jpeg,cc-by-nc,"(c) Dragonfyre, some rights reserved (CC BY-NC), uploaded by Dragonfyre",Myosotis alpestris,Myosotis alpestris,455SL,Myosotis alpestris,Myosotis alpestris,variant,,,Eukaryota|Plantae|Pteridobiotina|Tracheophyta|Magnoliopsida|Boraginales|Boraginaceae|Cynoglossoideae|Myosotideae|Myosotis|Myosotis alpestris,,species,species,Catalogue of Life,1,Eukaryota,Plantae,Tracheophyta,Magnoliopsida,Boraginales,Boraginaceae,Myosotis,accepted,variant,455SL,315834,10.48580/dgykv,https://www.checklistbank.org/dataset/315834,Catalogue of Life 2026-07-17 XR
species,165653,Nardus stricta,species,Matgrass,Plantae,1,4433,http://en.wikipedia.org/wiki/Nardus,https://inaturalist-open-data.s3.amazonaws.com/photos/47813422/medium.jpg,cc-by-nc,"(c) frahome, some rights reserved (CC BY-NC), uploaded by frahome",Nardus stricta,Nardus stricta,45PLC,Nardus stricta,Nardus stricta,variant,,,Eukaryota|Plantae|Pteridobiotina|Tracheophyta|Liliopsida|Poales|Poaceae|Nardus|Nardus stricta,,species,species,Catalogue of Life,1,Eukaryota,Plantae,Tracheophyta,Liliopsida,Poales,Poaceae,Nardus,accepted,variant,45PLC,315834,10.48580/dgykv,https://www.checklistbank.org/dataset/315834,Catalogue of Life 2026-07-17 XR
species,553907,Neoboletus erythropus,species,Dotted Stem Bolete,Fungi,1,8710,,https://inaturalist-open-data.s3.amazonaws.com/photos/326321427/medium.jpg,cc-by-nc,"(c) Federico Calledda, some rights reserved (CC BY-NC), uploaded by Federico Calledda",Neoboletus erythropus,Neoboletus erythropus,9ZC6Y,Neoboletus erythropus,Neoboletus erythropus,variant,,,Eukaryota|Fungi|Basidiomycota|Agaricomycetes|Boletales|Boletaceae|Neoboletus|Neoboletus erythropus,,species,species,Catalogue of Life,1,Eukaryota,Fungi,Basidiomycota,Agaricomycetes,Boletales,Boletaceae,Neoboletus,accepted,variant,9ZC6Y,315834,10.48580/dgykv,https://www.checklistbank.org/dataset/315834,Catalogue of Life 2026-07-17 XR
species,1279786,Noccaea bellidifolia,species,,Plantae,1,24,,https://static.inaturalist.org/photos/111599384/medium.jpeg,,"(c) Marko Doboš, all rights reserved, uploaded by Marko Doboš",Noccaea bellidifolia,Noccaea bellidifolia,47KPW,Noccaea bellidifolia,Noccaea bellidifolia,variant,,,Eukaryota|Plantae|Pteridobiotina|Tracheophyta|Magnoliopsida|Capparales|Brassicaceae|Brassicoideae|Coluteocarpeae|Noccaea|Noccaea bellidifolia,,species,species,Catalogue of Life,1,Eukaryota,Plantae,Tracheophyta,Magnoliopsida,Capparales,Brassicaceae,Noccaea,accepted,variant,47KPW,315834,10.48580/dgykv,https://www.checklistbank.org/dataset/315834,Catalogue of Life 2026-07-17 XR
species,204552,Nucifraga caryocatactes,species,Northern Nutcracker,Aves,2,9397,http://en.wikipedia.org/wiki/Spotted_nutcracker,https://inaturalist-open-data.s3.amazonaws.com/photos/28580558/medium.jpg,cc-by-sa,"(c) Alpsdake, some rights reserved (CC BY-SA)",Nucifraga caryocatactes,Nucifraga caryocatactes,482M4,Nucifraga caryocatactes,Nucifraga caryocatactes,variant,,,Eukaryota|Animalia|Chordata|Vertebrata|Gnathostomata|Osteichthyes|Tetrapoda|Aves|Passeriformes|Corvidae|Nucifraga|Nucifraga caryocatactes,,species,species,Catalogue of Life,1,Eukaryota,Animalia,Chordata,Aves,Passeriformes,Corvidae,Nucifraga,accepted,variant,482M4,315834,10.48580/dgykv,https://www.checklistbank.org/dataset/315834,Catalogue of Life 2026-07-17 XR
species,324088,Nymphalis polychloros,species,Large Tortoiseshell,Insecta,1,11551,http://en.wikipedia.org/wiki/Large_tortoiseshell,https://static.inaturalist.org/photos/23216548/medium.jpeg,,"(c) EBIOPT, all rights reserved, uploaded by EBIOPT",Nymphalis polychloros,Nymphalis polychloros,486HF,Nymphalis polychloros,Nymphalis polychloros,variant,,,Eukaryota|Animalia|Arthropoda|Hexapoda|Insecta|Lepidoptera|Papilionoidea|Nymphalidae|Nymphalinae|Nymphalini|Nymphalis|Nymphalis polychloros,,species,species,Catalogue of Life,1,Eukaryota,Animalia,Arthropoda,Insecta,Lepidoptera,Nymphalidae,Nymphalis,accepted,variant,486HF,315834,10.48580/dgykv,https://www.checklistbank.org/dataset/315834,Catalogue of Life 2026-07-17 XR
species,12822,Oenanthe oenanthe,species,Northern Wheatear,Aves,3,48756,http://en.wikipedia.org/wiki/Northern_wheatear,https://inaturalist-open-data.s3.amazonaws.com/photos/67410847/medium.jpeg,cc-by-nc,"(c) nfeddu, some rights reserved (CC BY-NC), uploaded by nfeddu",Oenanthe oenanthe,Oenanthe oenanthe,48X9H,Oenanthe oenanthe,Oenanthe oenanthe,variant,,,Eukaryota|Animalia|Chordata|Vertebrata|Gnathostomata|Osteichthyes|Tetrapoda|Aves|Passeriformes|Muscicapidae|Oenanthe|Oenanthe oenanthe,,species,species,Catalogue of Life,1,Eukaryota,Animalia,Chordata,Aves,Passeriformes,Muscicapidae,Oenanthe,accepted,variant,48X9H,315834,10.48580/dgykv,https://www.checklistbank.org/dataset/315834,Catalogue of Life 2026-07-17 XR
species,60031,Orobanche alba,species,Thyme Broomrape,Plantae,1,2919,https://en.wikipedia.org/wiki/Orobanche_alba,https://static.inaturalist.org/photos/40643207/medium.jpg,,"(c) František Bednár, all rights reserved, uploaded by František Bednár",Orobanche alba,Orobanche alba,6T7S4,Orobanche alba,Orobanche alba,ambiguous,,,Eukaryota|Plantae|Pteridobiotina|Tracheophyta|Magnoliopsida|Lamiales|Orobanchaceae|Orobancheae|Orobanche|Orobanche alba,,species,species,Catalogue of Life,1,Eukaryota,Plantae,Tracheophyta,Magnoliopsida,Lamiales,Orobanchaceae,Orobanche,accepted,ambiguous,6T7S4,315834,10.48580/dgykv,https://www.checklistbank.org/dataset/315834,Catalogue of Life 2026-07-17 XR
species,68328,Oxythyrea funesta,species,Mediterranean Spotted Chafer,Insecta,1,61862,https://en.wikipedia.org/wiki/Oxythyrea_funesta,https://inaturalist-open-data.s3.amazonaws.com/photos/409992902/medium.jpg,cc-by-nc,"(c) Ryszard, some rights reserved (CC BY-NC)",Oxythyrea (Oxythyrea) funesta,Oxythyrea (Oxythyrea) funesta,4BLJH,Oxythyrea funesta,Oxythyrea (Oxythyrea) funesta,variant,,,Eukaryota|Animalia|Arthropoda|Hexapoda|Insecta|Coleoptera|Polyphaga|Staphyliniformia|Scarabaeoidea|Scarabaeidae|Cetoniinae|Cetoniini|Leucocelina|Oxythyrea|Oxythyrea (Oxythyrea)|Oxythyrea (Oxythyrea) funesta,,species,species,Catalogue of Life,1,Eukaryota,Animalia,Arthropoda,Insecta,Coleoptera,Scarabaeidae,Oxythyrea,accepted,variant,4BLJH,315834,10.48580/dgykv,https://www.checklistbank.org/dataset/315834,Catalogue of Life 2026-07-17 XR
species,465762,Lycaena candens,species,Balkan Copper,Insecta,4,351,https://en.wikipedia.org/wiki/Lycaena_candens,https://inaturalist-open-data.s3.amazonaws.com/photos/63079790/medium.jpg,cc-by-nc,"(c) Norbert Sauberer, some rights reserved (CC BY-NC), uploaded by Norbert Sauberer",Palaeochrysophanus candens,Palaeochrysophanus candens,4C2B3,Lycaena candens,Palaeochrysophanus candens,variant,,,Eukaryota|Animalia|Arthropoda|Hexapoda|Insecta|Lepidoptera|Papilionoidea|Lycaenidae|Palaeochrysophanus|Palaeochrysophanus candens,,species,species,Catalogue of Life,1,Eukaryota,Animalia,Arthropoda,Insecta,Lepidoptera,Lycaenidae,Palaeochrysophanus,synonym,variant,4C2B3,315834,10.48580/dgykv,https://www.checklistbank.org/dataset/315834,Catalogue of Life 2026-07-17 XR
species,166064,Palustriella commutata,species,Curled Hook-moss,Plantae,2,1859,http://en.wikipedia.org/wiki/Palustriella_commutata,https://inaturalist-open-data.s3.amazonaws.com/photos/411039700/medium.jpeg,cc-by,"(c) hadynrmurray, some rights reserved (CC BY)",Palustriella commutata,Palustriella commutata,4C83S,Palustriella commutata,Palustriella commutata,variant,,,Eukaryota|Plantae|Bryobiotina|Bryophyta|Bryopsida|Bryidae|Hypnanae|Hypnales|Amblystegiaceae|Palustriella|Palustriella commutata,,species,species,Catalogue of Life,1,Eukaryota,Plantae,Bryophyta,Bryopsida,Hypnales,Amblystegiaceae,Palustriella,accepted,variant,4C83S,315834,10.48580/dgykv,https://www.checklistbank.org/dataset/315834,Catalogue of Life 2026-07-17 XR
species,124539,Panaeolus semiovatus,species,Shiny Mottlegill,Fungi,1,2693,http://en.wikipedia.org/wiki/Panaeolus_semiovatus_var._semiovatus,https://inaturalist-open-data.s3.amazonaws.com/photos/77915877/medium.jpg,cc-by-nc,"(c) Rob’t, some rights reserved (CC BY-NC), uploaded by Rob’t",Panaeolus semiovatus,Panaeolus semiovatus,4C96Q,Panaeolus semiovatus,Panaeolus semiovatus,variant,,,Eukaryota|Fungi|Basidiomycota|Agaricomycetes|Agaricales|Galeropsidaceae|Panaeolus|Panaeolus semiovatus,,species,species,Catalogue of Life,1,Eukaryota,Fungi,Basidiomycota,Agaricomycetes,Agaricales,Galeropsidaceae,Panaeolus,accepted,variant,4C96Q,315834,10.48580/dgykv,https://www.checklistbank.org/dataset/315834,Catalogue of Life 2026-07-17 XR
species,123629,Lasiommata maera,species,Large Wall Brown,Insecta,2,15747,http://en.wikipedia.org/wiki/Lasiommata_maera,https://static.inaturalist.org/photos/105057715/medium.jpeg,,"(c) Raniero Panfili, all rights reserved, uploaded by Raniero Panfili",Pararge maera,Pararge maera,6TQRY,Lasiommata maera,Pararge maera,variant,,,Eukaryota|Animalia|Arthropoda|Hexapoda|Insecta|Lepidoptera|Papilionoidea|Nymphalidae|Satyrinae|Elymniini|Pararge|Pararge maera,,species,species,Catalogue of Life,1,Eukaryota,Animalia,Arthropoda,Insecta,Lepidoptera,Nymphalidae,Pararge,synonym,variant,6TQRY,315834,10.48580/dgykv,https://www.checklistbank.org/dataset/315834,Catalogue of Life 2026-07-17 XR
species,166247,Pedicularis oederi,species,Oeder's Lousewort,Plantae,2,1493,https://en.wikipedia.org/wiki/Pedicularis_oederi,https://inaturalist-open-data.s3.amazonaws.com/photos/92971969/medium.jpg,cc-by-nc,"(c) Богданович Светлана, some rights reserved (CC BY-NC), uploaded by Богданович Светлана",Pedicularis oederi,Pedicularis oederi,75WWQ,Pedicularis oederi,Pedicularis oederi,variant,,,Eukaryota|Plantae|Pteridobiotina|Tracheophyta|Magnoliopsida|Lamiales|Orobanchaceae|Pedicularideae|Pedicularis|Pedicularis oederi,,species,species,Catalogue of Life,1,Eukaryota,Plantae,Tracheophyta,Magnoliopsida,Lamiales,Orobanchaceae,Pedicularis,accepted,variant,75WWQ,315834,10.48580/dgykv,https://www.checklistbank.org/dataset/315834,Catalogue of Life 2026-07-17 XR
species,166253,Pedicularis verticillata,species,Whorled Lousewort,Plantae,1,4721,http://en.wikipedia.org/wiki/Pedicularis_verticillata,https://inaturalist-open-data.s3.amazonaws.com/photos/6130591/medium.jpg,cc-by-nc-sa,"(c) M. Goff, some rights reserved (CC BY-NC-SA), uploaded by M. Goff",Pedicularis verticillata,Pedicularis verticillata,768KC,Pedicularis verticillata,Pedicularis verticillata,variant,,,Eukaryota|Plantae|Pteridobiotina|Tracheophyta|Magnoliopsida|Lamiales|Orobanchaceae|Pedicularideae|Pedicularis|Pedicularis verticillata,,species,species,Catalogue of Life,1,Eukaryota,Plantae,Tracheophyta,Magnoliopsida,Lamiales,Orobanchaceae,Pedicularis,accepted,variant,768KC,315834,10.48580/dgykv,https://www.checklistbank.org/dataset/315834,Catalogue of Life 2026-07-17 XR
species,144823,Periparus ater,species,Coal Tit,Aves,2,46138,http://en.wikipedia.org/wiki/Coal_tit,https://inaturalist-open-data.s3.amazonaws.com/photos/436734934/medium.jpg,cc-by,"(c) Luiz Lapa, some rights reserved (CC BY)",Periparus ater,Periparus ater,4F2VB,Periparus ater,Periparus ater,variant,,,Eukaryota|Animalia|Chordata|Vertebrata|Gnathostomata|Osteichthyes|Tetrapoda|Aves|Passeriformes|Paridae|Periparus|Periparus ater,,species,species,Catalogue of Life,1,Eukaryota,Animalia,Chordata,Aves,Passeriformes,Paridae,Periparus,accepted,variant,4F2VB,315834,10.48580/dgykv,https://www.checklistbank.org/dataset/315834,Catalogue of Life 2026-07-17 XR
species,5325,Pernis apivorus,species,European Honey-buzzard,Aves,3,19042,http://en.wikipedia.org/wiki/European_honey_buzzard,https://inaturalist-open-data.s3.amazonaws.com/photos/142311675/medium.jpg,cc-by-nc,"(c) vyatka, some rights reserved (CC BY-NC), uploaded by vyatka",Pernis apivorus,Pernis apivorus,4F6YZ,Pernis apivorus,Pernis apivorus,variant,,,Eukaryota|Animalia|Chordata|Vertebrata|Gnathostomata|Osteichthyes|Tetrapoda|Aves|Accipitriformes|Accipitridae|Pernis|Pernis apivorus,,species,species,Catalogue of Life,1,Eukaryota,Animalia,Chordata,Aves,Accipitriformes,Accipitridae,Pernis,accepted,variant,4F6YZ,315834,10.48580/dgykv,https://www.checklistbank.org/dataset/315834,Catalogue of Life 2026-07-17 XR
species,485469,Philonotis calcarea,species,Thick-nerved Apple-moss,Plantae,1,188,https://en.wikipedia.org/wiki/Philonotis_calcarea,https://inaturalist-open-data.s3.amazonaws.com/photos/42991440/medium.jpg,cc-by,"(c) Andrew Melton, some rights reserved (CC BY), uploaded by Andrew Melton",Philonotis calcarea,Philonotis calcarea,4G9FP,Philonotis calcarea,Philonotis calcarea,variant,,,Eukaryota|Plantae|Bryobiotina|Bryophyta|Bryopsida|Bryidae|Bryanae|Bartramiales|Bartramiaceae|Philonotis|Philonotis calcarea,,species,species,Catalogue of Life,1,Eukaryota,Plantae,Bryophyta,Bryopsida,Bartramiales,Bartramiaceae,Philonotis,accepted,variant,4G9FP,315834,10.48580/dgykv,https://www.checklistbank.org/dataset/315834,Catalogue of Life 2026-07-17 XR
species,133809,Philonotis fontana,species,Fountain Apple-moss,Plantae,2,3634,,https://static.inaturalist.org/photos/168965492/medium.jpeg,,"(c) Linda Larsen, all rights reserved, uploaded by Linda Larsen",Philonotis fontana,Philonotis fontana,VL76H,Philonotis fontana,Philonotis fontana,variant,,,Eukaryota|Plantae|Bryobiotina|Bryophyta|Bryopsida|Bryidae|Bryanae|Bartramiales|Bartramiaceae|Philonotis|Philonotis fontana,,species,species,Catalogue of Life,1,Eukaryota,Plantae,Bryophyta,Bryopsida,Bartramiales,Bartramiaceae,Philonotis,accepted,variant,VL76H,315834,10.48580/dgykv,https://www.checklistbank.org/dataset/315834,Catalogue of Life 2026-07-17 XR
species,13000,Phoenicurus ochruros,species,Black Redstart,Aves,3,93543,http://en.wikipedia.org/wiki/Black_redstart,https://static.inaturalist.org/photos/120990680/medium.jpeg,,"(c) David Roche, all rights reserved, uploaded by David Roche",Phoenicurus ochruros,Phoenicurus ochruros,4GKQX,Phoenicurus ochruros,Phoenicurus ochruros,variant,,,Eukaryota|Animalia|Chordata|Vertebrata|Gnathostomata|Osteichthyes|Tetrapoda|Aves|Passeriformes|Muscicapidae|Phoenicurus|Phoenicurus ochruros,,species,species,Catalogue of Life,1,Eukaryota,Animalia,Chordata,Aves,Passeriformes,Muscicapidae,Phoenicurus,accepted,variant,4GKQX,315834,10.48580/dgykv,https://www.checklistbank.org/dataset/315834,Catalogue of Life 2026-07-17 XR
species,117016,Phylloscopus collybita,species,Common Chiffchaff,Aves,1,94150,http://en.wikipedia.org/wiki/Common_chiffchaff,https://inaturalist-open-data.s3.amazonaws.com/photos/232289336/medium.jpg,cc-by-nc,"(c) Mikhail Ezdakov, some rights reserved (CC BY-NC), uploaded by Mikhail Ezdakov",Phylloscopus collybita,Phylloscopus collybita,6VFMH,Phylloscopus collybita,Phylloscopus collybita,variant,,,Eukaryota|Animalia|Chordata|Vertebrata|Gnathostomata|Osteichthyes|Tetrapoda|Aves|Passeriformes|Phylloscopidae|Phylloscopus|Phylloscopus collybita,,species,species,Catalogue of Life,1,Eukaryota,Animalia,Chordata,Aves,Passeriformes,Phylloscopidae,Phylloscopus,accepted,variant,6VFMH,315834,10.48580/dgykv,https://www.checklistbank.org/dataset/315834,Catalogue of Life 2026-07-17 XR
species,117055,Phylloscopus trochilus,species,Willow Warbler,Aves,1,32737,https://en.wikipedia.org/wiki/Willow_warbler,https://inaturalist-open-data.s3.amazonaws.com/photos/165631422/medium.jpeg,cc-by-nc,"(c) Valia Pavlou, some rights reserved (CC BY-NC), uploaded by Valia Pavlou",Phylloscopus trochilus,Phylloscopus trochilus,77FNC,Phylloscopus trochilus,Phylloscopus trochilus,variant,,,Eukaryota|Animalia|Chordata|Vertebrata|Gnathostomata|Osteichthyes|Tetrapoda|Aves|Passeriformes|Phylloscopidae|Phylloscopus|Phylloscopus trochilus,,species,species,Catalogue of Life,1,Eukaryota,Animalia,Chordata,Aves,Passeriformes,Phylloscopidae,Phylloscopus,accepted,variant,77FNC,315834,10.48580/dgykv,https://www.checklistbank.org/dataset/315834,Catalogue of Life 2026-07-17 XR
species,245754,Phyteuma orbiculare,species,Round-headed Rampion,Plantae,3,8231,http://en.wikipedia.org/wiki/Phyteuma_orbiculare,https://inaturalist-open-data.s3.amazonaws.com/photos/27294201/medium.jpg,cc-by-sa,"(c) Jerzy Opioła, some rights reserved (CC BY-SA)",Phyteuma orbiculare,Phyteuma orbiculare,6VHQX,Phyteuma orbiculare,Phyteuma orbiculare,variant,,,Eukaryota|Plantae|Pteridobiotina|Tracheophyta|Magnoliopsida|Asterales|Campanulaceae|Campanuloideae|Campanuleae|Phyteuma|Phyteuma orbiculare,,species,species,Catalogue of Life,1,Eukaryota,Plantae,Tracheophyta,Magnoliopsida,Asterales,Campanulaceae,Phyteuma,accepted,variant,6VHQX,315834,10.48580/dgykv,https://www.checklistbank.org/dataset/315834,Catalogue of Life 2026-07-17 XR
species,891696,Pica pica,species,Eurasian Magpie,Aves,1,177320,https://en.wikipedia.org/wiki/Eurasian_magpie,https://inaturalist-open-data.s3.amazonaws.com/photos/103446096/medium.jpg,cc-by-nc-sa,"(c) Agustín Povedano, some rights reserved (CC BY-NC-SA)",Pica pica,Pica pica,4HPXM,Pica pica,Pica pica,variant,,,Eukaryota|Animalia|Chordata|Vertebrata|Gnathostomata|Osteichthyes|Tetrapoda|Aves|Passeriformes|Corvidae|Pica|Pica pica,,species,species,Catalogue of Life,1,Eukaryota,Animalia,Chordata,Aves,Passeriformes,Corvidae,Pica,accepted,variant,4HPXM,315834,10.48580/dgykv,https://www.checklistbank.org/dataset/315834,Catalogue of Life 2026-07-17 XR
species,63567,Picea abies,species,Norway spruce,Plantae,1,89877,http://en.wikipedia.org/wiki/Picea_abies,https://static.inaturalist.org/photos/21333741/medium.jpeg,,"(c) K Raymond, all rights reserved, uploaded by K Raymond",Picea abies,Picea abies,4HPZF,Picea abies,Picea abies,variant,,,Eukaryota|Plantae|Pteridobiotina|Tracheophyta|Pinopsida|Pinidae|Pinales|Pinaceae|Picea|Picea abies,,species,species,Catalogue of Life,1,Eukaryota,Plantae,Tracheophyta,Pinopsida,Pinales,Pinaceae,Picea,accepted,variant,4HPZF,315834,10.48580/dgykv,https://www.checklistbank.org/dataset/315834,Catalogue of Life 2026-07-17 XR
species,816269,Pinguicula balcanica,species,,Plantae,5,124,http://en.wikipedia.org/wiki/Pinguicula_balcanica,https://inaturalist-open-data.s3.amazonaws.com/photos/29004556/medium.jpeg,cc-by-nc,"(c) jcorrie, some rights reserved (CC BY-NC)",Pinguicula balcanica,Pinguicula balcanica,4HYFX,Pinguicula balcanica,Pinguicula balcanica,variant,,,Eukaryota|Plantae|Pteridobiotina|Tracheophyta|Magnoliopsida|Lamiales|Lentibulariaceae|Pinguiculoideae|Pinguicula|Pinguicula balcanica,,species,species,Catalogue of Life,1,Eukaryota,Plantae,Tracheophyta,Magnoliopsida,Lamiales,Lentibulariaceae,Pinguicula,accepted,variant,4HYFX,315834,10.48580/dgykv,https://www.checklistbank.org/dataset/315834,Catalogue of Life 2026-07-17 XR
species,135730,Pinus peuce,species,Macedonian pine,Plantae,1,456,http://en.wikipedia.org/wiki/Pinus_peuce,https://inaturalist-open-data.s3.amazonaws.com/photos/16751588/medium.jpg,cc-by-nc,"(c) Sandra Power, some rights reserved (CC BY-NC), uploaded by Sandra Power",Pinus peuce,Pinus peuce,77L6F,Pinus peuce,Pinus peuce,variant,,,Eukaryota|Plantae|Pteridobiotina|Tracheophyta|Pinopsida|Pinidae|Pinales|Pinaceae|Pinus|Pinus peuce,,species,species,Catalogue of Life,1,Eukaryota,Plantae,Tracheophyta,Pinopsida,Pinales,Pinaceae,Pinus,accepted,variant,77L6F,315834,10.48580/dgykv,https://www.checklistbank.org/dataset/315834,Catalogue of Life 2026-07-17 XR
species,485473,Plagiomnium elatum,species,Tall Thyme-moss,Plantae,1,94,,https://inaturalist-open-data.s3.amazonaws.com/photos/122064504/medium.jpg,cc-by-nc,"(c) Nikolaj Gervig Correll, some rights reserved (CC BY-NC), uploaded by Nikolaj Gervig Correll",Plagiomnium elatum,Plagiomnium elatum,4JGLZ,Plagiomnium elatum,Plagiomnium elatum,variant,,,Eukaryota|Plantae|Bryobiotina|Bryophyta|Bryopsida|Bryidae|Bryanae|Bryales|Mniaceae|Plagiomnium|Plagiomnium elatum,,species,species,Catalogue of Life,1,Eukaryota,Plantae,Bryophyta,Bryopsida,Bryales,Mniaceae,Plagiomnium,accepted,variant,4JGLZ,315834,10.48580/dgykv,https://www.checklistbank.org/dataset/315834,Catalogue of Life 2026-07-17 XR
species,487739,Plantago atrata,species,Mountain Plantain,Plantae,1,843,,https://inaturalist-open-data.s3.amazonaws.com/photos/75182516/medium.jpg,cc-by-nc,"(c) René Stalder, some rights reserved (CC BY-NC), uploaded by René Stalder",Plantago atrata,Plantago atrata,77NZG,Plantago atrata,Plantago atrata,variant,,,Eukaryota|Plantae|Pteridobiotina|Tracheophyta|Magnoliopsida|Lamiales|Plantaginaceae|Digitalidoideae|Plantagineae|Plantago|Plantago atrata,,species,species,Catalogue of Life,1,Eukaryota,Plantae,Tracheophyta,Magnoliopsida,Lamiales,Plantaginaceae,Plantago,accepted,variant,77NZG,315834,10.48580/dgykv,https://www.checklistbank.org/dataset/315834,Catalogue of Life 2026-07-17 XR
species,362078,Polyommatus amandus,species,Amanda's Blue,Insecta,1,5550,http://en.wikipedia.org/wiki/Polyommatus_amandus,https://inaturalist-open-data.s3.amazonaws.com/photos/78557332/medium.jpg,cc-by-nc,"(c) Иван Тисленко, some rights reserved (CC BY-NC), uploaded by Иван Тисленко",Plebejus amanda,Plebejus amanda,4K2BX,Polyommatus amandus,Plebejus amanda,variant,,,Eukaryota|Animalia|Arthropoda|Hexapoda|Insecta|Lepidoptera|Papilionoidea|Lycaenidae|Polyommatinae|Polyommatini|Plebejus|Plebejus amanda,,species,species,Catalogue of Life,1,Eukaryota,Animalia,Arthropoda,Insecta,Lepidoptera,Lycaenidae,Plebejus,synonym,variant,4K2BX,315834,10.48580/dgykv,https://www.checklistbank.org/dataset/315834,Catalogue of Life 2026-07-17 XR
species,461125,Poecilimon thoracicus,species,Bellied Bright Bush-cricket,Insecta,1,415,https://en.wikipedia.org/wiki/Poecilimon_thoracicus,https://inaturalist-open-data.s3.amazonaws.com/photos/41722402/medium.jpg,cc-by,"(c) Charlie Jackson, some rights reserved (CC BY)",Poecilimon thoracicus,Poecilimon thoracicus,4KSLR,Poecilimon thoracicus,Poecilimon thoracicus,variant,,,Eukaryota|Animalia|Arthropoda|Hexapoda|Insecta|Orthoptera|Ensifera|Tettigoniidea|Tettigonioidea|Tettigoniidae|Phaneropterinae|Barbitistini|Poecilimon|Poecilimon thoracicus,,species,species,Catalogue of Life,1,Eukaryota,Animalia,Arthropoda,Insecta,Orthoptera,Tettigoniidae,Poecilimon,accepted,variant,4KSLR,315834,10.48580/dgykv,https://www.checklistbank.org/dataset/315834,Catalogue of Life 2026-07-17 XR
species,520131,Polygala major,species,,Plantae,1,2808,https://en.wikipedia.org/wiki/Polygala_major,https://inaturalist-open-data.s3.amazonaws.com/photos/18237738/medium.jpg,cc-by-nc,"(c) alderash, some rights reserved (CC BY-NC), uploaded by alderash",Polygala major,Polygala major,6W3YM,Polygala major,Polygala major,variant,,,Eukaryota|Plantae|Pteridobiotina|Tracheophyta|Magnoliopsida|Fabales|Polygalaceae|Polygaleae|Polygala|Polygala major,,species,species,Catalogue of Life,1,Eukaryota,Plantae,Tracheophyta,Magnoliopsida,Fabales,Polygalaceae,Polygala,accepted,variant,6W3YM,315834,10.48580/dgykv,https://www.checklistbank.org/dataset/315834,Catalogue of Life 2026-07-17 XR
species,56225,Polygonia c-album,species,European Comma,Insecta,2,82281,http://en.wikipedia.org/wiki/Polygonia_c-album,https://inaturalist-open-data.s3.amazonaws.com/photos/155133827/medium.jpeg,cc-by-nc-sa,"(c) Ramunė Vakarė, some rights reserved (CC BY-NC-SA), uploaded by Ramunė Vakarė",Polygonia c-album,Polygonia c-album,4L8X4,Polygonia c-album,Polygonia c-album,variant,,,Eukaryota|Animalia|Arthropoda|Hexapoda|Insecta|Lepidoptera|Papilionoidea|Nymphalidae|Nymphalinae|Nymphalini|Polygonia|Polygonia c-album,,species,species,Catalogue of Life,1,Eukaryota,Animalia,Arthropoda,Insecta,Lepidoptera,Nymphalidae,Polygonia,accepted,variant,4L8X4,315834,10.48580/dgykv,https://www.checklistbank.org/dataset/315834,Catalogue of Life 2026-07-17 XR
species,55641,Polyommatus icarus,species,Common Blue,Insecta,2,129263,http://en.wikipedia.org/wiki/Common_blue,https://inaturalist-open-data.s3.amazonaws.com/photos/393850131/medium.jpg,cc-by-nc,"(c) Manuel Raab, some rights reserved (CC BY-NC), uploaded by Manuel Raab",Polyommatus icarus,Polyommatus icarus,4LCR7,Polyommatus icarus,Polyommatus icarus,variant,,,Eukaryota|Animalia|Arthropoda|Hexapoda|Insecta|Lepidoptera|Papilionoidea|Lycaenidae|Polyommatinae|Polyommatini|Polyommatus|Polyommatus icarus,,species,species,Catalogue of Life,1,Eukaryota,Animalia,Arthropoda,Insecta,Lepidoptera,Lycaenidae,Polyommatus,accepted,variant,4LCR7,315834,10.48580/dgykv,https://www.checklistbank.org/dataset/315834,Catalogue of Life 2026-07-17 XR
species,470754,Polysarcus denticauda,species,Bull Bush-cricket,Insecta,1,1421,http://en.wikipedia.org/wiki/Polysarcus_denticauda,https://inaturalist-open-data.s3.amazonaws.com/photos/36283864/medium.jpeg,cc-by-sa,"(c) Gilles San Martin, some rights reserved (CC BY-SA), uploaded by Gilles San Martin",Polysarcus denticauda,Polysarcus denticauda,4LLM2,Polysarcus denticauda,Polysarcus denticauda,variant,,,Eukaryota|Animalia|Arthropoda|Hexapoda|Insecta|Orthoptera|Ensifera|Tettigoniidea|Tettigonioidea|Tettigoniidae|Phaneropterinae|Barbitistini|Polysarcus|Polysarcus denticauda,,species,species,Catalogue of Life,1,Eukaryota,Animalia,Arthropoda,Insecta,Orthoptera,Tettigoniidae,Polysarcus,accepted,variant,4LLM2,315834,10.48580/dgykv,https://www.checklistbank.org/dataset/315834,Catalogue of Life 2026-07-17 XR
species,275961,Polystichum aculeatum,species,hard shield fern,Plantae,1,7169,https://en.wikipedia.org/wiki/Polystichum_aculeatum,https://inaturalist-open-data.s3.amazonaws.com/photos/111492449/medium.jpg,cc-by-sa,"(c) Erwin Gruber, some rights reserved (CC BY-SA)",Polystichum aculeatum,Polystichum aculeatum,4LMKP,Polystichum aculeatum,Polystichum aculeatum,variant,,,Eukaryota|Plantae|Pteridobiotina|Tracheophyta|Polypodiopsida|Polypodiales|Dryopteridaceae|Dryopteridoideae|Polystichum|Polystichum aculeatum,,species,species,Catalogue of Life,1,Eukaryota,Plantae,Tracheophyta,Polypodiopsida,Polypodiales,Dryopteridaceae,Polystichum,accepted,variant,4LMKP,315834,10.48580/dgykv,https://www.checklistbank.org/dataset/315834,Catalogue of Life 2026-07-17 XR
species,78697,Polystichum lonchitis,species,northern holly fern,Plantae,2,8338,http://en.wikipedia.org/wiki/Polystichum_lonchitis,https://inaturalist-open-data.s3.amazonaws.com/photos/78449242/medium.jpg,cc-by-nc,"(c) stemyh, some rights reserved (CC BY-NC)",Polystichum lonchitis,Polystichum lonchitis,4LMYF,Polystichum lonchitis,Polystichum lonchitis,variant,,,Eukaryota|Plantae|Pteridobiotina|Tracheophyta|Polypodiopsida|Polypodiales|Dryopteridaceae|Dryopteridoideae|Polystichum|Polystichum lonchitis,,species,species,Catalogue of Life,1,Eukaryota,Plantae,Tracheophyta,Polypodiopsida,Polypodiales,Dryopteridaceae,Polystichum,accepted,variant,4LMYF,315834,10.48580/dgykv,https://www.checklistbank.org/dataset/315834,Catalogue of Life 2026-07-17 XR
species,68286,Polytrichum juniperinum,species,juniper haircap moss,Plantae,1,29828,http://en.wikipedia.org/wiki/Polytrichum_juniperinum,https://inaturalist-open-data.s3.amazonaws.com/photos/56319969/medium.jpeg,cc-by-nc,"(c) Geoffrey Cox, some rights reserved (CC BY-NC), uploaded by Geoffrey Cox",Polytrichum juniperinum,Polytrichum juniperinum,4LPR5,Polytrichum juniperinum,Polytrichum juniperinum,variant,,,Eukaryota|Plantae|Bryobiotina|Bryophyta|Polytrichopsida|Polytrichales|Polytrichaceae|Polytrichum|Polytrichum juniperinum,,species,species,Catalogue of Life,1,Eukaryota,Plantae,Bryophyta,Polytrichopsida,Polytrichales,Polytrichaceae,Polytrichum,accepted,variant,4LPR5,315834,10.48580/dgykv,https://www.checklistbank.org/dataset/315834,Catalogue of Life 2026-07-17 XR
species,55840,Primula elatior,species,Oxlip,Plantae,1,17096,http://en.wikipedia.org/wiki/Primula_elatior,https://static.inaturalist.org/photos/466748559/medium.jpeg,,"(c) Magdalena Jędro, all rights reserved, uploaded by Magdalena Jędro",Primula elatior,Primula elatior,6VWWT,Primula elatior,Primula elatior,variant,,,Eukaryota|Plantae|Pteridobiotina|Tracheophyta|Magnoliopsida|Ericales|Primulaceae|Primuloideae|Primula|Primula elatior,,species,species,Catalogue of Life,1,Eukaryota,Plantae,Tracheophyta,Magnoliopsida,Ericales,Primulaceae,Primula,accepted,variant,6VWWT,315834,10.48580/dgykv,https://www.checklistbank.org/dataset/315834,Catalogue of Life 2026-07-17 XR
species,1391837,Primula intricata,species,,Plantae,1,463,,https://inaturalist-open-data.s3.amazonaws.com/photos/140169287/medium.jpg,cc-by-nc,"(c) Luca Boscain, some rights reserved (CC BY-NC), uploaded by Luca Boscain",Primula intricata,Primula intricata,4MCY7,Primula intricata,Primula intricata,variant,,,Eukaryota|Plantae|Pteridobiotina|Tracheophyta|Magnoliopsida|Ericales|Primulaceae|Primuloideae|Primula|Primula intricata,,species,species,Catalogue of Life,1,Eukaryota,Plantae,Tracheophyta,Magnoliopsida,Ericales,Primulaceae,Primula,accepted,variant,4MCY7,315834,10.48580/dgykv,https://www.checklistbank.org/dataset/315834,Catalogue of Life 2026-07-17 XR
species,13988,Prunella modularis,species,Dunnock,Aves,1,44773,http://en.wikipedia.org/wiki/Dunnock,https://inaturalist-open-data.s3.amazonaws.com/photos/409496277/medium.jpg,cc-by-nc,"(c) Ben Ackerley, some rights reserved (CC BY-NC), uploaded by Ben Ackerley",Prunella modularis,Prunella modularis,4N8CC,Prunella modularis,Prunella modularis,variant,,,Eukaryota|Animalia|Chordata|Vertebrata|Gnathostomata|Osteichthyes|Tetrapoda|Aves|Passeriformes|Prunellidae|Prunella|Prunella modularis,,species,species,Catalogue of Life,1,Eukaryota,Animalia,Chordata,Aves,Passeriformes,Prunellidae,Prunella,accepted,variant,4N8CC,315834,10.48580/dgykv,https://www.checklistbank.org/dataset/315834,Catalogue of Life 2026-07-17 XR
species,1092837,Psammophiliella muralis,species,Low Baby's-breath,Plantae,1,4927,https://en.wikipedia.org/wiki/Psammophiliella_muralis,https://inaturalist-open-data.s3.amazonaws.com/photos/80002331/medium.jpg,cc-by,"(c) Вячеслав Юсупов, some rights reserved (CC BY), uploaded by Вячеслав Юсупов",Psammophiliella muralis,Psammophiliella muralis,4NCW4,Psammophiliella muralis,Psammophiliella muralis,variant,,,Eukaryota|Plantae|Pteridobiotina|Tracheophyta|Magnoliopsida|Caryophyllales|Caryophyllaceae|Caryophylleae|Caryophyllinae|Psammophiliella|Psammophiliella muralis,,species,species,Catalogue of Life,1,Eukaryota,Plantae,Tracheophyta,Magnoliopsida,Caryophyllales,Caryophyllaceae,Psammophiliella,accepted,variant,4NCW4,315834,10.48580/dgykv,https://www.checklistbank.org/dataset/315834,Catalogue of Life 2026-07-17 XR
species,518938,Psilocybe serbica,species,,Fungi,5,528,http://en.wikipedia.org/wiki/Psilocybe_serbica,https://static.inaturalist.org/photos/32908096/medium.jpg,,"(c) nikolall, all rights reserved, uploaded by nikolall",Psilocybe serbica,Psilocybe serbica,4PHCD,Psilocybe serbica,Psilocybe serbica,variant,,,Eukaryota|Fungi|Basidiomycota|Agaricomycetes|Agaricales|Hymenogastraceae|Psilocybe|Psilocybe serbica,,species,species,Catalogue of Life,1,Eukaryota,Fungi,Basidiomycota,Agaricomycetes,Agaricales,Hymenogastraceae,Psilocybe,accepted,variant,4PHCD,315834,10.48580/dgykv,https://www.checklistbank.org/dataset/315834,Catalogue of Life 2026-07-17 XR
species,930962,Psorodonotus macedonicus,species,Macedonian Walking Bush-cricket,Insecta,1,79,,https://static.inaturalist.org/photos/114481829/medium.jpg,,"(c) Marc Bulte, all rights reserved, uploaded by Marc Bulte",Psorodonotus macedonicus,Psorodonotus macedonicus,4PLSH,Psorodonotus macedonicus,Psorodonotus macedonicus,variant,,,Eukaryota|Animalia|Arthropoda|Hexapoda|Insecta|Orthoptera|Ensifera|Tettigoniidea|Tettigonioidea|Tettigoniidae|Tettigoniinae|Pholidopterini|Psorodonotus|Psorodonotus macedonicus,,species,species,Catalogue of Life,1,Eukaryota,Animalia,Arthropoda,Insecta,Orthoptera,Tettigoniidae,Psorodonotus,accepted,variant,4PLSH,315834,10.48580/dgykv,https://www.checklistbank.org/dataset/315834,Catalogue of Life 2026-07-17 XR
species,405438,Ptilostemon afer,species,Grecian Thistle,Plantae,6,302,,https://inaturalist-open-data.s3.amazonaws.com/photos/144439145/medium.jpg,cc-by-nc,"(c) josefwirth, some rights reserved (CC BY-NC), uploaded by josefwirth",Ptilostemon afer,Ptilostemon afer,4Q8GM,Ptilostemon afer,Ptilostemon afer,variant,,,Eukaryota|Plantae|Pteridobiotina|Tracheophyta|Magnoliopsida|Asterales|Asteraceae|Carduoideae|Cardueae|Carduinae|Ptilostemon|Ptilostemon afer,,species,species,Catalogue of Life,1,Eukaryota,Plantae,Tracheophyta,Magnoliopsida,Asterales,Asteraceae,Ptilostemon,accepted,variant,4Q8GM,315834,10.48580/dgykv,https://www.checklistbank.org/dataset/315834,Catalogue of Life 2026-07-17 XR
species,606726,Ptychostomum arcticum,species,,Plantae,1,5,,https://inaturalist-open-data.s3.amazonaws.com/photos/320806787/medium.jpeg,cc-by-nc,"(c) Stefan Gey, some rights reserved (CC BY-NC), uploaded by Stefan Gey",Ptychostomum arcticum,Ptychostomum arcticum,9MC64,Ptychostomum arcticum,Ptychostomum arcticum,variant,,,Eukaryota|Plantae|Bryobiotina|Bryophyta|Bryopsida|Bryidae|Bryanae|Bryales|Bryaceae|Ptychostomum|Ptychostomum arcticum,,species,species,Catalogue of Life,1,Eukaryota,Plantae,Bryophyta,Bryopsida,Bryales,Bryaceae,Ptychostomum,accepted,variant,9MC64,315834,10.48580/dgykv,https://www.checklistbank.org/dataset/315834,Catalogue of Life 2026-07-17 XR
species,818538,Ptychostomum pallens,species,Pale Thread-moss,Plantae,1,369,,https://inaturalist-open-data.s3.amazonaws.com/photos/398319199/medium.jpg,cc-by-nc,"(c) Braden J. Judson, some rights reserved (CC BY-NC), uploaded by Braden J. Judson",Ptychostomum pallens,Ptychostomum pallens,9MC6H,Ptychostomum pallens,Ptychostomum pallens,variant,,,Eukaryota|Plantae|Bryobiotina|Bryophyta|Bryopsida|Bryidae|Bryanae|Bryales|Bryaceae|Ptychostomum|Ptychostomum pallens,,species,species,Catalogue of Life,1,Eukaryota,Plantae,Bryophyta,Bryopsida,Bryales,Bryaceae,Ptychostomum,accepted,variant,9MC6H,315834,10.48580/dgykv,https://www.checklistbank.org/dataset/315834,Catalogue of Life 2026-07-17 XR
species,68300,Ptychostomum pseudotriquetrum,species,Long-leaved Thread Moss,Plantae,3,3168,https://en.wikipedia.org/wiki/Ptychostomum_pseudotriquetrum,https://inaturalist-open-data.s3.amazonaws.com/photos/176174086/medium.jpeg,cc-by-nc,"(c) Brian Starzomski, some rights reserved (CC BY-NC), uploaded by Brian Starzomski",Ptychostomum pseudotriquetrum,Ptychostomum pseudotriquetrum,BVBGM,Ptychostomum pseudotriquetrum,Ptychostomum pseudotriquetrum,variant,,,Eukaryota|Plantae|Bryobiotina|Bryophyta|Bryopsida|Bryidae|Bryanae|Bryales|Bryaceae|Ptychostomum|Ptychostomum pseudotriquetrum,,species,species,Catalogue of Life,1,Eukaryota,Plantae,Bryophyta,Bryopsida,Bryales,Bryaceae,Ptychostomum,accepted,variant,BVBGM,315834,10.48580/dgykv,https://www.checklistbank.org/dataset/315834,Catalogue of Life 2026-07-17 XR
species,9462,Pyrrhula pyrrhula,species,Eurasian Bullfinch,Aves,1,84772,http://en.wikipedia.org/wiki/Eurasian_bullfinch,https://inaturalist-open-data.s3.amazonaws.com/photos/43443143/medium.jpeg,cc-by-nc,"(c) Ольга Курякова, some rights reserved (CC BY-NC), uploaded by Ольга Курякова",Pyrrhula pyrrhula,Pyrrhula pyrrhula,4QW2H,Pyrrhula pyrrhula,Pyrrhula pyrrhula,variant,,,Eukaryota|Animalia|Chordata|Vertebrata|Gnathostomata|Osteichthyes|Tetrapoda|Aves|Passeriformes|Fringillidae|Pyrrhula|Pyrrhula pyrrhula,,species,species,Catalogue of Life,1,Eukaryota,Animalia,Chordata,Aves,Passeriformes,Fringillidae,Pyrrhula,accepted,variant,4QW2H,315834,10.48580/dgykv,https://www.checklistbank.org/dataset/315834,Catalogue of Life 2026-07-17 XR
species,229774,Ramalina polymorpha,species,,Fungi,1,134,http://en.wikipedia.org/wiki/Ramalina_polymorpha,https://inaturalist-open-data.s3.amazonaws.com/photos/11357847/medium.jpeg,cc-by-nc,"(c) John Magne Grindeland, some rights reserved (CC BY-NC), uploaded by John Magne Grindeland",Ramalina polymorpha,Ramalina polymorpha,4RBHM,Ramalina polymorpha,Ramalina polymorpha,variant,,,Eukaryota|Fungi|Ascomycota|Lecanoromycetes|Lecanorales|Ramalinaceae|Ramalina|Ramalina polymorpha,,species,species,Catalogue of Life,1,Eukaryota,Fungi,Ascomycota,Lecanoromycetes,Lecanorales,Ramalinaceae,Ramalina,accepted,variant,4RBHM,315834,10.48580/dgykv,https://www.checklistbank.org/dataset/315834,Catalogue of Life 2026-07-17 XR
species,25591,Rana temporaria,species,European Common Frog,Amphibia,2,91080,http://en.wikipedia.org/wiki/Common_frog,https://inaturalist-open-data.s3.amazonaws.com/photos/171173/medium.jpg,cc-by-sa,"(c) Jörg Hempel, some rights reserved (CC BY-SA)",Rana temporaria,Rana temporaria,6WR99,Rana temporaria,Rana temporaria,variant,,,Eukaryota|Animalia|Chordata|Vertebrata|Gnathostomata|Osteichthyes|Tetrapoda|Amphibia|Anura|Ranidae|Rana|Rana temporaria,,species,species,Catalogue of Life,1,Eukaryota,Animalia,Chordata,Amphibia,Anura,Ranidae,Rana,accepted,variant,6WR99,315834,10.48580/dgykv,https://www.checklistbank.org/dataset/315834,Catalogue of Life 2026-07-17 XR
species,56064,Ranunculus acris,species,meadow buttercup,Plantae,1,85074,http://en.wikipedia.org/wiki/Ranunculus_acris,https://inaturalist-open-data.s3.amazonaws.com/photos/134844788/medium.jpeg,cc-by-nc,"(c) rasanaturalist, some rights reserved (CC BY-NC), uploaded by rasanaturalist",Ranunculus acris,Ranunculus acris,4RFJN,Ranunculus acris,Ranunculus acris,variant,,,Eukaryota|Plantae|Pteridobiotina|Tracheophyta|Magnoliopsida|Ranunculales|Ranunculaceae|Ranunculoideae|Ranunculeae|Ranunculus|Ranunculus acris,,species,species,Catalogue of Life,1,Eukaryota,Plantae,Tracheophyta,Magnoliopsida,Ranunculales,Ranunculaceae,Ranunculus,accepted,variant,4RFJN,315834,10.48580/dgykv,https://www.checklistbank.org/dataset/315834,Catalogue of Life 2026-07-17 XR
species,56322,Ranunculus montanus,species,Mountain Buttercup,Plantae,1,2428,https://en.wikipedia.org/wiki/Ranunculus_montanus,https://inaturalist-open-data.s3.amazonaws.com/photos/69558968/medium.jpeg,cc-by-nc,"(c) lukasdiehl, some rights reserved (CC BY-NC), uploaded by lukasdiehl",Ranunculus montanus,Ranunculus montanus,4RH2B,Ranunculus montanus,Ranunculus montanus,variant,,,Eukaryota|Plantae|Pteridobiotina|Tracheophyta|Magnoliopsida|Ranunculales|Ranunculaceae|Ranunculoideae|Ranunculeae|Ranunculus|Ranunculus montanus,,species,species,Catalogue of Life,1,Eukaryota,Plantae,Tracheophyta,Magnoliopsida,Ranunculales,Ranunculaceae,Ranunculus,accepted,variant,4RH2B,315834,10.48580/dgykv,https://www.checklistbank.org/dataset/315834,Catalogue of Life 2026-07-17 XR
species,793469,Regulus regulus,species,Goldcrest,Aves,1,33597,http://en.wikipedia.org/wiki/Goldcrest,https://inaturalist-open-data.s3.amazonaws.com/photos/339460974/medium.jpg,cc-by-nc-nd,"(c) Dave Curtis, some rights reserved (CC BY-NC-ND)",Regulus regulus,Regulus regulus,78SHD,Regulus regulus,Regulus regulus,variant,,,Eukaryota|Animalia|Chordata|Vertebrata|Gnathostomata|Osteichthyes|Tetrapoda|Aves|Passeriformes|Regulidae|Regulus|Regulus regulus,,species,species,Catalogue of Life,1,Eukaryota,Animalia,Chordata,Aves,Passeriformes,Regulidae,Regulus,accepted,variant,78SHD,315834,10.48580/dgykv,https://www.checklistbank.org/dataset/315834,Catalogue of Life 2026-07-17 XR
species,119888,Rhizocarpon geographicum,species,yellow map lichen,Fungi,1,14267,http://en.wikipedia.org/wiki/Rhizocarpon_geographicum,https://inaturalist-open-data.s3.amazonaws.com/photos/2681423/medium.jpg,cc-by-nc-sa,"(c) Amadej Trnkoczy, some rights reserved (CC BY-NC-SA)",Rhizocarpon geographicum,Rhizocarpon geographicum,4SC54,Rhizocarpon geographicum,Rhizocarpon geographicum,variant,,,Eukaryota|Fungi|Ascomycota|Lecanoromycetes|Rhizocarpales|Rhizocarpaceae|Rhizocarpon|Rhizocarpon geographicum,,species,species,Catalogue of Life,1,Eukaryota,Fungi,Ascomycota,Lecanoromycetes,Rhizocarpales,Rhizocarpaceae,Rhizocarpon,accepted,variant,4SC54,315834,10.48580/dgykv,https://www.checklistbank.org/dataset/315834,Catalogue of Life 2026-07-17 XR
species,824742,Rhizomarasmius epidryas,species,,Fungi,1,15,http://en.wikipedia.org/wiki/Rhizomarasmius_epidryas,https://inaturalist-open-data.s3.amazonaws.com/photos/118888892/medium.jpg,cc-by-nc,"(c) Federico Calledda, some rights reserved (CC BY-NC), uploaded by Federico Calledda",Rhizomarasmius epidryas,Rhizomarasmius epidryas,4SCPB,Rhizomarasmius epidryas,Rhizomarasmius epidryas,variant,,,Eukaryota|Fungi|Basidiomycota|Agaricomycetes|Agaricales|Physalacriaceae|Rhizomarasmius|Rhizomarasmius epidryas,,species,species,Catalogue of Life,1,Eukaryota,Fungi,Basidiomycota,Agaricomycetes,Agaricales,Physalacriaceae,Rhizomarasmius,accepted,variant,4SCPB,315834,10.48580/dgykv,https://www.checklistbank.org/dataset/315834,Catalogue of Life 2026-07-17 XR
species,352308,Russula sanguinea,species,bloody brittlegill,Fungi,1,8277,,https://static.inaturalist.org/photos/439337543/medium.jpeg,,"(c) Maria Dolores Matas Matas, all rights reserved, uploaded by Maria Dolores Matas Matas",Russula sanguinea,Russula sanguinea,4TSMP,Russula sanguinea,Russula sanguinea,variant,,,Eukaryota|Fungi|Basidiomycota|Agaricomycetes|Russulales|Russulaceae|Russula|Russula sanguinea,,species,species,Catalogue of Life,1,Eukaryota,Fungi,Basidiomycota,Agaricomycetes,Russulales,Russulaceae,Russula,accepted,variant,4TSMP,315834,10.48580/dgykv,https://www.checklistbank.org/dataset/315834,Catalogue of Life 2026-07-17 XR
species,27726,Salamandra salamandra,species,Fire Salamander,Amphibia,1,58651,http://en.wikipedia.org/wiki/Fire_salamander,https://inaturalist-open-data.s3.amazonaws.com/photos/159805189/medium.jpg,cc-by,"(c) Frank Vassen, some rights reserved (CC BY)",Salamandra salamandra,Salamandra salamandra,6XB2G,Salamandra salamandra,Salamandra salamandra,variant,,,Eukaryota|Animalia|Chordata|Vertebrata|Gnathostomata|Osteichthyes|Tetrapoda|Amphibia|Caudata|Salamandridae|Salamandrinae|Salamandra|Salamandra salamandra,,species,species,Catalogue of Life,1,Eukaryota,Animalia,Chordata,Amphibia,Caudata,Salamandridae,Salamandra,accepted,variant,6XB2G,315834,10.48580/dgykv,https://www.checklistbank.org/dataset/315834,Catalogue of Life 2026-07-17 XR
species,55846,Salix caprea,species,goat willow,Plantae,1,43271,http://en.wikipedia.org/wiki/Salix_caprea,https://inaturalist-open-data.s3.amazonaws.com/photos/52631800/medium.jpg,cc-by-nc-nd,"(c) Colin, some rights reserved (CC BY-NC-ND)",Salix caprea,Salix caprea,6XCBJ,Salix caprea,Salix caprea,variant,,,Eukaryota|Plantae|Pteridobiotina|Tracheophyta|Magnoliopsida|Malpighiales|Salicaceae|Saliceae|Salix|Salix caprea,,species,species,Catalogue of Life,1,Eukaryota,Plantae,Tracheophyta,Magnoliopsida,Malpighiales,Salicaceae,Salix,accepted,variant,6XCBJ,315834,10.48580/dgykv,https://www.checklistbank.org/dataset/315834,Catalogue of Life 2026-07-17 XR
species,168355,Salix reticulata,species,Net-leaved Willow,Plantae,6,4516,http://en.wikipedia.org/wiki/Salix_reticulata,https://inaturalist-open-data.s3.amazonaws.com/photos/106117200/medium.jpeg,cc-by-nc,"(c) Andy Fyon, some rights reserved (CC BY-NC), uploaded by Andy Fyon",Salix reticulata,Salix reticulata,6XDTM,Salix reticulata,Salix reticulata,variant,,,Eukaryota|Plantae|Pteridobiotina|Tracheophyta|Magnoliopsida|Malpighiales|Salicaceae|Saliceae|Salix|Salix reticulata,,species,species,Catalogue of Life,1,Eukaryota,Plantae,Tracheophyta,Magnoliopsida,Malpighiales,Salicaceae,Salix,accepted,variant,6XDTM,315834,10.48580/dgykv,https://www.checklistbank.org/dataset/315834,Catalogue of Life 2026-07-17 XR
species,479420,Salix retusa,species,Retuse-leaved Willow,Plantae,3,1279,http://en.wikipedia.org/wiki/Salix_retusa,https://inaturalist-open-data.s3.amazonaws.com/photos/81044244/medium.jpg,cc-by-nc,"(c) cloudya, some rights reserved (CC BY-NC), uploaded by cloudya",Salix retusa,Salix retusa,6XDTN,Salix retusa,Salix retusa,variant,,,Eukaryota|Plantae|Pteridobiotina|Tracheophyta|Magnoliopsida|Malpighiales|Salicaceae|Saliceae|Salix|Salix retusa,,species,species,Catalogue of Life,1,Eukaryota,Plantae,Tracheophyta,Magnoliopsida,Malpighiales,Salicaceae,Salix,accepted,variant,6XDTN,315834,10.48580/dgykv,https://www.checklistbank.org/dataset/315834,Catalogue of Life 2026-07-17 XR
species,12908,Saxicola rubetra,species,Whinchat,Aves,1,33774,http://en.wikipedia.org/wiki/Whinchat,https://inaturalist-open-data.s3.amazonaws.com/photos/64026043/medium.jpeg,cc-by,"(c) Mourad Harzallah, some rights reserved (CC BY), uploaded by Mourad Harzallah",Saxicola rubetra,Saxicola rubetra,6XR3F,Saxicola rubetra,Saxicola rubetra,variant,,,Eukaryota|Animalia|Chordata|Vertebrata|Gnathostomata|Osteichthyes|Tetrapoda|Aves|Passeriformes|Muscicapidae|Saxicola|Saxicola rubetra,,species,species,Catalogue of Life,1,Eukaryota,Animalia,Chordata,Aves,Passeriformes,Muscicapidae,Saxicola,accepted,variant,6XR3F,315834,10.48580/dgykv,https://www.checklistbank.org/dataset/315834,Catalogue of Life 2026-07-17 XR
species,144153,Saxifraga adscendens,species,Ascending Saxifrage,Plantae,2,332,,https://inaturalist-open-data.s3.amazonaws.com/photos/172728579/medium.jpeg,cc-by-nc,"(c) cnowotny, some rights reserved (CC BY-NC)",Saxifraga adscendens,Saxifraga adscendens,6XR3N,Saxifraga adscendens,Saxifraga adscendens,variant,,,Eukaryota|Plantae|Pteridobiotina|Tracheophyta|Magnoliopsida|Saxifragales|Saxifragaceae|Saxifrageae|Saxifraga|Saxifraga adscendens,,species,species,Catalogue of Life,1,Eukaryota,Plantae,Tracheophyta,Magnoliopsida,Saxifragales,Saxifragaceae,Saxifraga,accepted,variant,6XR3N,315834,10.48580/dgykv,https://www.checklistbank.org/dataset/315834,Catalogue of Life 2026-07-17 XR
species,144152,Saxifraga aizoides,species,Yellow Saxifrage,Plantae,2,9780,https://en.wikipedia.org/wiki/Saxifraga_aizoides,https://inaturalist-open-data.s3.amazonaws.com/photos/163887/medium.jpg,cc-by-sa,"(c) Udo Schmidt, some rights reserved (CC BY-SA)",Saxifraga aizoides,Saxifraga aizoides,6Y2RK,Saxifraga aizoides,Saxifraga aizoides,variant,,,Eukaryota|Plantae|Pteridobiotina|Tracheophyta|Magnoliopsida|Saxifragales|Saxifragaceae|Saxifrageae|Saxifraga|Saxifraga aizoides,,species,species,Catalogue of Life,1,Eukaryota,Plantae,Tracheophyta,Magnoliopsida,Saxifragales,Saxifragaceae,Saxifraga,accepted,variant,6Y2RK,315834,10.48580/dgykv,https://www.checklistbank.org/dataset/315834,Catalogue of Life 2026-07-17 XR
species,366279,Saxifraga exarata,species,Musky Saxifrage,Plantae,1,1594,,https://inaturalist-open-data.s3.amazonaws.com/photos/410588527/medium.jpg,cc-by-nc,"(c) Li Jianong, some rights reserved (CC BY-NC), uploaded by Li Jianong",Saxifraga exarata,Saxifraga exarata,79QTW,Saxifraga exarata,Saxifraga exarata,variant,,,Eukaryota|Plantae|Pteridobiotina|Tracheophyta|Magnoliopsida|Saxifragales|Saxifragaceae|Saxifrageae|Saxifraga|Saxifraga exarata,,species,species,Catalogue of Life,1,Eukaryota,Plantae,Tracheophyta,Magnoliopsida,Saxifragales,Saxifragaceae,Saxifraga,accepted,variant,79QTW,315834,10.48580/dgykv,https://www.checklistbank.org/dataset/315834,Catalogue of Life 2026-07-17 XR
species,509874,Saxifraga marginata,species,Kabschia saxifrage,Plantae,1,284,https://en.wikipedia.org/wiki/Saxifraga_marginata,https://static.inaturalist.org/photos/168064932/medium.jpg,,"(c) Nicoară Roxana, all rights reserved, uploaded by Nicoară Roxana",Saxifraga marginata,Saxifraga marginata,6Y37Y,Saxifraga marginata,Saxifraga marginata,variant,,,Eukaryota|Plantae|Pteridobiotina|Tracheophyta|Magnoliopsida|Saxifragales|Saxifragaceae|Saxifrageae|Saxifraga|Saxifraga marginata,,species,species,Catalogue of Life,1,Eukaryota,Plantae,Tracheophyta,Magnoliopsida,Saxifragales,Saxifragaceae,Saxifraga,accepted,variant,6Y37Y,315834,10.48580/dgykv,https://www.checklistbank.org/dataset/315834,Catalogue of Life 2026-07-17 XR
species,128880,Saxifraga oppositifolia,species,Purple Saxifrage,Plantae,1,9972,http://en.wikipedia.org/wiki/Saxifraga_oppositifolia,https://inaturalist-open-data.s3.amazonaws.com/photos/32017311/medium.jpeg,cc-by-nc,"(c) Anthony B. Zerafa, some rights reserved (CC BY-NC), uploaded by Anthony B. Zerafa",Saxifraga oppositifolia,Saxifraga oppositifolia,79R6Y,Saxifraga oppositifolia,Saxifraga oppositifolia,variant,,,Eukaryota|Plantae|Pteridobiotina|Tracheophyta|Magnoliopsida|Saxifragales|Saxifragaceae|Saxifrageae|Saxifraga|Saxifraga oppositifolia,,species,species,Catalogue of Life,1,Eukaryota,Plantae,Tracheophyta,Magnoliopsida,Saxifragales,Saxifragaceae,Saxifraga,accepted,variant,79R6Y,315834,10.48580/dgykv,https://www.checklistbank.org/dataset/315834,Catalogue of Life 2026-07-17 XR
species,132437,Saxifraga paniculata,species,Livelong Saxifrage,Plantae,6,9659,https://en.wikipedia.org/wiki/Saxifraga_paniculata,https://inaturalist-open-data.s3.amazonaws.com/photos/205226435/medium.jpeg,cc-by-nc,"(c) Mauro Doffria, some rights reserved (CC BY-NC), uploaded by Mauro Doffria",Saxifraga paniculata,Saxifraga paniculata,6Y37B,Saxifraga paniculata,Saxifraga paniculata,variant,,,Eukaryota|Plantae|Pteridobiotina|Tracheophyta|Magnoliopsida|Saxifragales|Saxifragaceae|Saxifrageae|Saxifraga|Saxifraga paniculata,,species,species,Catalogue of Life,1,Eukaryota,Plantae,Tracheophyta,Magnoliopsida,Saxifragales,Saxifragaceae,Saxifraga,accepted,variant,6Y37B,315834,10.48580/dgykv,https://www.checklistbank.org/dataset/315834,Catalogue of Life 2026-07-17 XR
species,85444,Saxifraga rotundifolia,species,Round-leaved Saxifrage,Plantae,1,4326,https://en.wikipedia.org/wiki/Saxifraga_rotundifolia,https://inaturalist-open-data.s3.amazonaws.com/photos/637794037/medium.jpg,cc-by-nc,"(c) Pasquale Buonpane, some rights reserved (CC BY-NC), uploaded by Pasquale Buonpane",Saxifraga rotundifolia,Saxifraga rotundifolia,6Y38M,Saxifraga rotundifolia,Saxifraga rotundifolia,variant,,,Eukaryota|Plantae|Pteridobiotina|Tracheophyta|Magnoliopsida|Saxifragales|Saxifragaceae|Saxifrageae|Saxifraga|Saxifraga rotundifolia,,species,species,Catalogue of Life,1,Eukaryota,Plantae,Tracheophyta,Magnoliopsida,Saxifragales,Saxifragaceae,Saxifraga,accepted,variant,6Y38M,315834,10.48580/dgykv,https://www.checklistbank.org/dataset/315834,Catalogue of Life 2026-07-17 XR
species,509876,Saxifraga scardica,species,,Plantae,2,67,,https://static.inaturalist.org/photos/110960064/medium.jpeg,,"(c) Marko Doboš, all rights reserved, uploaded by Marko Doboš",Saxifraga scardica,Saxifraga scardica,6XQWQ,Saxifraga scardica,Saxifraga scardica,variant,,,Eukaryota|Plantae|Pteridobiotina|Tracheophyta|Magnoliopsida|Saxifragales|Saxifragaceae|Saxifrageae|Saxifraga|Saxifraga scardica,,species,species,Catalogue of Life,1,Eukaryota,Plantae,Tracheophyta,Magnoliopsida,Saxifragales,Saxifragaceae,Saxifraga,accepted,variant,6XQWQ,315834,10.48580/dgykv,https://www.checklistbank.org/dataset/315834,Catalogue of Life 2026-07-17 XR
species,509888,Saxifraga sempervivum,species,,Plantae,10,162,,https://inaturalist-open-data.s3.amazonaws.com/photos/467884754/medium.jpg,cc-by-nc,"(c) uwegrabner, some rights reserved (CC BY-NC)",Saxifraga sempervivum,Saxifraga sempervivum,93CZ9,Saxifraga sempervivum,Saxifraga sempervivum,variant,,,Eukaryota|Plantae|Pteridobiotina|Tracheophyta|Magnoliopsida|Saxifragales|Saxifragaceae|Saxifrageae|Saxifraga|Saxifraga sempervivum,,species,species,Catalogue of Life,1,Eukaryota,Plantae,Tracheophyta,Magnoliopsida,Saxifragales,Saxifragaceae,Saxifraga,accepted,variant,93CZ9,315834,10.48580/dgykv,https://www.checklistbank.org/dataset/315834,Catalogue of Life 2026-07-17 XR
species,461421,Schistidium confertum,species,Compact Grimmia,Plantae,1,10,,https://inaturalist-open-data.s3.amazonaws.com/photos/552283965/medium.jpg,cc-by-nc,"(c) petit_bonnier, some rights reserved (CC BY-NC)",Schistidium confertum,Schistidium confertum,9MJBM,Schistidium confertum,Schistidium confertum,variant,,,Eukaryota|Plantae|Bryobiotina|Bryophyta|Bryopsida|Dicranidae|Grimmiales|Grimmiaceae|Schistidium|Schistidium confertum,,species,species,Catalogue of Life,1,Eukaryota,Plantae,Bryophyta,Bryopsida,Grimmiales,Grimmiaceae,Schistidium,accepted,variant,9MJBM,315834,10.48580/dgykv,https://www.checklistbank.org/dataset/315834,Catalogue of Life 2026-07-17 XR
species,56934,Scilla bifolia,species,Alpine Squill,Plantae,2,11241,http://en.wikipedia.org/wiki/Scilla_bifolia,https://inaturalist-open-data.s3.amazonaws.com/photos/320846338/medium.jpg,cc-by-nc,"(c) perrot71, some rights reserved (CC BY-NC)",Scilla bifolia,Scilla bifolia,4VJCF,Scilla bifolia,Scilla bifolia,variant,,,Eukaryota|Plantae|Pteridobiotina|Tracheophyta|Liliopsida|Asparagales|Asparagaceae|Scilla|Scilla bifolia,,species,species,Catalogue of Life,1,Eukaryota,Plantae,Tracheophyta,Liliopsida,Asparagales,Asparagaceae,Scilla,accepted,variant,4VJCF,315834,10.48580/dgykv,https://www.checklistbank.org/dataset/315834,Catalogue of Life 2026-07-17 XR
species,168651,Scleranthus perennis,species,Perennial Knawel,Plantae,1,3580,https://en.wikipedia.org/wiki/Scleranthus_perennis,https://static.inaturalist.org/photos/42773965/medium.jpeg,,"(c) Bruno Ponsonnaille, all rights reserved, uploaded by Bruno Ponsonnaille",Scleranthus perennis,Scleranthus perennis,79Y36,Scleranthus perennis,Scleranthus perennis,variant,,,Eukaryota|Plantae|Pteridobiotina|Tracheophyta|Magnoliopsida|Caryophyllales|Caryophyllaceae|Sclerantheae|Scleranthus|Scleranthus perennis,,species,species,Catalogue of Life,1,Eukaryota,Plantae,Tracheophyta,Magnoliopsida,Caryophyllales,Caryophyllaceae,Scleranthus,accepted,variant,79Y36,315834,10.48580/dgykv,https://www.checklistbank.org/dataset/315834,Catalogue of Life 2026-07-17 XR
species,1287150,Scorzonera purpurea,species,pur­ple sal­si­fy,Plantae,1,1983,,https://inaturalist-open-data.s3.amazonaws.com/photos/119470186/medium.jpg,cc-by-nc,"(c) Marina Privalova, some rights reserved (CC BY-NC), uploaded by Marina Privalova",Scorzonera purpurea,Scorzonera purpurea,79YWX,Scorzonera purpurea,Scorzonera purpurea,variant,,,Eukaryota|Plantae|Pteridobiotina|Tracheophyta|Magnoliopsida|Asterales|Asteraceae|Cichorioideae|Cichorieae|Scorzonerinae|Scorzonera|Scorzonera purpurea,,species,species,Catalogue of Life,1,Eukaryota,Plantae,Tracheophyta,Magnoliopsida,Asterales,Asteraceae,Scorzonera,accepted,variant,79YWX,315834,10.48580/dgykv,https://www.checklistbank.org/dataset/315834,Catalogue of Life 2026-07-17 XR
species,79025,Sedum album,species,white stonecrop,Plantae,2,35605,http://en.wikipedia.org/wiki/Sedum_album,https://inaturalist-open-data.s3.amazonaws.com/photos/43927616/medium.jpg,cc-by-nc,"(c) drslimemold, some rights reserved (CC BY-NC)",Sedum album,Sedum album,4W8VP,Sedum album,Sedum album,variant,,,Eukaryota|Plantae|Pteridobiotina|Tracheophyta|Magnoliopsida|Saxifragales|Crassulaceae|Sempervivoideae|Sedeae|Sedum|Sedum album,,species,species,Catalogue of Life,1,Eukaryota,Plantae,Tracheophyta,Magnoliopsida,Saxifragales,Crassulaceae,Sedum,accepted,variant,4W8VP,315834,10.48580/dgykv,https://www.checklistbank.org/dataset/315834,Catalogue of Life 2026-07-17 XR
species,503308,Sedum annuum,species,Annual stonecrop,Plantae,2,1019,,https://inaturalist-open-data.s3.amazonaws.com/photos/6755627/medium.jpg,cc-by-nc,"(c) anonymous, some rights reserved (CC BY-NC)",Sedum annuum,Sedum annuum,4W8WP,Sedum annuum,Sedum annuum,variant,,,Eukaryota|Plantae|Pteridobiotina|Tracheophyta|Magnoliopsida|Saxifragales|Crassulaceae|Sempervivoideae|Sedeae|Sedum|Sedum annuum,,species,species,Catalogue of Life,1,Eukaryota,Plantae,Tracheophyta,Magnoliopsida,Saxifragales,Crassulaceae,Sedum,accepted,variant,4W8WP,315834,10.48580/dgykv,https://www.checklistbank.org/dataset/315834,Catalogue of Life 2026-07-17 XR
species,334587,Sedum atratum,species,Dark Stonecrop,Plantae,4,1641,https://en.wikipedia.org/wiki/Sedum_atratum,https://inaturalist-open-data.s3.amazonaws.com/photos/56032218/medium.jpeg,cc-by-nc,"(c) Franco Colnago, some rights reserved (CC BY-NC), uploaded by Franco Colnago",Sedum atratum,Sedum atratum,4W8XS,Sedum atratum,Sedum atratum,variant,,,Eukaryota|Plantae|Pteridobiotina|Tracheophyta|Magnoliopsida|Saxifragales|Crassulaceae|Sempervivoideae|Sedeae|Sedum|Sedum atratum,,species,species,Catalogue of Life,1,Eukaryota,Plantae,Tracheophyta,Magnoliopsida,Saxifragales,Crassulaceae,Sedum,accepted,variant,4W8XS,315834,10.48580/dgykv,https://www.checklistbank.org/dataset/315834,Catalogue of Life 2026-07-17 XR
species,208966,Sedum dasyphyllum,species,thick-leaved stonecrop,Plantae,2,9575,http://en.wikipedia.org/wiki/Sedum_dasyphyllum,https://static.inaturalist.org/photos/372995650/medium.jpeg,,"(c) Nicolas Alric, all rights reserved, uploaded by Nicolas Alric",Sedum dasyphyllum,Sedum dasyphyllum,4W96K,Sedum dasyphyllum,Sedum dasyphyllum,variant,,,Eukaryota|Plantae|Pteridobiotina|Tracheophyta|Magnoliopsida|Saxifragales|Crassulaceae|Sempervivoideae|Sedeae|Sedum|Sedum dasyphyllum,,species,species,Catalogue of Life,1,Eukaryota,Plantae,Tracheophyta,Magnoliopsida,Saxifragales,Crassulaceae,Sedum,accepted,variant,4W96K,315834,10.48580/dgykv,https://www.checklistbank.org/dataset/315834,Catalogue of Life 2026-07-17 XR
species,511518,Sedum grisebachii,species,,Plantae,2,15,,https://static.inaturalist.org/photos/145222566/medium.jpeg,,"(c) Marko Doboš, all rights reserved, uploaded by Marko Doboš",Sedum grisebachii,Sedum grisebachii,4W9CB,Sedum grisebachii,Sedum grisebachii,variant,,,Eukaryota|Plantae|Pteridobiotina|Tracheophyta|Magnoliopsida|Saxifragales|Crassulaceae|Sempervivoideae|Sedeae|Sedum|Sedum grisebachii,,species,species,Catalogue of Life,1,Eukaryota,Plantae,Tracheophyta,Magnoliopsida,Saxifragales,Crassulaceae,Sedum,accepted,variant,4W9CB,315834,10.48580/dgykv,https://www.checklistbank.org/dataset/315834,Catalogue of Life 2026-07-17 XR
species,858417,Sempervivum macedonicum,species,,Plantae,8,23,https://en.wikipedia.org/wiki/Sempervivum_macedonicum,https://static.inaturalist.org/photos/30902608/medium.jpeg,,"(c) Johannes Klein, all rights reserved, uploaded by Johannes Klein",Sempervivum marmoreum subsp. marmoreum,Sempervivum marmoreum subsp. marmoreum,5L5BM,Sempervivum macedonicum,Sempervivum marmoreum subsp. marmoreum,variant,,,Eukaryota|Plantae|Pteridobiotina|Tracheophyta|Magnoliopsida|Saxifragales|Crassulaceae|Sempervivoideae|Semperviveae|Sempervivum|Sempervivum marmoreum|Sempervivum marmoreum subsp. marmoreum,,species,subspecies,Catalogue of Life,1,Eukaryota,Plantae,Tracheophyta,Magnoliopsida,Saxifragales,Crassulaceae,Sempervivum,synonym,variant,5L5BM,315834,10.48580/dgykv,https://www.checklistbank.org/dataset/315834,Catalogue of Life 2026-07-17 XR
species,9236,Serinus serinus,species,European Serin,Aves,1,40415,http://en.wikipedia.org/wiki/European_serin,https://static.inaturalist.org/photos/568293176/medium.jpg,,"(c) Giuseppe Citino, all rights reserved, uploaded by Giuseppe Citino",Serinus serinus,Serinus serinus,4WV7R,Serinus serinus,Serinus serinus,variant,,,Eukaryota|Animalia|Chordata|Vertebrata|Gnathostomata|Osteichthyes|Tetrapoda|Aves|Passeriformes|Fringillidae|Serinus|Serinus serinus,,species,species,Catalogue of Life,1,Eukaryota,Animalia,Chordata,Aves,Passeriformes,Fringillidae,Serinus,accepted,variant,4WV7R,315834,10.48580/dgykv,https://www.checklistbank.org/dataset/315834,Catalogue of Life 2026-07-17 XR
species,68886,Silene acaulis,species,Moss Campion,Plantae,1,23933,https://en.wikipedia.org/wiki/Silene_acaulis,https://inaturalist-open-data.s3.amazonaws.com/photos/292886591/medium.jpg,cc-by,"(c) Katrin Simon, some rights reserved (CC BY), uploaded by Katrin Simon",Silene acaulis,Silene acaulis,4XBJV,Silene acaulis,Silene acaulis,variant,,,Eukaryota|Plantae|Pteridobiotina|Tracheophyta|Magnoliopsida|Caryophyllales|Caryophyllaceae|Sileneae|Silene|Silene acaulis,,species,species,Catalogue of Life,1,Eukaryota,Plantae,Tracheophyta,Magnoliopsida,Caryophyllales,Caryophyllaceae,Silene,accepted,variant,4XBJV,315834,10.48580/dgykv,https://www.checklistbank.org/dataset/315834,Catalogue of Life 2026-07-17 XR
species,485191,Silene coronaria,species,Rose campion,Plantae,1,22819,http://en.wikipedia.org/wiki/Silene_coronaria,https://static.inaturalist.org/photos/143831898/medium.jpg,,"(c) hromnice, all rights reserved",Silene coronaria,Silene coronaria,4XBXJ,Silene coronaria,Silene coronaria,variant,,,Eukaryota|Plantae|Pteridobiotina|Tracheophyta|Magnoliopsida|Caryophyllales|Caryophyllaceae|Sileneae|Silene|Silene coronaria,,species,species,Catalogue of Life,1,Eukaryota,Plantae,Tracheophyta,Magnoliopsida,Caryophyllales,Caryophyllaceae,Silene,accepted,variant,4XBXJ,315834,10.48580/dgykv,https://www.checklistbank.org/dataset/315834,Catalogue of Life 2026-07-17 XR
species,55759,Silene dioica,species,red campion,Plantae,1,74824,http://en.wikipedia.org/wiki/Silene_dioica,https://static.inaturalist.org/photos/130304765/medium.jpg,,"(c) Ménébrode Françoise, all rights reserved, uploaded by Ménébrode Françoise",Silene dioica,Silene dioica,4XC2G,Silene dioica,Silene dioica,variant,,,Eukaryota|Plantae|Pteridobiotina|Tracheophyta|Magnoliopsida|Caryophyllales|Caryophyllaceae|Sileneae|Silene|Silene dioica,,species,species,Catalogue of Life,1,Eukaryota,Plantae,Tracheophyta,Magnoliopsida,Caryophyllales,Caryophyllaceae,Silene,accepted,variant,4XC2G,315834,10.48580/dgykv,https://www.checklistbank.org/dataset/315834,Catalogue of Life 2026-07-17 XR
species,318926,Siona lineata,species,Black-veined Moth,Insecta,1,9359,http://en.wikipedia.org/wiki/Siona_lineata,https://inaturalist-open-data.s3.amazonaws.com/photos/3858749/medium.jpg,cc-by-nc,"(c) Martin Grimm, some rights reserved (CC BY-NC), uploaded by Martin Grimm",Siona lineata,Siona lineata,4XMPD,Siona lineata,Siona lineata,variant,,,Eukaryota|Animalia|Arthropoda|Hexapoda|Insecta|Lepidoptera|Geometroidea|Geometridae|Ennominae|Siona|Siona lineata,,species,species,Catalogue of Life,1,Eukaryota,Animalia,Arthropoda,Insecta,Lepidoptera,Geometridae,Siona,accepted,variant,4XMPD,315834,10.48580/dgykv,https://www.checklistbank.org/dataset/315834,Catalogue of Life 2026-07-17 XR
species,61948,Stellaria graminea,species,lesser stitchwort,Plantae,1,38872,http://en.wikipedia.org/wiki/Stellaria_graminea,https://inaturalist-open-data.s3.amazonaws.com/photos/293247158/medium.jpeg,cc-by-nc,"(c) dmbeard, some rights reserved (CC BY-NC), uploaded by dmbeard",Stellaria graminea,Stellaria graminea,6ZJ3L,Stellaria graminea,Stellaria graminea,variant,,,Eukaryota|Plantae|Pteridobiotina|Tracheophyta|Magnoliopsida|Caryophyllales|Caryophyllaceae|Alsineae|Stellaria|Stellaria graminea,,species,species,Catalogue of Life,1,Eukaryota,Plantae,Tracheophyta,Magnoliopsida,Caryophyllales,Caryophyllaceae,Stellaria,accepted,variant,6ZJ3L,315834,10.48580/dgykv,https://www.checklistbank.org/dataset/315834,Catalogue of Life 2026-07-17 XR
species,55583,Stropharia aeruginosa,species,Verdigris Agaric,Fungi,1,4776,http://en.wikipedia.org/wiki/Stropharia_aeruginosa,https://inaturalist-open-data.s3.amazonaws.com/photos/171671477/medium.jpg,cc-by-nc,"(c) Federico Calledda, some rights reserved (CC BY-NC), uploaded by Federico Calledda",Stropharia aeruginosa,Stropharia aeruginosa,535H2,Stropharia aeruginosa,Stropharia aeruginosa,variant,,,Eukaryota|Fungi|Basidiomycota|Agaricomycetes|Agaricales|Strophariaceae|Stropharia|Stropharia aeruginosa,,species,species,Catalogue of Life,1,Eukaryota,Fungi,Basidiomycota,Agaricomycetes,Agaricales,Strophariaceae,Stropharia,accepted,variant,535H2,315834,10.48580/dgykv,https://www.checklistbank.org/dataset/315834,Catalogue of Life 2026-07-17 XR
species,1151702,Syntrichia ruraliformis,species,Sand-hill Screw-moss,Plantae,1,1264,,https://inaturalist-open-data.s3.amazonaws.com/photos/7914018/medium.jpg,cc-by,"(c) Paul Cook, some rights reserved (CC BY), uploaded by Paul Cook",Syntrichia ruralis var. ruraliformis,Syntrichia ruralis var. ruraliformis,9NJHV,Syntrichia ruraliformis,Syntrichia ruralis var. ruraliformis,variant,,,Eukaryota|Plantae|Bryobiotina|Bryophyta|Bryopsida|Dicranidae|Pottiales|Pottiaceae|Syntrichia|Syntrichia ruralis|Syntrichia ruralis var. ruraliformis,,species,variety,Catalogue of Life,1,Eukaryota,Plantae,Bryophyta,Bryopsida,Pottiales,Pottiaceae,Syntrichia,synonym,variant,9NJHV,315834,10.48580/dgykv,https://www.checklistbank.org/dataset/315834,Catalogue of Life 2026-07-17 XR
species,71212,Testudo hermanni,species,Hermann's Tortoise,Reptilia,2,11475,http://en.wikipedia.org/wiki/Hermann's_tortoise,https://static.inaturalist.org/photos/345032230/medium.jpg,,"(c) petermclight, all rights reserved",Testudo hermanni,Testudo hermanni,7C3D6,Testudo hermanni,Testudo hermanni,variant,,,Eukaryota|Animalia|Chordata|Vertebrata|Gnathostomata|Osteichthyes|Tetrapoda|Reptilia|Testudines|Cryptodira|Testudinoidea|Testudinidae|Testudo|Testudo hermanni,,species,species,Catalogue of Life,1,Eukaryota,Animalia,Chordata,Reptilia,Testudines,Testudinidae,Testudo,accepted,variant,7C3D6,315834,10.48580/dgykv,https://www.checklistbank.org/dataset/315834,Catalogue of Life 2026-07-17 XR
species,406483,Thalictrum aquilegiifolium,species,French meadow-rue,Plantae,1,8191,http://en.wikipedia.org/wiki/Thalictrum_aquilegiifolium,https://inaturalist-open-data.s3.amazonaws.com/photos/523579358/medium.jpg,cc-by-nc,"(c) mauro_fioretto, some rights reserved (CC BY-NC)",Thalictrum aquilegiifolium,Thalictrum aquilegiifolium,56246,Thalictrum aquilegiifolium,Thalictrum aquilegiifolium,variant,,,Eukaryota|Plantae|Pteridobiotina|Tracheophyta|Magnoliopsida|Ranunculales|Ranunculaceae|Thalictroideae|Thalictrum|Thalictrum aquilegiifolium,,species,species,Catalogue of Life,1,Eukaryota,Plantae,Tracheophyta,Magnoliopsida,Ranunculales,Ranunculaceae,Thalictrum,accepted,variant,56246,315834,10.48580/dgykv,https://www.checklistbank.org/dataset/315834,Catalogue of Life 2026-07-17 XR
species,1040929,Thamnolia vermicularis,species,Whiteworm Lichen,Fungi,1,3244,https://en.wikipedia.org/wiki/Thamnolia_vermicularis,https://inaturalist-open-data.s3.amazonaws.com/photos/56201083/medium.jpg,cc-by-nc,"(c) Hanna Dorval, some rights reserved (CC BY-NC), uploaded by Hanna Dorval",Thamnolia vermicularis,Thamnolia vermicularis,563FP,Thamnolia vermicularis,Thamnolia vermicularis,variant,,,Eukaryota|Fungi|Ascomycota|Lecanoromycetes|Pertusariales|Icmadophilaceae|Thamnolia|Thamnolia vermicularis,,species,species,Catalogue of Life,1,Eukaryota,Fungi,Ascomycota,Lecanoromycetes,Pertusariales,Icmadophilaceae,Thamnolia,accepted,variant,563FP,315834,10.48580/dgykv,https://www.checklistbank.org/dataset/315834,Catalogue of Life 2026-07-17 XR
species,1578632,Thecagaster bidentata,species,Sombre Goldenring,Insecta,1,1937,https://en.wikipedia.org/wiki/Cordulegaster_bidentata,https://inaturalist-open-data.s3.amazonaws.com/photos/549141181/medium.jpg,cc-by-nc,"(c) Emily Hjalmarson, some rights reserved (CC BY-NC), uploaded by Emily Hjalmarson",Thecagaster bidentata,Thecagaster bidentata,CL3HN,Thecagaster bidentata,Thecagaster bidentata,variant,,,Eukaryota|Animalia|Arthropoda|Hexapoda|Insecta|Odonata|Anisoptera|Cordulegastroidea|Cordulegastridae|Thecagaster|Thecagaster bidentata,,species,species,Catalogue of Life,1,Eukaryota,Animalia,Arthropoda,Insecta,Odonata,Cordulegastridae,Thecagaster,accepted,variant,CL3HN,315834,10.48580/dgykv,https://www.checklistbank.org/dataset/315834,Catalogue of Life 2026-07-17 XR
species,1400708,Thesium parnassi,species,,Plantae,1,5,,https://inaturalist-open-data.s3.amazonaws.com/photos/554177293/medium.jpg,cc-by-nc,"(c) roman_romanov, some rights reserved (CC BY-NC), uploaded by roman_romanov",Thesium parnassi,Thesium parnassi,56FL4,Thesium parnassi,Thesium parnassi,variant,,,Eukaryota|Plantae|Pteridobiotina|Tracheophyta|Magnoliopsida|Santalales|Thesiaceae|Thesium|Thesium parnassi,,species,species,Catalogue of Life,1,Eukaryota,Plantae,Tracheophyta,Magnoliopsida,Santalales,Thesiaceae,Thesium,accepted,variant,56FL4,315834,10.48580/dgykv,https://www.checklistbank.org/dataset/315834,Catalogue of Life 2026-07-17 XR
species,334748,Trifolium alpestre,species,alpine zigzag clover,Plantae,1,5986,https://en.wikipedia.org/wiki/Trifolium_alpestre,https://inaturalist-open-data.s3.amazonaws.com/photos/1615610/medium.jpg,cc-by-nc-nd,"(c) ahmed m, some rights reserved (CC BY-NC-ND)",Trifolium alpestre,Trifolium alpestre,58PMZ,Trifolium alpestre,Trifolium alpestre,variant,,,Eukaryota|Plantae|Pteridobiotina|Tracheophyta|Magnoliopsida|Fabales|Fabaceae|Trifolium|Trifolium alpestre,,species,species,Catalogue of Life,1,Eukaryota,Plantae,Tracheophyta,Magnoliopsida,Fabales,Fabaceae,Trifolium,accepted,variant,58PMZ,315834,10.48580/dgykv,https://www.checklistbank.org/dataset/315834,Catalogue of Life 2026-07-17 XR
species,51875,Trifolium pratense,species,Red Clover,Plantae,1,236475,http://en.wikipedia.org/wiki/Trifolium_pratense,https://inaturalist-open-data.s3.amazonaws.com/photos/590999108/medium.jpg,cc-by-nc,"(c) Hornbeam Arts, some rights reserved (CC BY-NC)",Trifolium pratense,Trifolium pratense,58Q42,Trifolium pratense,Trifolium pratense,variant,,,Eukaryota|Plantae|Pteridobiotina|Tracheophyta|Magnoliopsida|Fabales|Fabaceae|Trifolium|Trifolium pratense,,species,species,Catalogue of Life,1,Eukaryota,Plantae,Tracheophyta,Magnoliopsida,Fabales,Fabaceae,Trifolium,accepted,variant,58Q42,315834,10.48580/dgykv,https://www.checklistbank.org/dataset/315834,Catalogue of Life 2026-07-17 XR
species,55745,Trifolium repens,species,white clover,Plantae,2,254561,http://en.wikipedia.org/wiki/Trifolium_repens,https://static.inaturalist.org/photos/200623887/medium.jpeg,,"(c) David A. Steen, all rights reserved, uploaded by David A. Steen",Trifolium repens,Trifolium repens,58Q4Y,Trifolium repens,Trifolium repens,variant,,,Eukaryota|Plantae|Pteridobiotina|Tracheophyta|Magnoliopsida|Fabales|Fabaceae|Trifolium|Trifolium repens,,species,species,Catalogue of Life,1,Eukaryota,Plantae,Tracheophyta,Magnoliopsida,Fabales,Fabaceae,Trifolium,accepted,variant,58Q4Y,315834,10.48580/dgykv,https://www.checklistbank.org/dataset/315834,Catalogue of Life 2026-07-17 XR
species,359483,Trinia glauca,species,Honewort,Plantae,1,1350,http://en.wikipedia.org/wiki/Trinia_glauca,https://inaturalist-open-data.s3.amazonaws.com/photos/70918071/medium.jpeg,cc-by-nc,"(c) Paul Bowyer, some rights reserved (CC BY-NC), uploaded by Paul Bowyer",Trinia glauca,Trinia glauca,58VJZ,Trinia glauca,Trinia glauca,variant,,,Eukaryota|Plantae|Pteridobiotina|Tracheophyta|Magnoliopsida|Apiales|Apiaceae|Apioideae|Selineae|Thecocarpinae|Trinia|Trinia glauca,,species,species,Catalogue of Life,1,Eukaryota,Plantae,Tracheophyta,Magnoliopsida,Apiales,Apiaceae,Trinia,accepted,variant,58VJZ,315834,10.48580/dgykv,https://www.checklistbank.org/dataset/315834,Catalogue of Life 2026-07-17 XR
species,523707,Triphosa sabaudiata,species,,Insecta,1,264,https://en.wikipedia.org/wiki/Triphosa_sabaudiata,https://inaturalist-open-data.s3.amazonaws.com/photos/301286151/medium.jpeg,cc-by-nc,"(c) Esteban PRAT, some rights reserved (CC BY-NC), uploaded by Esteban PRAT",Triphosa sabaudiata,Triphosa sabaudiata,93RKQ,Triphosa sabaudiata,Triphosa sabaudiata,variant,,,Eukaryota|Animalia|Arthropoda|Hexapoda|Insecta|Lepidoptera|Geometroidea|Geometridae|Larentiinae|Triphosa|Triphosa sabaudiata,,species,species,Catalogue of Life,1,Eukaryota,Animalia,Arthropoda,Insecta,Lepidoptera,Geometridae,Triphosa,accepted,variant,93RKQ,315834,10.48580/dgykv,https://www.checklistbank.org/dataset/315834,Catalogue of Life 2026-07-17 XR
species,472829,Trypocopris vernalis,species,Springtime Dung Beetle,Insecta,3,11938,http://en.wikipedia.org/wiki/Trypocopris_vernalis,https://inaturalist-open-data.s3.amazonaws.com/photos/43644769/medium.jpg,cc-by-sa,"(c) Dr. Guido Bohne, some rights reserved (CC BY-SA), uploaded by Dr. Guido Bohne",Trypocopris (Trypocopris) vernalis,Trypocopris (Trypocopris) vernalis,59GHM,Trypocopris vernalis,Trypocopris (Trypocopris) vernalis,variant,,,Eukaryota|Animalia|Arthropoda|Hexapoda|Insecta|Coleoptera|Polyphaga|Staphyliniformia|Scarabaeoidea|Geotrupidae|Geotrupinae|Geotrupini|Trypocopris|Trypocopris (Trypocopris)|Trypocopris (Trypocopris) vernalis,,species,species,Catalogue of Life,1,Eukaryota,Animalia,Arthropoda,Insecta,Coleoptera,Geotrupidae,Trypocopris,accepted,variant,59GHM,315834,10.48580/dgykv,https://www.checklistbank.org/dataset/315834,Catalogue of Life 2026-07-17 XR
species,55798,Tulipa sylvestris,species,Wild Tulip,Plantae,1,10545,http://en.wikipedia.org/wiki/Tulipa_sylvestris,https://inaturalist-open-data.s3.amazonaws.com/photos/9672/medium.jpg,cc-by-nc-sa,"(c) AnneTanne, some rights reserved (CC BY-NC-SA)",Tulipa sylvestris,Tulipa sylvestris,59L6K,Tulipa sylvestris,Tulipa sylvestris,variant,,,Eukaryota|Plantae|Pteridobiotina|Tracheophyta|Liliopsida|Liliales|Liliaceae|Tulipa|Tulipa sylvestris,,species,species,Catalogue of Life,1,Eukaryota,Plantae,Tracheophyta,Liliopsida,Liliales,Liliaceae,Tulipa,accepted,variant,59L6K,315834,10.48580/dgykv,https://www.checklistbank.org/dataset/315834,Catalogue of Life 2026-07-17 XR
species,12707,Turdus pilaris,species,Fieldfare,Aves,1,102557,http://en.wikipedia.org/wiki/Fieldfare,https://static.inaturalist.org/photos/6651903/medium.jpg,,"(c) František Bednár, all rights reserved, uploaded by František Bednár",Turdus pilaris,Turdus pilaris,59PMS,Turdus pilaris,Turdus pilaris,variant,,,Eukaryota|Animalia|Chordata|Vertebrata|Gnathostomata|Osteichthyes|Tetrapoda|Aves|Passeriformes|Turdidae|Turdus|Turdus pilaris,,species,species,Catalogue of Life,1,Eukaryota,Animalia,Chordata,Aves,Passeriformes,Turdidae,Turdus,accepted,variant,59PMS,315834,10.48580/dgykv,https://www.checklistbank.org/dataset/315834,Catalogue of Life 2026-07-17 XR
species,12740,Turdus torquatus,species,Ring Ouzel,Aves,3,4580,http://en.wikipedia.org/wiki/Ring_ouzel,https://static.inaturalist.org/photos/66245536/medium.jpeg,,"(c) Carlos N. G. Bocos, all rights reserved, uploaded by Carlos N. G. Bocos",Turdus torquatus,Turdus torquatus,59PND,Turdus torquatus,Turdus torquatus,variant,,,Eukaryota|Animalia|Chordata|Vertebrata|Gnathostomata|Osteichthyes|Tetrapoda|Aves|Passeriformes|Turdidae|Turdus|Turdus torquatus,,species,species,Catalogue of Life,1,Eukaryota,Animalia,Chordata,Aves,Passeriformes,Turdidae,Turdus,accepted,variant,59PND,315834,10.48580/dgykv,https://www.checklistbank.org/dataset/315834,Catalogue of Life 2026-07-17 XR
species,12735,Turdus viscivorus,species,Mistle Thrush,Aves,3,26942,http://en.wikipedia.org/wiki/Mistle_thrush,https://inaturalist-open-data.s3.amazonaws.com/photos/203268068/medium.jpg,cc-by-nc,"(c) Luca Ghiraldi, some rights reserved (CC BY-NC), uploaded by Luca Ghiraldi",Turdus viscivorus,Turdus viscivorus,59PNF,Turdus viscivorus,Turdus viscivorus,variant,,,Eukaryota|Animalia|Chordata|Vertebrata|Gnathostomata|Osteichthyes|Tetrapoda|Aves|Passeriformes|Turdidae|Turdus|Turdus viscivorus,,species,species,Catalogue of Life,1,Eukaryota,Animalia,Chordata,Aves,Passeriformes,Turdidae,Turdus,accepted,variant,59PNF,315834,10.48580/dgykv,https://www.checklistbank.org/dataset/315834,Catalogue of Life 2026-07-17 XR
species,56222,Tussilago farfara,species,colt's-foot,Plantae,1,135946,http://en.wikipedia.org/wiki/Tussilago,https://inaturalist-open-data.s3.amazonaws.com/photos/597146847/medium.jpg,cc-by-nc,"(c) snsergeevna, some rights reserved (CC BY-NC)",Tussilago farfara,Tussilago farfara,59R86,Tussilago farfara,Tussilago farfara,variant,,,Eukaryota|Plantae|Pteridobiotina|Tracheophyta|Magnoliopsida|Asterales|Asteraceae|Asteroideae|Senecioneae|Tussilagininae|Tussilago|Tussilago farfara,,species,species,Catalogue of Life,1,Eukaryota,Plantae,Tracheophyta,Magnoliopsida,Asterales,Asteraceae,Tussilago,accepted,variant,59R86,315834,10.48580/dgykv,https://www.checklistbank.org/dataset/315834,Catalogue of Life 2026-07-17 XR
species,352781,Usnea barbata,species,,Fungi,1,2280,,https://inaturalist-open-data.s3.amazonaws.com/photos/173211361/medium.jpeg,cc-by-nc-sa,"(c) Nuno Veríssimo P., some rights reserved (CC BY-NC-SA), uploaded by Nuno Veríssimo P.",Usnea barbata,Usnea barbata,TWSKW,Usnea barbata,Usnea barbata,variant,,,Eukaryota|Fungi|Ascomycota|Lecanoromycetes|Lecanorales|Parmeliaceae|Usnea|Usnea barbata,,species,species,Catalogue of Life,1,Eukaryota,Fungi,Ascomycota,Lecanoromycetes,Lecanorales,Parmeliaceae,Usnea,accepted,variant,TWSKW,315834,10.48580/dgykv,https://www.checklistbank.org/dataset/315834,Catalogue of Life 2026-07-17 XR
species,127029,Vaccinium myrtillus,species,common bilberry,Plantae,2,59778,http://en.wikipedia.org/wiki/Vaccinium_myrtillus,https://inaturalist-open-data.s3.amazonaws.com/photos/191246192/medium.jpeg,cc-by-nc,"(c) Дмитрий Власов, some rights reserved (CC BY-NC), uploaded by Дмитрий Власов",Vaccinium myrtillus,Vaccinium myrtillus,7F76T,Vaccinium myrtillus,Vaccinium myrtillus,variant,,,Eukaryota|Plantae|Pteridobiotina|Tracheophyta|Magnoliopsida|Ericales|Ericaceae|Vaccinioideae|Vaccinieae|Vaccinium|Vaccinium myrtillus,,species,species,Catalogue of Life,1,Eukaryota,Plantae,Tracheophyta,Magnoliopsida,Ericales,Ericaceae,Vaccinium,accepted,variant,7F76T,315834,10.48580/dgykv,https://www.checklistbank.org/dataset/315834,Catalogue of Life 2026-07-17 XR
species,49133,Vanessa atalanta,species,Red Admiral,Insecta,2,282718,http://en.wikipedia.org/wiki/Vanessa_atalanta,https://inaturalist-open-data.s3.amazonaws.com/photos/53928483/medium.jpg,cc-by-sa,"(c) Gilles San Martin, some rights reserved (CC BY-SA), uploaded by Gilles San Martin",Vanessa atalanta,Vanessa atalanta,7FFL6,Vanessa atalanta,Vanessa atalanta,variant,,,Eukaryota|Animalia|Arthropoda|Hexapoda|Insecta|Lepidoptera|Papilionoidea|Nymphalidae|Nymphalinae|Nymphalini|Vanessa|Vanessa atalanta,,species,species,Catalogue of Life,1,Eukaryota,Animalia,Arthropoda,Insecta,Lepidoptera,Nymphalidae,Vanessa,accepted,variant,7FFL6,315834,10.48580/dgykv,https://www.checklistbank.org/dataset/315834,Catalogue of Life 2026-07-17 XR
species,470430,Veratrum lobelianum,species,White Hellebore,Plantae,2,9712,https://en.wikipedia.org/wiki/Veratrum_lobelianum,https://inaturalist-open-data.s3.amazonaws.com/photos/23528161/medium.jpg,cc-by-nc,"(c) Werner Witte, some rights reserved (CC BY-NC)",Veratrum lobelianum,Veratrum lobelianum,7FNKS,Veratrum lobelianum,Veratrum lobelianum,variant,,,Eukaryota|Plantae|Pteridobiotina|Tracheophyta|Liliopsida|Liliales|Melanthiaceae|Veratrum|Veratrum lobelianum,,species,species,Catalogue of Life,1,Eukaryota,Plantae,Tracheophyta,Liliopsida,Liliales,Melanthiaceae,Veratrum,accepted,variant,7FNKS,315834,10.48580/dgykv,https://www.checklistbank.org/dataset/315834,Catalogue of Life 2026-07-17 XR
species,54333,Veronica beccabunga,species,Brooklime,Plantae,1,14100,http://en.wikipedia.org/wiki/Veronica_beccabunga,https://inaturalist-open-data.s3.amazonaws.com/photos/112606874/medium.jpg,cc-by-nc,"(c) Vladimir Bryukhov, some rights reserved (CC BY-NC), uploaded by Vladimir Bryukhov",Veronica beccabunga,Veronica beccabunga,5B6GQ,Veronica beccabunga,Veronica beccabunga,variant,,,Eukaryota|Plantae|Pteridobiotina|Tracheophyta|Magnoliopsida|Lamiales|Plantaginaceae|Digitalidoideae|Veroniceae|Veronica|Veronica beccabunga,,species,species,Catalogue of Life,1,Eukaryota,Plantae,Tracheophyta,Magnoliopsida,Lamiales,Plantaginaceae,Veronica,accepted,variant,5B6GQ,315834,10.48580/dgykv,https://www.checklistbank.org/dataset/315834,Catalogue of Life 2026-07-17 XR
species,51610,Veronica chamaedrys,species,Germander Speedwell,Plantae,1,107868,http://en.wikipedia.org/wiki/Veronica_chamaedrys,https://inaturalist-open-data.s3.amazonaws.com/photos/291786073/medium.jpg,cc-by,"(c) Joseph Hubbard, some rights reserved (CC BY), uploaded by Joseph Hubbard",Veronica chamaedrys,Veronica chamaedrys,5B6L3,Veronica chamaedrys,Veronica chamaedrys,variant,,,Eukaryota|Plantae|Pteridobiotina|Tracheophyta|Magnoliopsida|Lamiales|Plantaginaceae|Digitalidoideae|Veroniceae|Veronica|Veronica chamaedrys,,species,species,Catalogue of Life,1,Eukaryota,Plantae,Tracheophyta,Magnoliopsida,Lamiales,Plantaginaceae,Veronica,accepted,variant,5B6L3,315834,10.48580/dgykv,https://www.checklistbank.org/dataset/315834,Catalogue of Life 2026-07-17 XR
species,738832,Veronica kindlii,species,,Plantae,1,10,,https://inaturalist-open-data.s3.amazonaws.com/photos/116667734/medium.jpeg,cc-by,"(c) Todd Boland, some rights reserved (CC BY), uploaded by Todd Boland",Veronica orsiniana subsp. orsiniana,Veronica orsiniana subsp. orsiniana,7KV39,Veronica kindlii,Veronica orsiniana subsp. orsiniana,variant,,,Eukaryota|Plantae|Pteridobiotina|Tracheophyta|Magnoliopsida|Lamiales|Plantaginaceae|Digitalidoideae|Veroniceae|Veronica|Veronica orsiniana|Veronica orsiniana subsp. orsiniana,,species,subspecies,Catalogue of Life,1,Eukaryota,Plantae,Tracheophyta,Magnoliopsida,Lamiales,Plantaginaceae,Veronica,synonym,variant,7KV39,315834,10.48580/dgykv,https://www.checklistbank.org/dataset/315834,Catalogue of Life 2026-07-17 XR
species,354400,Viola calcarata,species,Long-spurred Violet,Plantae,2,2871,https://en.wikipedia.org/wiki/Viola_calcarata,https://inaturalist-open-data.s3.amazonaws.com/photos/2111083/medium.jpg,cc-by-nc-sa,"(c) Andrea Schieber, some rights reserved (CC BY-NC-SA)",Viola calcarata,Viola calcarata,5BGH9,Viola calcarata,Viola calcarata,variant,,,Eukaryota|Plantae|Pteridobiotina|Tracheophyta|Magnoliopsida|Malpighiales|Violaceae|Violoideae|Viola|Viola calcarata,,species,species,Catalogue of Life,1,Eukaryota,Plantae,Tracheophyta,Magnoliopsida,Malpighiales,Violaceae,Viola,accepted,variant,5BGH9,315834,10.48580/dgykv,https://www.checklistbank.org/dataset/315834,Catalogue of Life 2026-07-17 XR
species,486356,Viola elegantula,species,,Plantae,3,78,,https://inaturalist-open-data.s3.amazonaws.com/photos/281788716/medium.jpg,cc-by-nc,"(c) cicko, some rights reserved (CC BY-NC)",Viola elegantula,Viola elegantula,5BGPR,Viola elegantula,Viola elegantula,variant,,,Eukaryota|Plantae|Pteridobiotina|Tracheophyta|Magnoliopsida|Malpighiales|Violaceae|Violoideae|Viola|Viola elegantula,,species,species,Catalogue of Life,1,Eukaryota,Plantae,Tracheophyta,Magnoliopsida,Malpighiales,Violaceae,Viola,accepted,variant,5BGPR,315834,10.48580/dgykv,https://www.checklistbank.org/dataset/315834,Catalogue of Life 2026-07-17 XR
species,335909,Viola suavis,species,Russian Violet,Plantae,1,3070,,https://inaturalist-open-data.s3.amazonaws.com/photos/96653647/medium.jpeg,cc-by-nc,"(c) Anastasia Davydova, some rights reserved (CC BY-NC), uploaded by Anastasia Davydova",Viola suavis,Viola suavis,5BHMP,Viola suavis,Viola suavis,variant,,,Eukaryota|Plantae|Pteridobiotina|Tracheophyta|Magnoliopsida|Malpighiales|Violaceae|Violoideae|Viola|Viola suavis,,species,species,Catalogue of Life,1,Eukaryota,Plantae,Tracheophyta,Magnoliopsida,Malpighiales,Violaceae,Viola,accepted,variant,5BHMP,315834,10.48580/dgykv,https://www.checklistbank.org/dataset/315834,Catalogue of Life 2026-07-17 XR
species,30901,Vipera ursinii,species,Meadow Viper,Reptilia,2,677,http://en.wikipedia.org/wiki/Vipera_ursinii,https://static.inaturalist.org/photos/46498078/medium.jpg,,"(c) Clo, all rights reserved, uploaded by Clo",Vipera ursinii,Vipera ursinii,7FTHQ,Vipera ursinii,Vipera ursinii,variant,,,Eukaryota|Animalia|Chordata|Vertebrata|Gnathostomata|Osteichthyes|Tetrapoda|Reptilia|Squamata|Serpentes|Alethinophidia|Viperidae|Viperinae|Vipera|Vipera ursinii,,species,species,Catalogue of Life,1,Eukaryota,Animalia,Chordata,Reptilia,Squamata,Viperidae,Vipera,accepted,variant,7FTHQ,315834,10.48580/dgykv,https://www.checklistbank.org/dataset/315834,Catalogue of Life 2026-07-17 XR
species,741459,Viscaria vulgaris,species,Sticky Catchfly,Plantae,2,18652,http://en.wikipedia.org/wiki/Silene_viscaria,https://inaturalist-open-data.s3.amazonaws.com/photos/78106404/medium.jpg,cc-by-nc,"(c) Sergey Mayorov, some rights reserved (CC BY-NC), uploaded by Sergey Mayorov",Viscaria vulgaris,Viscaria vulgaris,5BK9V,Viscaria vulgaris,Viscaria vulgaris,variant,,,Eukaryota|Plantae|Pteridobiotina|Tracheophyta|Magnoliopsida|Caryophyllales|Caryophyllaceae|Sileneae|Viscaria|Viscaria vulgaris,,species,species,Catalogue of Life,1,Eukaryota,Plantae,Tracheophyta,Magnoliopsida,Caryophyllales,Caryophyllaceae,Viscaria,accepted,variant,5BK9V,315834,10.48580/dgykv,https://www.checklistbank.org/dataset/315834,Catalogue of Life 2026-07-17 XR
species,42069,Vulpes vulpes,species,Red Fox,Mammalia,2,153000,http://en.wikipedia.org/wiki/Red_fox,https://static.inaturalist.org/photos/265916780/medium.jpg,,"(c) Pierre Noel, all rights reserved, uploaded by Pierre Noel",Vulpes vulpes,Vulpes vulpes,5BSG3,Vulpes vulpes,Vulpes vulpes,variant,,,Eukaryota|Animalia|Chordata|Vertebrata|Gnathostomata|Osteichthyes|Tetrapoda|Mammalia|Theria|Eutheria|Carnivora|Caniformia|Canidae|Vulpes|Vulpes vulpes,,species,species,Catalogue of Life,1,Eukaryota,Animalia,Chordata,Mammalia,Carnivora,Canidae,Vulpes,accepted,variant,5BSG3,315834,10.48580/dgykv,https://www.checklistbank.org/dataset/315834,Catalogue of Life 2026-07-17 XR
species,55576,Xanthoria parietina,species,Common Sunburst Lichen,Fungi,1,110905,https://en.wikipedia.org/wiki/Xanthoria_parietina,https://inaturalist-open-data.s3.amazonaws.com/photos/242377236/medium.jpg,cc-by-nc,"(c) viktoria1111, some rights reserved (CC BY-NC)",Xanthoria parietina,Xanthoria parietina,5C86X,Xanthoria parietina,Xanthoria parietina,variant,,,Eukaryota|Fungi|Ascomycota|Lecanoromycetes|Teloschistales|Teloschistaceae|Xanthoria|Xanthoria parietina,,species,species,Catalogue of Life,1,Eukaryota,Fungi,Ascomycota,Lecanoromycetes,Teloschistales,Teloschistaceae,Xanthoria,accepted,variant,5C86X,315834,10.48580/dgykv,https://www.checklistbank.org/dataset/315834,Catalogue of Life 2026-07-17 XR
species,124145,Xylocopa violacea,species,Violet Carpenter Bee,Insecta,1,21171,http://en.wikipedia.org/wiki/Xylocopa_violacea,https://inaturalist-open-data.s3.amazonaws.com/photos/471610276/medium.jpg,cc-by-nc,"(c) Francis Forlivesi, some rights reserved (CC BY-NC), uploaded by Francis Forlivesi",Xylocopa violacea,Xylocopa violacea,7FYMD,Xylocopa violacea,Xylocopa violacea,variant,,,Eukaryota|Animalia|Arthropoda|Hexapoda|Insecta|Hymenoptera|Apocrita|Aculeata|Apoidea|Apidae|Xylocopinae|Xylocopini|Xylocopa|Xylocopa violacea,,species,species,Catalogue of Life,1,Eukaryota,Animalia,Arthropoda,Insecta,Hymenoptera,Apidae,Xylocopa,accepted,variant,7FYMD,315834,10.48580/dgykv,https://www.checklistbank.org/dataset/315834,Catalogue of Life 2026-07-17 XR
species,35453,Zootoca vivipara,species,Viviparous Lizard,Reptilia,2,36282,http://en.wikipedia.org/wiki/Viviparous_lizard,https://static.inaturalist.org/photos/6227870/medium.jpg,,"(c) Thor Håkonsen, all rights reserved, uploaded by Thor Håkonsen",Zootoca vivipara,Zootoca vivipara,5D7Q2,Zootoca vivipara,Zootoca vivipara,variant,,,Eukaryota|Animalia|Chordata|Vertebrata|Gnathostomata|Osteichthyes|Tetrapoda|Reptilia|Squamata|Autarchoglossa|Lacertidae|Zootoca|Zootoca vivipara,,species,species,Catalogue of Life,1,Eukaryota,Animalia,Chordata,Reptilia,Squamata,Lacertidae,Zootoca,accepted,variant,5D7Q2,315834,10.48580/dgykv,https://www.checklistbank.org/dataset/315834,Catalogue of Life 2026-07-17 XR
species,62083,Zygaena filipendulae,species,Six-spot Burnet,Insecta,2,32666,http://en.wikipedia.org/wiki/Six-spot_burnet,https://inaturalist-open-data.s3.amazonaws.com/photos/91680356/medium.jpg,cc-by-nc,"(c) Michel Renou, some rights reserved (CC BY-NC), uploaded by Michel Renou",Zygaena (Zygaena) filipendulae,Zygaena (Zygaena) filipendulae,5D9P3,Zygaena filipendulae,Zygaena (Zygaena) filipendulae,variant,,,Eukaryota|Animalia|Arthropoda|Hexapoda|Insecta|Lepidoptera|Zygaenoidea|Zygaenidae|Zygaeninae|Zygaena|Zygaena (Zygaena)|Zygaena (Zygaena) filipendulae,,species,species,Catalogue of Life,1,Eukaryota,Animalia,Arthropoda,Insecta,Lepidoptera,Zygaenidae,Zygaena,accepted,variant,5D9P3,315834,10.48580/dgykv,https://www.checklistbank.org/dataset/315834,Catalogue of Life 2026-07-17 XR
